2DFFDF7BF17F
57FA80EDF13F
47F97F5DF6DF
27FEFF0BF3BF
F7F67F3DF5BF
3DFD5FA7FA00
BBFAFF73F5DF
35F0DF5FF0FF
15FD3F47F97F
8FFEFF83F33F
17F7BFC3FEBF
43F6DF67FDFF
4DFADF5BF9BF
4DF13FBFF5BF
BBF0FF63F7BF
83FD9F1BF77F
0FF37F73F8BF
43F3DF1FF2FF
63F63F37FBBF
6DF3DF7FFB7F
0DFB5FF7F0FF
BFFE7F43F9BF
97F0BF93F63F
F3FEDF93F77F
9FF20013F43F
C3F0BF0FF27F
4BF87F03FE3F
43F1DFEBF07F
35F1DFAFFAFF
B3F8BFDBF37F
37F0FF6DF53F
BBF1BFBBFCBF
6FFBBFADF13F
7BF2BF93F63F
B3FDDF2FF47F
A7FEFF03F2DF
0DF23FCFF27F
37FF7FD3FBBF
F7F4FF4BF6BF
4DF63F3BF3BF
B009BF43F9DF
73F1DF50007F
F9F5DFEFF3BF
D7FFBFD3F43F
8DF0DFCFFD7F
3FF7BF7DF73F
BFF37F2BF73F
2BF77FB3F8BF
97F1000BF23F
000EFFCBF23F
47FAFF0BFABF
85F07F53FB7F
37FFBF39F9DF
3DF13F2FF27F
07F7BF53F9BF
0DF8BFA7FCBF
6FFD7FDBF73F
1DF5DF97F73F
BFF87FF5F43F
EBF67F2BF43F
A00B7F9DF4FF
D7FDDFB3F87F
65F27F9FF77F
77F4FFCFF3DF
EBFBFFABFC7F
1DF5DFEFF77F
FBFABF7DF8BF
CBFB5F47FE7F
53F53FF7FA7F
13F7BF1DFA7F
4DFC3F9FF87F
AFF17F03F23F
1BFF7F1DF83F
37F07F83F07F
27F77FA3F67F
6FF00057F9DF
5FF7BF9DFCBF
C3F73F17F73F
65F33F47FEFF
F7F07F8FF3DF
4DF83F2FF27F
6BFC7FABF2DF
4FF97FFDFBBF
080FBF1DF53F
2DFEDFE7F4FF
D7F17F0008BF
FDFADF77FF00
77F47F43F1BF
CDF55FDBFA7F
CBFDDFE7F2FF
25FC3F77F3FF
65FA3FDFFFFF
5DF75F97F17F
B7FC7F0DF7BF
E00B7F53F3BF
8009FF27FBBF
3DFB3F07F27F
43F5DF57F1BF
55FE3F37FAFF
53F65F0FF1BF
77F0FF63F7DF
4DF7DFD3FFBF
F7F27FE3F47F
3BF93F27FE7F
BDF63F47F3BF
0FF97FE3FC7F
7BF17F03F33F
75FA5F7BFD7F
EDF83FF7F5BF
CFF7BF33F1BF
0FF6BFFBF3BF
DDFDDF67F8FF
6FF00013F63F
17FC00D3FDBF
6BF4FFEBF63F
600AFFDDFA3F
63FDDFB7F27F
3FFE7F3DFCFF
EBF5BFD3F07F
5BF1FF5BFA7F
03FA3FBBFCBF
2FF2FFDDFE3F
5DFCDFF7F6BF
2DFBDF37F27F
E7F47FCBF1BF
FBF4FFEBF7DF
E7FFBFE3F0BF
A7F2FFD3FBBF
F5FEDF9FF480
400A7F03F3DF
2BF51F600D7F
4FF20043FFDF
8FFEBF1DF03F
35FD3F57FE00
BDF6DF57F17F
E5F1DFFBF5FF
3BFF7F2BF07F
D5F1DF6FFBFF
97F77F73F5BF
35FA5FEFFE7F
8FFDFFDBF7BF
BDF23F77F4FF
33F23F0FFCBF
B7FF7F73F2DF
3DFCDF6BF37F
C5FDDF17FCFF
95F4DFF7FB3F
E7F5BF1DF2BF
5BF7BF1BF0BF
5FF57F43FCBF
7DF8BF37F47F
3DFA5FC7FA7F
E3F65FDFFD80
65F9DFEFF0FF
1DF03F0BF3BF
B9F65F37F57F
05FCDFF7F37F
0FFA7FDBF53F
25FFDFC7FCBF
E7FB3F4BF83F
37F77F4BFB3F
DFFBBF53FB3F
53FFDFCFF97F
47FEBFBDFA3F
0FF73FA5F4BF
9BFB7F2DF13F
E5FFDF3FFCFF
55FDDF37F9FF
EDF73FB7FC7F
73FDBFEBFDBF
600C7FEBFCBF
DDF5DFCBF07F
63F03F6FF1FF
7DFB3F7BFA7F
1FFFBF8BF63F
FBF57FB3F2DF
2BF07FD3F5BF
C3F9DFFBFCBF
D006FFF3F9BF
95FEDF87F6FF
13FC5F67F6BF
DBF9FFEDF7BF
23F45F27FA7F
A80FBFC3FFBF
03FBDF2FF000
03F83FFBFD7F
C004FFF3F23F
25FCBFDFF17F
A7FBBF9BF97F
FBF77F47FE3F
4DF3DF1000FF
4FF47F13F4BF
4FF8FFBDF0BF
ABF5BFC3F37F
7DF93F6FF5FF
E7FDFF0DF57F
4FF8FF1DF57F
8FFD7F3DF33F
D7F9BFADFDBF
67F27FCBF0BF
93F2BFDBF9FF
F5F35F47F37F
3004FF5DF3DF
07FA7FF5F93F
03FADF47F9FF
AFFF7F53F2BF
43F4BF5BFE7F
87F30007F03F
D5F95FF7F07F
ABFFBF9BF43F
97F3FFA3F03F
35F05F5FFABF
03F9DF57FC7F
3DF8BF47F17F
ADF3DF23F87F
D3F05FC7F97F
BDFC3F77FCFF
DDF43FB7F300
CDFDDF6FF2BF
D7F17FB3FFDF
65FC5F9FF7BF
8DFEDFB7F07F
67F8BFBDF33F
BFFBFFBDFBBF
23F43F480DBF
C7F8FFF3FA7F
EDFD3F57F9FF
EDFD3F000C7F
FBF4BF3BF93F
3BF9FF83F1BF
CFF27FD3F7DF
67F00043F87F
3DFD3FD7FC7F
CDF5DF8007BF
3FF47FE7F73F
23F15F57F47F
37F8FF2BF3BF
A001FFD3FD3F
23F8BFB0007F
B5FFDF87FCBF
95F4DF07F67F
27FFBFA3FE3F
5BFB7FF3FD3F
BFF07FFBF7BF
5FF67F8BF3DF
7FFA3F63F600
EBF63F5FFA7F
C00F7F1DF87F
77F77FF3F0BF
87F0FFF3F07F
45F6DFFBFBBF
200FBFA7F17F
65FEDF77F77F
03FD5FC3FA7F
FBFB7FBBF9BF
7DFD3F000CFF
97F1FF73F8BF
23FB3F97FCFF
80057F8DFFDF
F7FB7FF3FC3F
8BFD3F03F93F
05F0DF7BF87F
39F1DF6FF1FF
73F57FE3F73F
B7FDBFE3F1DF
B5F63F7FF37F
4DF35F13F77F
FBFBBF07F6DF
07F8FFEDF23F
6BF1FF2BF2DF
B7F9BFC7F5DF
F3FD3FE7F3BF
6BFA3FF7F1FF
4DF03F4006FF
2FF9BF8BF8FF
23FE5FFBFB7F
7DF75F57F500
B7F8FF23F73F
03F5DF6007BF
23F79F37F97F
3DF79FAFF27F
67F5FF5BFABF
DDF43F0007BF
63FFDFCFFA7F
B9F2DF1FF57F
05F8BFCFFA7F
BFF17FB5F2BF
ABFA7F23F17F
77F77F93F0BF
8003BFCBF15F
1DF2DFA7FAFF
09F75F67FDBF
8DF4DF07F57F
57F200E5FADF
ADF65F07F1BF
65F83F67F9FF
73FE5FC7FDBF
53F1DF6BFAFF
2BFAFF83F4BF
03FB3F3BF07F
4BF8DFD7FCBF
0FF47FB5FC3F
BDF9DFA7FF7F
4FF9FF5BFBBF
8FF27F5BF1DF
3BFF7F8DF93F
9DF9DF77F87F
25F83FA7F17F
CFFEFFB3FCDF
EDF3DF07F4FF
F5F7DF5BF3BF
EDF03F9BF7BF
05FCDF1BF53F
65FADFBFFC7F
DBF4BFDBF53F
73F13FC7F0FF
47FABFCBF43F
8DF5DFD7FD7F
0BFBBF47FFBF
5DF03F1BF5FF
FDF7DF97F1BF
F7F17F7BFFDF
83FB5F0FF5BF
43F65FB3F4BF
E3F73FC7F4FF
C3F93F97FF7F
E7F17FFDF2BF
B5F75F37F3BF
23F1BF1BF37F
000DFF33F8BF
BBF9BF3DFEBF
A7F9FF8BF4BF
9DF4DF57FF3F
3BFEFFA3F83F
7BF55F6FF0FF
C7FB7F5BF53F
9BF87F13F3DF
2DF8DF77F7FF
E3F23F3FFDBF
1FF5FFA3F5BF
53F23F27FA7F
4DFBBF8FFA00
5FF1FF83F5DF
93F4DF0FF57F
080C7F93FFBF
DBF47FB3F9BF
EDF4DFC7FFBF
53FBBFFBF500
BDF6DF67F400
7DF53F77F6FF
1DFADF57FEFF
5BF07F83FDDF
1BFB7F23F5BF
CFF0FFF3F67F
0DF0DF67F27F
B7FE7F87F03F
4DF4DF47F07F
3FF47FB3FC3F
35FE3FD7F000
FBF7BFBDF1BF
3BF67F13F23F
83FC3FBBF13F
2FF47FF3FF3F
5DF55F6BF9BF
DDFB3F2008FF
6DF75F07F77F
B5F43FF7F4FF
CBF75F4BF6FF
BBFD7FE3F6BF
FBFD7FB3F73F
2FF5BFEBFD3F
ABFDDF27F5BF
7FF8009DFB3F
03F2DF97F8BF
80087F63F53F
EDF2DF6FFEBF
35F9DF27F0FF
D7F47F73FCBF
4FFF7FBDF53F
E3F57F93F7BF
43FDDF00037F
BDFF5FB7F47F
1BFD7F13F7DF
DBF73FB3F4BF
2FFB7F47F6BF
B9F4BF87F57F
A5FEDF77F7FF
2FF300D3F33F
37F7BFCFFBDF
BBF07F2DF9BF
C3F0DFABF37F
33FEDF7FF13F
4BF47F7BFEBF
5FF77F5DFF5F
15F63F0FFEBF
CDF4DF0FF07F
43FD5FE7F2FF
33F7BFBDF47F
7BF1BF3BF3BF
F7F67F4BF53F
37F1FF33F27F
85FB5F1BF53F
B3F63FDFFDBF
4FF1BF83F0BF
3FF07F13F9BF
B3F07F1DF13F
200D7F8DFC7F
23F9DF73F27F
57F47FADFC7F
4FF1BF13FC3F
EDF2DFD7FBBF
BFF37F0BF53F
F7FFBF2DF0BF
FDF43FFDFF7F
6DF53F87F47F
DDF2DF87F33F
67F0FFFBF27F
0FFE7FE7FCBF
4DF7DF3BF57F
F9F03F4FFBBF
8DFEDF97F67F
4BF47FB3F87F
47F77FFDF33F
A3FD5F17F400
6DFD3F57F27F
6DF75F47F3BF
F5F1DF4FF97F
C7F77F4BF33F
83F43F80017F
83F0DF47F37F
2BF57F7BF33F
DFFB7F5DF3BF
17FC7F6BF0BF
7BF67FB3FB3F
4DF4DFBFF4FF
7BF17F8BF23F
55F3DF57FCFF
D7F4FF33FEBF
2FFD7FA3F73F
95F35FE7FE7F
75FCDF6FF5FF
6BF1DF9BFC7F
ADF13F3FFDFF
1BF17F5DF93F
1BFCFFE3F03F
A5F4BFD7FC00
EDF4DF57F4FF
03F93FD7F17F
3FFD7FC3FE3F
77FAFFF3F13F
DFFB3FD3F53F
B3F27F9FF93F
37F5BF75F4BF
3DF75F0003BF
AFF67FB3FDDF
87F6FF5DF5DF
77F73FBBF6BF
B3FD3F3BF07F
4BF5FF3DF93F
97F7BF9BF63F
63F95F4FF8FF
65F73FD7F4BF
6FF0BFABF93F
7DF83F57F3FF
93F8DFC7F33F
53FC5FF7F1FF
93F75F87F4BF
DBFA7F93FFDF
4BFCFF0BF3DF
87FA7F3DFFDF
EBFEFFBDF33F
37FDBFDDF0BF
D5FE3F1BF5BF
75FF3F97F6BF
E7F4FFCDF47F
6DFA7F87F43F
4DF35F5BF0BF
7000FFA3F0BF
CFF37FEBFFDF
0DFDDF7BFCFF
B7F5BF43F63F
0BFF7FABFFDF
5BF37F8BF4BF
5BF37FDBF47F
FBF07FADFB7F
47F47F0BF23F
2DF5DF57FDBF
40037F8DF6BF
CFF4BF13F9DF
57F4FF3BFC3F
97F0FF4BF3BF
3DF35FCFFABF
23F63F9BF77F
D5F63FE7F17F
1BF5BF03F67F
E3FF5FCBF57F
FBF7DFE5F9BF
40027F27F73F
6FF97F6DF23F
83F8DFCBFA7F
43F53F67F97F
4FFF5F43F07F
95FDDFC7F8FF
2DFEDFCFF27F
7BFA7F7DFD3F
37FC7F43F33F
35F4DF77FDFF
BBF73F67F17F
6BFDFFCBFDBF
77F67FB3FE3F
87FCFFBBF47F
20050073F7BF
EBF5DFBBF87F
03F43F97F27F
7DF4BFABF6BF
67F8FFA3F8BF
63FF5F97F27F
F5FFDF9FF17F
AFFEFF4BF5BF
2DFC3F63F17F
83F13F6BFAFF
EBFE3F0FF8FF
AFFABF4DF3BF
F7F6FF7DF23F
87FB3FD3FABF
C7FA7F4BFE3F
0BF5DFAFFEBF
1DF3BF67FA7F
27FE7FA3FA7F
07F80003F23F
BFF87F53FDBF
15F33FAFF2FF
37F83F0BFFDF
33F33FF7F57F
FBF67FD3F03F
1BF1DF7FF1BF
13FD3F20037F
57F0FFCBFCBF
C7FD7FD3FF3F
77F8BF63F13F
F5FE5F87FE3F
3BFD7F8BF73F
ADFCDF400E7F
55F4DF47F6FF
B5F55F4FF87F
7FF4FFABF5BF
FBF5BFF3FABF
B5F2DF9FFF7F
3DF83F27F57F
77F07F2DF83F
3BFC7FC3F83F
59FADFDBF17F
F7F07F43F4BF
D7FC7F0BF1BF
95F2DFC7F97F
F3F1DF9FFFBF
2DFC5F0FF87F
CDF03F6BF5FF
C5F93F2BFE7F
47FDBF65FEBF
93F6DFAFFD3F
7BF33F7FF5BF
37FC7FEBFCBF
4DF75F5FFC00
1DF1DFA7F3BF
F7F87F1DFBDF
2FFEFF43F07F
73FB5FABF5BF
EBFC7FDBF2BF
97F3FF7BFA3F
EFF97FB7F03F
C3F8BFA7FDFF
6DFC3F47F2FF
FFF77FD3F9DF
6DF75FE7FB7F
27FE3F3BF17F
C3F35F0FF1BF
35F33FC003BF
C3F5DF5FF17F
FDF03F6FFBBF
5BF6BF73F53F
77FB00C3F2BF
DBF3BF7DFFBF
BBF97FEBFB7F
13F6BF8BF63F
A7F67F63FBBF
35F13FA7F7BF
FDFB5F87FA7F
97FBBFEDF4BF
6BFDBF5BF0BF
FBF47FABFABF
55FC3F27FE3F
D5F13F27FCBF
95F33FA0007F
7BF73FE3FB3F
1DF33F77F57F
B5FBDF07FB7F
C7F0FF5DFDBF
B7FAFFEBF73F
B7F87F5DF9BF
37F5BFDBFFBF
83F33FABF200
3DFFDF17F2FF
7BFB3F1DFD3F
7BFFFF23FDDF
DFF8007BF43F
8BF7BFC3F87F
A5F53F87FAFF
95F69FCFF37F
45FADF83F0FF
E5F4BF77F2BF
200B7F23F63F
6FF0FF23F55F
FFFDBFEDF07F
DBF4BF6BF63F
9DF8BF37F8FF
A7FF7FFBF75F
67F17FFDF2BF
D5F9DF5BFEFF
1FF4FF1DFA3F
C7F97F2BF73F
07F47F83FC7F
59FE3FFFFD3F
CFF5FF7BFB3F
5FF47FCBFBDF
6DF4BF77FC00
27F37FFDF63F
6FFF7FA3F2BF
83F6DFFFF600
39FD3F1FF3BF
E7F2FF43F8BF
97F4FF9DF73F
EDF43F07FFBF
9FFA7FF3FC3F
FDF03F37F8FF
63F13F0FF6FF
E7F6FFF3FD3F
9DF9DF8BF4FF
93F63F57FCBF
D7FCBF2BFE3F
CFF67FEDF1DF
0DFA5F9FF0FF
D5F07FDBFF7F
4003FFB3F0BF
6FF47FD3F9BF
C3F33F6FFEFF
6DFA3F4FFBBF
2FFEFFA3FABF
3BF37FD3FE3F
EFF57F1DF33F
27F87F8BF8BF
F5F23F97F77F
57F97FFDF53F
BFF33F53FE7F
23F0DF37F6FF
C5FCDF37F17F
E7FFBF83F0FF
F3FBDF4FF67F
55FC3FABF47F
8FF77F63F7DF
07F07FF3FABF
D5F8BFB7FBBF
73F67F0BF9BF
77FAFF9DF8BF
37FBFF33F6BF
AFFCFF9DF0BF
5DFFDF8FF1FF
0FFFBF6BFCBF
97F87F9BF8BF
E7FF3F3BF73F
9DFABF47FB3F
95FF5F2BFF7F
23F03F40097F
53F1DF0FF2FF
EDFCBFA7F77F
D5F23F2FFD7F
C00FBFABF0FF
D7F6BFCBFBDF
9BF4FF73F0BF
1FF67FB3FDBF
57F9FF7BFA3F
17FFFFBDFFDF
73F03FCFF6FF
0DFDDFFBF57F
40077F1DF3DF
4DF65FBBFFBF
3FF47F4DFB3F
97F80023F0FF
4DFADF17F9BF
7FFE7F0BF9BF
7DFC3F07F7BF
5DF5DFC80600
FBFF7F83FF3F
6DFC3FA7FBBF
CDF55FE7FB7F
40077FB5F1BF
2DF9DFBBF4BF
6BF1BF63FA3F
35F23F87FE3F
97F17F03FEBF
13FB3FFBFEBF
F5F5DFEFFABF
EDFADFC7F2BF
0DF15F77F27F
1004FFD3F63F
5DF43FDBF5BF
1DFADFEFF97F
8DF4DF97F9BF
CFF17F1BF23F
13FBBF9FFCFF
6DF43F17FCFF
C7F77F53F53F
15F8DF07FF3F
ABF6BFF3F73F
9DF1DFB7F07F
63F6DFABF07F
9FF0FFD3F23F
7DF55F1FF77F
6DFFDF1BF37F
55F7DFBFFBFF
55F3DF07FF7F
9BFD3FEFFFBF
03F93FF3FF7F
3BFB3FB7F93F
BDF5DF37FE7F
2FFFBF23FABF
E3FD3FAFF87F
ABFAFFC7F2BF
7BF77FA3FEBF
10077F1BFA3F
53FDDFB7F93F
43FF5FEFF7BF
27FCBF13FEDF
5DFADF8FF87F
D3F2FFE3F73F
800E7F4BF2DF
2004BFA3F57F
2FFCFF13F63F
0FFFBFFDF83F
D5F0BF97F9FF
E5FCDF0FF1BF
9BF1BFDDF53F
B3F67F13F6DF
5BFD3F73FB3F
D7F37F6BF03F
27F77F77F9BF
E5F4DF77F67F
BBF17F0DF23F
57FBFF1DFA5F
9DF9DFD3FABF
93FB3F17F0FF
200AFF13F83F
B5F63FB3F3FF
35F8DF97F4FF
BBFBBF25FF7F
83F75F4FF300
47F6FFDBF33F
4BFCBF3FFBBF
3BF27FEDFBDF
A3FBDFA7FB7F
ABF2FF13F4FF
37FC7F6DFEBF
E7F3FF33FFBF
BDF3DF07FEBF
47F1BFFBFE3F
E3FFDFA7F53F
7DF8DF4FFE00
35FFDF6BF97F
F7FA7F43FEBF
4FFE3FF5F3DF
A5F5DFEFF3FF
67F67F2DF87F
43F15F67F9BF
97F17FE5F63F
37F4FF3DFDDF
BDF63F17F97F
2FF33F33F9BF
77FFDFFDF9DF
EDFDDFCBF0BF
9DF63FA7FA7F
1FF27F6BF6DF
43F33FDBF7FF
45FDDFFBFB7F
15F7DF97F57F
C3F8BFD7F13F
8DF13FF7F37F
B3F63F2BFEFF
6BF2BF83F3FF
F7F37FF3F4BF
63F93F5BF23F
63F45F87FE7F
65FDBF60077F
9DFC3FA7FD7F
0FFF7F7DFEBF
77F37FEBFCBF
BBF57F33F07F
79F55F8BF1FF
0DF3BF3FF2BF
E7FBFF43FDBF
EFF4FF0BF3BF
69F63FCFF37F
F7F3FF93F03F
4BF23F67F4BF
F7F4FF2BFBBF
47F37FEBFE7F
1FF3BF8BFC7F
9FF67FA3F3DF
23FF5F97F5BF
4DFA3FFBF77F
97FCFFABFADF
6BF47F9BF2BF
BBFA7FABF5BF
1FFA009BF23F
03F73F57F0BF
43F9BF3FF1FF
9FF9BFFDF9BF
03F33F67F2BF
2DF95F8FFE7F
E5F03F87F13F
27FB7F0BFB5F
C7FF7FDBFE7F
EDF2BF6FF17F
39FB5F77FF7F
DFF17F73F6BF
4DFE3F8FFC7F
95F93F7FFA7F
B5F23F07F400
BDF23FF7F5FF
FBFD7FCBFD5F
E3F53FF3FFBF
63F0DFE7FEBF
2BF0FF7DF6DF
2DF23F47F0FF
4DF6DF17F77F
8FF77FCDF6BF
A7F0FFDBF93F
3DFE5F77F47F
30087F33F9BF
CDF53F57FE7F
23F13F37F47F
B3F0DFCFF57F
63F4BFE00BFF
D5FA3FDBF67F
2FF57FBDFF3F
E5F75F1BFB7F
C7F0FF3DFA7F
FBF47F33FBBF
F3F7DF77FE7F
8DFF5FCBF2FF
95F25F1FFDBF
B7F600B3F57F
BDF63FF7FBBF
FBFEFF7BFBDF
CFFFBF3DFB3F
4FF77FB3F2BF
B00AFF23F73F
B7FBFF63FEBF
43FEDF37F3FF
1BF17F35F83F
9DF13FC7F5BF
4BF03F97FCBF
A7FC006BFDBF
BDF23FAFFA7F
0DF15F07F17F
57F5BF93F73F
5BF67FC3F87F
DDFDDF5BF87F
6FF77F65FA7F
300100EDF87F
47F3BFD3FEDF
05FABFE7FEBF
07FD7F4DF63F
FBF1FF53F15F
FDF6DFEBFBBF
FDF55FBBF1BF
EDFD3FF7F0FF
1FFB7FBDF23F
ADFFDF9FFDFF
D5F1DF17F000
67F97F55FBDF
75FC3FCFFB7F
2DFA3F27F2FF
A7F6FF7DFEBF
77F2FF6BF73F
27FB7F63FEBF
3DFEDFF7FBBF
B5F7DF87FDBF
BBF1FF6BF43F
47FFBFD3F33F
BBF7BF93F13F
ADF1DF7BF17F
97FB7F43F03F
03FADFCFFBBF
200FFFC3F6BF
3DF4DF5BF5FF
6DFC3F9FFA7F
F7F5BFB5FE3F
A7F5BF43F63F
AFF4FF9BF9BF
6FF3BF7DF0BF
CBF1FF5DF23F
DFF4FFADF73F
07FE7F8DF1DF
800FBF6DF73F
4DF55F37F17F
E7F0FFD3FDBF
23FF5F2008BF
B7F5BF63F43F
2FFD7FB3F7BF
FBF67FEDFF3F
FDFFDF3FF17F
75FFDFB3F97F
DDF0BF97F27F
9DFD5FEFF23F
27F0BFF3F7BF
7DFE3F6BF8FF
47F73F03F6BF
1FF400B3FCBF
67F7FF43F27F
87FF5FF3F9BF
57FA7FC3F4BF
4FF6FF27F53F
C0097FCBF13F
CDF93F100CFF
8DF03FFFFDBF
CFF57F7DFB3F
6BF17F4DFEBF
FBF5BFE3F03F
7DF7DFA7FDBF
4FFBBF83FC3F
ADFEDF77F4BF
5DF75FBFF7FF
59F87FF7FA7F
6BFE7F93F87F
8BF93F57F17F
DDF7DF97F77F
5DFADF2FFA00
BBFCFFC7F63F
9BFBDF97FF3F
FBFB7F03FA3F
AFF2FF47FA3F
C0017F83F83F
9FFF7F33FF5F
77FAFF73FA3F
FBFEFF13F53F
8FF6FF9DFA3F
57F57F3DF5DF
39F45FF7F6BF
DDFADFE7FD3F
DFF07F63F27F
43F73FF3FC7F
FBFBFFF5FDBF
D7FBFF1BFF3F
3DFD5F67F8FF
6BF0FF93FA3F
93F0DFD7F3BF
BBF4BFADF13F
33F1DFE7FAFF
6BF37F33F93F
EFFCFF7DFD3F
1FF3BF03FF3F
800AFFABF03F
C7FA7F5BFB3F
DBF93F87F0FF
DDF15F67F57F
6DF3DF97F77F
43F79FEFF07F
8BFDDF7BF5FF
5BFC3FD3F2FF
DDFEDF9FF4FF
A3F23F7BF5BF
99FFDF3BF2BF
EBF9BF0BFABF
E7FE7F33F93F
43FDDF37FC7F
DBF77F53F17F
7BF37F23F2BF
49F63F97FBFF
4FFD3FD3F23F
03F1FF43F4BF
63FEDF2FF77F
3BF0FF1BF63F
43F53F1FF27F
6FFF3F8DFE7F
E5F4DF57F57F
8FF8FF1DF53F
E5F9DFF7FF7F
2BF4FFFBFFBF
27F2FFCDF5DF
75FEDF7FFDBF
65F5DF77FD3F
1DFD5F7BF3BF
5BF23F67F0BF
4FF57F83FCBF
37F57F3BF75F
FBF57F6BF5BF
35F7DFD7F9FF
67FBBFE3FC3F
2FFE7F15F0DF
EDF4DF07F2FF
1FF97F7BFD3F
47F00013FF3F
E7FEFF1BFD3F
8FFD7F63FDBF
8DFB5F9FFFBF
F5F1BFC7FF7F
1DF83FFFF53F
8BFFDF5BF27F
0000BF8BFF3F
D5FB5FF3F6FF
0004FFBDFB3F
5BF7BFC7FCBF
97F1FF73FF3F
7BF6FF7DF9BF
6BF17FB3F5BF
F9F1DF87FAFF
97FCFF93F8BF
DBF8FFE3F23F
0DFCDFD7F17F
17FD7F73FA3F
F5F03FC7F3BF
2DF69F87F3BF
FFF5FF0BF0BF
87FD7F73FA3F
DFF8BF7DFEBF
4BFCDFA7F87F
23F2DFD7F13F
C3FADFEBF800
79F1DF73F27F
9DF8BF5BFABF
07F07F4BF87F
B7FCBF13FBDF
2DFC5F47F000
03FBDF1BFBBF
1DFD5F17F8FF
AFFDBF73F6BF
F0087FD3FD3F
37F37F6BFEBF
57F3BFF3F5BF
13F5BFB7F87F
77FA7FDDF07F
03F93FB7F47F
1DF83FF7F800
DDFBDFA0037F
2FFE7FF3F27F
27FF7FE3F6BF
0FF67F9BFB3F
3DFE3F3FF57F
00077FC3FFDF
1FF3FF5BF1BF
2DF0DF67F7BF
9DFF5FE7F67F
E7FF7FB3F87F
EFF400F3F33F
8FF97F2BF5BF
7BF4FFA3FE3F
5BF97F43F43F
8DFEDF5FF27F
ADFEDF5FF97F
6BFADFE7F77F
DFF07FADFC7F
FDFF5F3BF7BF
27F8FFA3FFBF
83F43FE7FF7F
FBFA002DF5DF
15F43FAFFD7F
2FFF3F3DF57F
EDFBDF93F07F
A003BFEDFEDF
1DFE3F3BF9FF
DFF3BF4DFABF
6BF1FF53FB3F
FFFFBF8BFBDF
D7F4BF1BF73F
77F40025FD3F
A7F2FFF3F4BF
0DFB3F27FE7F
1BF17F7BF0DF
8DFA3F17FCBF
EFF5FF5BFA3F
B3F0805BF53F
9FF77F63F9BF
4BF4FFB5FA3F
25F3DFFFF9FF
2DFA5FA00DBF
69F0BF400C7F
BFFD00ABF5BF
1DFC3F87F57F
17FDBF93F2DF
0BFF7FB7FFDF
73F7DF9FFBBF
B5F0DF400BBF
1FF0FF13FA3F
0DF4BFCBF700
9DF4BF87F27F
B7F77F83F9BF
13F73FAFF2FF
A7FD7F13F03F
9BF1BF0BFF3F
27FC7F17F13F
E7FFBFE3F0BF
E7F67FABF23F
D3FE5FABF57F
C3F75F7FFC7F
67FCFF7DF03F
1BF27FC7FC3F
FFF8FF0BFF5F
B5F43FD00800
B9F53FABF7BF
83FBDFB7F6BF
BBFC7FEDF73F
5DFADF07F47F
75F35F0FF07F
9FFA003DFDBF
DBF67F7DF1DF
D007FF75FBDF
0DF79FDFF07F
17FC7FCBF23F
E7FAFFDBFB3F
97F5FF33FDDF
C7F2BF6DFB7F
D7F5FFB3FEBF
65F13FAFF0FF
E7FE7F83F1DF
63FB5FB3F5FF
93F3DF8FF47F
BDF43FFBFF7F
3BFCBF2BF0BF
77F87FE3F57F
0DFA3FBBF07F
F7F17F9BF0BF
6FF93FA3F33F
ADF63F0BFBFF
79FCBFDFF7BF
B7F4FF45F55F
47F3FF13FBDF
D7F3FF1DF0BF
B7F9FF8DFB3F
13F7DF7FF57F
0DF13FFBF7BF
FBFFDF07FAFF
E3FF5F47F57F
2DF65F9BF97F
35FA3F5FFCBF
C7F17F7BFFDF
2FFBBFE3F6BF
9BF37F4DF87F
0DF1DFAFFB7F
05FE5F2FFA7F
D5F43F3FF0FF
F7F67F5BFE3F
63FE3FDFF77F
EFF37F7BFCBF
D7F57FF3FCBF
55F7DFB7FBBF
9FFD7FE5F9BF
5FF00035F43F
3DF7DFC7F37F
EBF73FEFF6FF
E3FEDFA7F7FF
AFFD7F43F83F
D00E7FC3FA3F
63F1DFAFFC7F
0BF9BFBDF6BF
C7F97FEBF7BF
23FA5F03FD7F
07F8006BF63F
73FD7F73F43F
75FEDF57FB7F
07F57FA3FF3F
BDF83F6FF27F
7DF1DF97FEBF
3DF8DF67FEBF
97F6BF25F47F
3FF500CBF0BF
57FBBF53F4BF
47F07F43FABF
B5FA3F7DFB3F
C5FA3F97F17F
F7F7BF5BF4BF
7FF1BF23F1FF
B7FEBF73FB3F
ADF6BF4BFA7F
85FC3FD7FCFF
07FB7F3DFC3F
8FF0FF1BF8BF
07FA7F4BF2BF
07F6FF0BF23F
BDF3DFA7FE7F
8DF6DF0FF5BF
03F33F87F4BF
53F87FC3FB3F
73F6BF4FF0BF
47FAFF47F8BF
65F63F67F97F
3BFFFF23F73F
9FF37FD5F93F
67F1FFBBFDBF
EDF3DFFFF8FF
F3F7DFAFF37F
3BF6FF33FB3F
3BF8FFEDF7BF
8FF27F73F1BF
63F5DFF3F1FF
5BF57FBDF33F
CBF9DF27F97F
93FD3F2FFC7F
3FFF7F47F13F
FBFBBFEBFF3F
FFFBBF5BF6BF
B5FEDFCFF9BF
F5F23F6FF6BF
2DF0BFBFF1BF
27FBFFF3FC7F
A7F47FCDFE3F
97F8FF1BF53F
DDF33FCFFDFF
15F1DF57FCFF
57F3FF13F7BF
1DF43F9BFCBF
9DF4DF6BF27F
ABF07FADFE3F
8FFA7F55F73F
8FFFFF3DFFDF
AFF1FFEBFF3F
EBFA003BF53F
83F4DFBFFFBF
7DFFDF97F73F
67FF7F73FABF
43F23F27F1BF
4FF5BF03F2BF
E9FA5F5BFC7F
7DF23F200A7F
FBF27FCBF07F
FDF83FA7F8BF
17F47F6BF1BF
2FFAFF63FCBF
4BFDDFCFF57F
55F13F6000BF
9DF1DFE7F57F
67FDBF63F7BF
B3F47F13F73F
F9FEDF4BF27F
ADFF3F77FEBF
FDF03FABFDFF
1BFDBF0BF3BF
4BF5DF0FF1BF
17F4BFC3F6BF
A5F23F8BF8FF
D7FABFFDFC7F
17F20023FF7F
1FFE7FFDFC7F
F5F2DF3FFDBF
BBF4BF03F73F
C3F53FDBF4FF
17FA7F83FD3F
03FFDF800200
13FF5F7BFABF
B5FB5F8FFC7F
DFF9BF83F3DF
9BF97F6BFF3F
C7FF7F53F7DF
15FA5F5FF6FF
17F97FA3F13F
97F0FF63FEDF
AFFE7F9DF3DF
1FF4BF4BF5DF
F5FDDFDBFA7F
BDF8DFFFFFBF
67FD3F33F4BF
000AFF4BF07F
47F800DBF13F
FBFCBFEBF7DF
77FE5FABF97F
8DFADF37F27F
7BFC7F35F0DF
6FFAFF43F33F
17FFBFB3FDBF
DFF7BFE3FB3F
CDF53FE7FEBF
FFF97FEBF93F
47F07F13FC3F
3DF1BF0FFC7F
4DF25FABFFBF
55F5DFDBF07F
07F87F33F33F
9BFB7F2DFBBF
D5FDDF7BF37F
F3F73F3BFA7F
77FDBF9BFC3F
57F7BF73F47F
4BFF3FBFF17F
80047FBDF83F
EFF17F67F83F
B7F27FF5FEBF
0FFF7F6DFBBF
B9FA5F57F37F
27FB7F53F0BF
8DFDDFB7FA7F
6DFDDF1FFE7F
CBF17F17FB3F
1DF1DFB7F000
B9F0DFBFF17F
3BF3BF53F2BF
BDFFDF3FFA7F
C000FF13FE7F
B3F47FE3F3DF
A7F4FFDBF53F
2FF6FFF3F33F
BBFF7F33F43F
47F87F53FA7F
65FCDFDBF87F
43F13FEBFF7F
5BF5BF03FF3F
1BF5FF63F47F
C3FA9FB7F27F
B5F03F1FF1FF
E7F6FF43F35F
83F25F4FF47F
BBFD7FB5F0BF
AFFBBFB3FC7F
C5F6DFB7F4FF
9FF7BF4DFFBF
CDFADFDFFBBF
3BFC3F67F9BF
1BFA7FCFF13F
2DF2BF37F1BF
A5F4DF67F9FF
4007FF03F27F
1DF73FD7F7BF
5DFD5FF7FAFF
97F400ABFABF
BFFE7F9BF3DF
8FF07F0BF93F
7BF7BFF3FF3F
F7F97F73F4BF
ADF5DFEFFF7F
7DF43FA7F57F
A5F33F9BF0FF
8BF2DF97FA3F
2DFFDF0BF27F
2DFDDFD7FBFF
05FBDF4FF3BF
87F1FF13FEDF
B7FDFF53FFDF
0DF43F27FFBF
8FF67FA3FCDF
A7F37FE3FDDF
4DF13F6BFDBF
5DFF5FBDF0FF
25F13FB7F17F
E3F1DF87F0FF
7BF0BFA3F93F
BDF3DF0FF17F
2BF9FF73F33F
F9FB5FABFEFF
4DFFDF9BF67F
7DF63FCFF97F
27F1BFFDFEDF
C7F77FABFBDF
8FF17FE3FBBF
4DFDDF47F3FF
ADFB5FCFF87F
C3F1DF6FF4BF
D5F8DF07FD3F
5FF17FE3FA3F
75F6DF2FF67F
F5F83F67F47F
CFF07F9DF1BF
E7F7BF6DF3DF
4DF3DF57FD3F
F7F4FF5DF03F
CFF67F63FFBF
EFF27FA7F93F
EFF7BFE3FCDF
B7FFFF73FCBF
D7F900BDF8BF
4FF8BFA3FE3F
C7FE0033F5BF
3DF9DFF7FD00
F5F23F77F5BF
5DF9BFCFFAFF
87F6002BFEBF
BBFB3FCBFF5F
99F6DF4FF57F
DDFB5F17F47F
A7F27F1BF53F
2DF9DF73FB7F
9BFABFEBF5DF
4FF5FFD3F83F
67F87FF3F8BF
93FA3F3BF800
0FFBFFCDF6BF
2DFBDF97F87F
2FFE7F1DF3DF
63FBDFE7FA3F
6FF4FFBDF47F
B7F9FFB3F63F
7FFC7F3DF3DF
CDF43F8FFCBF
E5F8DFBBFA7F
4DF75FAFF77F
B7F5BFD3FF3F
9BF17FD3F5DF
F7F6BF43FCBF
17F000F3FD3F
A7FC7F7BFABF
CFFC7F43FF3F
4FF8FFF3FE3F
F3F5DF6FFD7F
4BFF3F7BF27F
0DFA3FB7FEBF
F9F3DF2FFEFF
93FB7F7BFDBF
EDF8BF2BFA00
D3FB3FB3FF7F
EDF1DF2FFE7F
4FFBBF55FCBF
77FCFF43FABF
63FEDFA7F97F
83F5DF87F8FF
ADF85FF7FA7F
ADF8BFA0067F
5BF00067F1BF
BDF95FF7FDBF
50067FFDFFBF
300DBF7DF8BF
5FFEBF0BFABF
43F15F7BF33F
C5F0BF67FE7F
4BF0BF1FF9FF
63F43FF7F800
43F5DFABFAFF
C5FC3FE7F63F
9FFA7F0BF73F
03F83FF7F07F
2FFA7FD3F1BF
7DFFDF3BF3FF
E7F17FBBF23F
57F6BFCBF1BF
FDF03F9FF5FF
23F33FF7F1FF
9FF1FFEDF8BF
6BF07F0BFBDF
E7F4BF95F23F
2BFD3FFBF1FF
E7F3FFA3F6BF
ADF7DF2FFBBF
B3F6DFEFF9BF
1DF43F9BFFFF
5BF8FF53F9BF
1FFEFF77F53F
CFFFBFB5FCBF
73F67F03F7DF
4BF37FB3FDDF
23F35F3FFEFF
E5FC3FD7F17F
8FF3BFF3F2BF
DFFCBF53F9BF
83F1DF57FF7F
67FE7FFDFD5F
A0027FB3F8BF
3DF03FEBFC00
8BF2DF3BFBFF
A7FCBF13F3BF
CDF75F17FDBF
53F93F7BF8FF
77F73F6BF83F
6FF37F7DFB3F
E3F4DFD7F27F
4FF27F9DFB7F
200BBFABF35F
4FF27F0BF97F
47FF7F5DF53F
2BF6DF17F800
3BFDFFD3FBDF
53F7DFF7FCFF
97FEFF9DF95F
B7FF7F3DF57F
0BF0DF6FFDFF
6BF1FF3DF0BF
CFF17F13FEBF
73FF5F83F17F
D7F2FF8BFE3F
77FB7F9BFB3F
37FC7FEDF4BF
ADF7DF5FF97F
4FF800C7F2DF
03F4DFEFF7BF
1FFFBF6BFCBF
E7F5BF1BF17F
89F13F2FF7BF
C7F37F4DFABF
A7F57FF3F07F
35FEDF3FF57F
6BFCFF4BF27F
1DF7DF87F6BF
B3FD3F40037F
8DFF3FF7F1FF
73F4BF9DFA3F
CDFD3FDBF000
80087FC3F33F
E3F9DFFBF0BF
F9FA3F97FFBF
D002FF63F07F
A3F75F8FF67F
BDF4DFD7F3BF
6FF5FF1DFBBF
0BF13F3FF5FF
EDF53F2FFC7F
67FD7F2BF5BF
93F23F9BF8FF
0DFF3FBFF4FF
F3F07F1BF5BF
D7F3FFC3FA3F
BBF37F83F33F
CDF13FFFFC3F
C7FFBF1BF53F
57FA7FE3F17F
ADF83F37FFBF
35FD5FF3FC00
17F1FF3DF4BF
05FB3F07F4FF
5BF17FEBF4DF
2FFB3F95F5DF
37FCBFD3F03F
DDF6DF1BF73F
45FFDF77F57F
15FCDF07F9FF
3DFB5FD7F37F
4BFA7F5BFEBF
DBF8006BF2BF
CDF75F57F0FF
67F8001DFD3F
F7FAFFEBF13F
4DFC3FFFFE7F
5FF6BF6BF5BF
5BF17F9BF2BF
BBFF7FEBF47F
7BF47FFDF1BF
DFF9FFB5F13F
37F67F1BF75F
6DFADF9FFD7F
B5FDDF8FF17F
DDF9DF7BFDBF
27F6BF2BF0BF
0DF1DF6BFB7F
FDF0BFE7F37F
4FF6FFDDFCBF
BDFD5F57F1BF
D7F07FBDF5BF
53F5DFE7F4FF
67F27F73FDBF
87F8FFC7F53F
77F2BF3DF9BF
D3FCDF7FFA00
13FDBF5BFBBF
0BF2FFF3FA7F
A7F2BFF3F63F
87F97F73FDBF
FBF4DF67F07F
CBFE7F8BFD3F
75FE3F9FFC7F
43F9DF27FD7F
17FDBF63FB3F
57F2FF8BF17F
3BF0FF1BF73F
7DF93F4FF4BF
900200F3FC7F
2DF93F3BFE7F
6BFB7FEBF43F
67F57FA3F53F
55FA3F5FF07F
8FFE7F33F53F
9DF83F8FFA7F
15F3DFDBF77F
33F35F97F97F
2FFC7F8BF53F
13F23F77FB7F
85FF5F1BF6FF
4FF4BF13FF3F
0DF15FD7FB3F
400CFFF3F33F
2FF6FFCDFBDF
E0077F93F2BF
ADF93FCFF8BF
C7F3BF7DF23F
CDFB3F6008BF
53F13F87FA00
57FF7F73F6BF
8DF1BF57F8BF
3FF5FFB5FABF
17F4008BF2DF
FDFDDFC7FA7F
AFFABF0BF53F
E7F4FFCBF1BF
EBF7BF5DF8DF
B5F45F57FB3F
0DFA3F4BFABF
CBF6BF2BF4DF
EBFFFFC3FD3F
4FF4BF93F03F
CFFFBF6DFFBF
ABFC7F33F2BF
37F9BF2BF2DF
0FF87FF3F0BF
6FFEFF8BF53F
7BF4DFFBF0BF
57FCBFB3F4DF
CDFA3F37F5BF
9DFADFBBFC7F
17F5BFE3F63F
77FCFF03FADF
1DF75F4BF7BF
ABF3BF37F27F
D7F4BF55F23F
0DF3DF0003FF
1DF73F8FFD7F
F7F00099F73F
33F43F77F6FF
C3F43F0FF97F
BDF15F5FF47F
37FEBFEDF0BF
33F7DF800BFF
800480ABF33F
FBFC7F63F9DF
BFF33F73FBDF
E9F93F4BF4BF
BBF3BF03F55F
3BF07F7BF53F
0DF2BFB00CFF
6FF4FFE5F53F
AFF4FFEBF33F
07F9FFADF0BF
1BFAFFC7F23F
2000FF3DF43F
83F35F37F97F
5DFABF4FF200
8FF17FE3F2BF
9BFBBFD3FFBF
05FCFF33FD3F
FDFFDF8BFC7F
0DFA3FBBFDBF
3FF47F7BFD3F
7FFC7F5BF73F
23F75FF0037F
83FE3F4FF4BF
95FEDFE7FC7F
D7FA7FD3F63F
C7FC7FF5F5BF
1FFD7F43F43F
83F53FBFFD7F
D5F8DF0FFFFF
FDF83FB7FA7F
0FF5FFCBFBDF
C7F5BF0BF7BF
67FAFFE3F73F
B5FDDFAFFA7F
0FF4FF4DF13F
9FFFFF53F63F
C3F63FBFFAFF
ADF95F37FEBF
F9F83FD7FBBF
D7FFBFA3FA3F
CFF9BF43F5DF
55F55F3BFDFF
43F83F57F37F
B7FF7F83F97F
67F4FFEBF1BF
9DF1DFEBF07F
85FC5F8FF57F
4BF77FCBFFBF
6DFA3F2FF97F
A3FCBFE7F9FF
43F8BF37F4FF
1DF23F8FF8FF
ADFF3F5BFE7F
73F5DFB7F07F
3FF5BF33F5DF
E5F95FD7F7BF
57F7BF6BF93F
8007BFC3F6BF
0BF23FBBFD7F
57F97FFDF33F
EDF0DF2BF97F
0FFB7F6DFB3F
7BF57F2BF8BF
33FF9F1BF07F
57FD7FF3F5BF
1FF4BFC3FABF
75F93FABFF7F
BBFA7FB3F53F
0FFC7FA3FC3F
FDF33F9FF1BF
03F5DFD3FFBF
BDFDDF9BF27F
3DF83F2FFF3F
F3FDDF57FF7F
53F77F2BF63F
DBF0FF43F4BF
2FFCFF27F3BF
FDF2DF8FF5BF
95FE3F400D7F
CBF1DF5FF8FF
67FE7F6BF6BF
0FFBFFF3F6BF
B3F97F23F7BF
E7F4FFA3F03F
79FA3F37F77F
7DFFDF9FF9FF
3FFD7F23FE3F
53FADF17F1BF
07FE7F13FC3F
5DF23FF7FF7F
17FDFFEDFC3F
57FFFF5DFEBF
47F37FD3F73F
37F0BFB3F87F
B9F0BF8BF400
CFF5BF83F03F
EDFE5FBFF200
97F57FC3F03F
6BFA3FFDF7DF
DFF7DFEDF8FF
3DFADFDFF5BF
CFFE3F5BFABF
57FB7F53F4BF
67F97F0DFFBF
4FF7FF0BF9BF
6FFC7FBBF33F
DDFDDF0FF6BF
0FFBBF3DF0BF
B7F77FABF4BF
7BF17F3BFA3F
DDF55FBFF47F
0FF87F9BF93F
1DFB3F6FF1BF
03FBDF87F7BF
87FDFFDDFD3F
A5FC5FDBF9BF
05F65FEBFCFF
95F95FF0007F
1DF1DF7BF17F
57F3BF7DFEBF
4BF2BF5BFC3F
7BFBBF7BFDBF
85FE3F8FF47F
17F47F53F6DF
EFF9FFC3F83F
E7FD7F0BFA7F
ADF2DFB7FBBF
3BF7BF3DF1BF
8BF4BF4DFCDF
2BFF7F2BFABF
45F75F5FF4FF
43F7DF07F000
47F53FADF27F
77FE7F8BF43F
DBF9FF23F2BF
FBF07FEDFABF
8DF9DFCFF0FF
CDF2DF5FF87F
53F0DF47F8FF
1FFE7F83F5DF
D9FFDFF3F1BF
7BF47F3DF8BF
75FCDF2FF3BF
93F4DFF7F9FF
FFF87FFBF6DF
67F8FF5DF2BF
35F73F27F1BF
15F93F37FC7F
0BF83FC7FF3F
4BFC7F03F4DF
3BF37F9BF9BF
07F8FF53F5BF
65F6DFE7FBBF
8FF97F75F6BF
37FA00ABF87F
3FF37F5DFC7F
FBFC7F93FD7F
BBFF3FF5F5BF
3FF47F85FEBF
F5F03F3BFC7F
37F3FF1BFCDF
57F57FD7F87F
8DFEDF67F5FF
9DFC3F3FFEBF
E7F3BF73F3BF
6DF4DFAFF97F
25F33F7BF3BF
23F53F47FE7F
F9F43F3FFB3F
7BFD7FDDF53F
CDF1DF47FB7F
4BF97F13FE7F
37FABF7DFBDF
C7F2FF5DF03F
33F2DFA7F8FF
57FB7FEBFE3F
3DFBDF87F7BF
1BFA7F15FB3F
33F65F73FEFF
DBFFBF2BFA7F
8002FFDBF23F
55F83F17F27F
0DF23F9BF6BF
1000FF13F93F
1BF9BF05F5BF
ADF43F3BF2FF
0FFCFF53F9BF
17F8FFD3FB3F
8FFCFFFDF5BF
5BFC7F13FB3F
83FADFB7F97F
E7F1BF23F23F
17FFBF23F47F
07F0FFE3F6BF
9DF23F97FCFF
EDF2DFB7F8BF
CBF3002BF1DF
4DF55FFFFCFF
5DF67F57FBFF
5DF93F6FF8BF
55F8DF9BFA7F
EDF53FA00BFF
DDFDDF37F6FF
5FF6FF6DFBBF
43FBDF47FAFF
13F83F07FDBF
59F83F1BF2BF
97F0BF7DF8BF
F3FFBF97FCBF
17F9FF33F53F
5DFE5FCFF97F
8FFD7F9BFD3F
13FF5F87FD7F
87F67F3DFA7F
95FD3F100FBF
B3F13F900B3F
CDF0DF8BF5BF
93F43F9FF4FF
4FF97F23F17F
33F3DFF7F37F
65F03F3FF1BF
0DF5DF67F000
ABF1FF93F67F
2DF0DF6007FF
9FF27F03F1BF
F7F07F0BF7DF
CBF43FCBF67F
57F3FF1BFFBF
63FBDFDBF5BF
B7F6BF2DFABF
83FEDF97FC7F
4FF87FF3F87F
C002FF53F0BF
ABF55F1DF77F
B5F93F7BFFBF
BBFBBFDDF33F
C00E7FC3F8BF
9DF8DFCBF17F
5FF27F3BF9BF
83FB5FB7F67F
2DFFDFD3F07F
0DF35F07FF7F
3DF55F77F7BF
2DF73FD7F0FF
07FBBF6DF5BF
F7F7FF73FBBF
33F73FB7FE7F
1DFE3FE7F17F
77FAFF23F1BF
4DF63F27FC7F
000EBFB3FA3F
15F03F0005BF
8FFE7F73F53F
37F2BFF3FF3F
DDFFDF5FF87F
5DFADF77F100
83F6DF1FF7FF
D7F8FFE3F7DF
5DF9BFA7F27F
3DF2DFFBF6BF
6BFEFFC3F43F
77FBBF5BF0BF
99F35F4FF87F
800FFFD7FB3F
A7F37F73FF3F
DDF13FFBF7BF
77FF7FCDF8BF
7BFAFF55F23F
E5F0BFDBF0BF
73F77F8BFEBF
87FEDFE7F3FF
87F8BFB3FDBF
F7F67F4BFDBF
400EFF83FABF
20057F7DFDBF
BBFD7FE3F53F
5FF53F4BF33F
23FCBF1FF07F
73F6DFF7F07F
FBFDBF93F4BF
B7FBBF7DF03F
CFF2BF3BF1BF
C00F7FE3F4BF
49FFDFE7FE7F
C7F7BFDBF0BF
CFFA7F83FB3F
B000BF43F1BF
CFF47FADF47F
2BF97F33F13F
3DF7DF97FAFF
95F7DF67F000
43F7DF4FFB7F
AFF6FFCBFA3F
2DFF9F6FF6FF
CBF0FF95F1DF
03F75F3BF3BF
F5F25FA7FF7F
17F77F9BFF3F
C7F2FF23F33F
3BFE0057F0BF
6BF53F9BFF3F
E0047F7BF13F
23F13F0FFABF
D7F6BFFBF97F
D3F0DF8FF47F
ADFCBFBBF4BF
75F9DF47FDBF
47F1FF43F83F
2DF9DF33F0BF
3DF35FF7F2FF
2DFDDF97F6FF
A000FFDBF5BF
E7F07F93FD3F
EDF43F77FE00
3FFAFF1DF47F
FDF5DF0FFAFF
CDF2DF9BF77F
DDF03F0FF37F
D3F63FAFF77F
C5F55F2FF23F
F7FEBF4DF87F
CBFD7F7BF23F
6DF53F5BFEBF
7007BF63F43F
0DF95F5BFDBF
AFF400BBFF3F
8DF43F57F57F
97F67F53FBDF
3FF3FFCBF4BF
5DFB7F57FC7F
77FEBF1BF53F
63F7BF1000BF
1DFE3FBBF17F
03FDDF07F1BF
73FD9F37F1BF
47FB7F33F33F
C3F6DF77F97F
4DF55FE00AFF
7DF6DF2BF77F
5BFD3FDBFD7F
A3F15FF7F5BF
A3FDDF37FE7F
5FF77FE3FD5F
E7FDFFDBF75F
87F37F9BFFDF
E7F5BF4BF7BF
67FDFF6BF53F
17FEFFFBFFDF
47FAFFB3FFBF
600C7FDBF4DF
6006FFEDF47F
C3F63F27F37F
8BF8FFD3F3BF
37FD7F23F83F
EDF7DF77F8FF
1FF6FF0DF8BF
0FF00027F87F
8FF37F33F03F
A7FCBF3DFBBF
D7F07F83F1BF
97FABF5DF0BF
43F83FD7F8FF
E7FB7F13FDDF
A3F0DFD7FBFF
DDFD3FE7F000
FBFDFFD3F73F
C00B3F63F2BF
B3FDDF0FF4BF
6DF13F9BFCFF
17FCFFC3F1DF
BDFF5F9FF17F
5DF43F77F7BF
7DF5BF67F87F
6DFB5F1FF4FF
DFF9FF1BFE3F
E5F13F1FF6BF
C3F83FABF5BF
CFF1FF4DF9BF
47F8FF9BF57F
1BFC3F3BF27F
73F4FF33F7DF
03F8DF0BF9BF
C3F75F5BF8FF
F5F2DF0FF4FF
17F6FFC3F3BF
800CFFDDFB3F
8BFE3F67FAFF
0BF0FF3DFD3F
B0027F5DF5BF
75F2DF07FE3F
9DF7DF07F67F
13FCBF7FF9BF
C5F7DF4FFE7F
7DFB5F87F67F
67F6BF23F3BF
EDF5DF27F57F
A3F6DFABF97F
73FEDFC7F07F
D5F6DFCFF73F
4DF35F87F47F
D3F75F17F4BF
63F3DFF3FFBF
9FF6FF47FEBF
5DF75F87F4FF
7BF1BF83F73F
0FF100D3F73F
FBFBFFD3F93F
BDF43F1FF47F
2FF600E3FBBF
4BF8DF77FC7F
EFF73F2BF0BF
FBFCBFF3F53F
53FCDFA002FF
0BFA7F5BF63F
03F9BFFFF17F
3DF03FCFFFBF
37FDBF93F1BF
EBFC7F4BF33F
400EFF07F4BF
03F75F57FB7F
C7F8FFDBFFDF
FDF1DF97F4FF
23F1DFA7F8BF
A7FDBFBBFDDF
0FFD7F53F9DF
A3F83F0FFB7F
B9FF5F5FF7FF
13F97FF3F03F
F5F2BFABF53F
4007FF93F63F
ADF0DFC7F07F
BDF0DF9FF17F
75F6BF17F6BF
BFF17F5DF1BF
5BF27FB5F7DF
13F0BF5FF47F
F3F2BFCBFABF
7BF7BFB3F1BF
7DF5BF10017F
BDF6DF17FBBF
1FFC7FFDF1BF
FDFC3F1FF57F
65FBDF07FE7F
F7FEFFB3F87F
07F77F7DFB5F
43F93FBBFD7F
47FC7F7BFABF
97F6BF73F5BF
A3F33FD7F3BF
8FF6006DFCBF
0DFA3F27F67F
FDF29F67F37F
63FBBF2BFEBF
E5FD3FD7F8FF
3DF9BF4FF9FF
77F57F1BFFBF
EFF77F53F0BF
53FFDF57FAFF
E3FB5F27FBBF
0FF3BF3DFD3F
E3F77F93FBDF
17F2FFBDF43F
A7F27F93F3DF
CFF17F63FABF
2BF87F33F7DF
23F4DFD809FF
13FE3FE7FFFF
97F3BFD3FFDF
FDF6DFD7F87F
37F1004BF2DF
3FF67FFDFC3F
9BF2FF3BFD3F
FBFE7F5BFADF
1FF7BF4BFEBF
4FF7BF73F6BF
C5F3DFD7F3BF
85F85F67F17F
DBF17FB5F33F
37F67FABFEBF
6BFA7F8BFE3F
8BFEDF1BFB7F
0DFB5F0001FF
CFFDBFDDF4BF
CFFDBFC3FEBF
7BF7DFDBFB3F
1FF0FF7DF4BF
0DF3DFFBF67F
65F6BF77F07F
D7FB7F93F4BF
C3FD5F6FF57F
FBF53F03F2DF
6DF8DFBBF8FF
DBF0FF53F67F
EFF97FFDFEBF
BDFFDFC7FDBF
40017F7BFB3F
47F67F3BFD5F
BDFD3F97F2BF
1DF15F97FD7F
3FF800ABF3DF
F7F07FB3FF3F
17F17FFDF23F
8BF03FCFF67F
63F2DF9FFB7F
AFFDBFE7FE7F
E7F57F35FA3F
DFFD7F6BF5BF
ADF35FA7F3BF
D7F87F63F23F
CDF4DF57F1FF
4BFA7FEBF33F
5FF27FC3F6BF
FBF0005DF3DF
A3F3DF67F13F
17FFBF7DF4DF
07F7FF3DFABF
F7FE7F8BFDBF
9BF5BFF5F03F
9DFD3F0BFAFF
29F0DF67F4BF
D5F0DFBBFFBF
AFFAFF1BFF3F
4FF3FFABF23F
C3FA9F17F9BF
55FFDFD7F0FF
0FFCFFADF47F
0FF37F23F0BF
DFFE7F73FFBF
EBFFBFA3F4DF
8FF7FF43FFDF
F5FA3F97F1FF
6FF67FA3FD3F
3BF53FC3F23F
BBFABFF3F1BF
0DF23FCFF3BF
95FD5FC7F97F
1BF79F2DF3FF
83F2DF2007FF
85F23F9BF17F
7DF1DF47F27F
CDFE3F0FF5BF
D5F65F97FFBF
17F07F2BF3DF
45F35F77F77F
B7F2BFB3F0DF
CFFF7FFDF83F
3DFA3FA7F7BF
D5FC3FC7FF7F
75FB3F57F37F
4FF6009BFBDF
D5FBDFC7F37F
5FFB000BFBBF
EFFE7F15FD3F
CFFBBF3BF93F
4FF47F73FABF
93F4BF0BFE7F
C007BF13F0BF
BBF5BFCBFEDF
C3F23F4BF3BF
4DF0BF97FF7F
100BBFF5FABF
CFFA7F3DF53F
95FBDF1FF4BF
87F97FC3F4BF
6DFF5FB7FFBF
CFF1BF7DF5DF
25FA3F17FBFF
7DF15F4FF87F
F5FFDF5BF37F
23FC7FD5F1BF
C7F97F4BF03F
25FABFCFF17F
B5FC3FDBFB7F
27FA7F9DF07F
DBF97FC3FD3F
4DF75F63F8FF
4DF43FCBFAFF
13F43FB7FDBF
93FFDF77FABF
53F43F0DF07F
B5F2DFBFF07F
33FE3FA7F37F
CDFC3F8FF57F
9DF9DF8FF57F
EBF5FF87F9BF
55F23FDBF6FF
6BFCDFBDFAFF
A7FDFF5BF1BF
37FD7F2BF4BF
6BFD7F2BF03F
C7F57FBDF93F
EFF67F0BFD3F
1BFAFF93F7BF
5FF37F8BF3BF
B7FE7F1DF6BF
35F63F27F7BF
F5F3DF27F9FF
C7F4FF03FD3F
9DFABFD7F93F
4FF97F0BF6BF
43F5BFEFF87F
4DF1DFD3F5BF
B7F7FFBDF8BF
EBF3DFE7F4FF
CFF500ADF2BF
9BF13FEDFCBF
43F7DF00067F
4FF17F6DF6BF
3DFDDF27F73F
D7F5BF6BFD3F
B5F33F2FF800
9BF77F93FF3F
57F07F23F5DF
B5FF3F77F9BF
00047F33F47F
3DFA3F17FA7F
E7FD7FBDF0BF
15F45F8000FF
17F07F15F1DF
9BF2FFD3FA7F
67F57FDBFFBF
8DFA3F3FF8FF
DDFCBFE7F47F
73F6DFABFD7F
25FC5F8FF8FF
67FEDF67FC00
FDFC5F1BF2FF
37F47F13F27F
5DF7DF07FB7F
5DF63FCBFA7F
85F2DFC7F800
EDFD3F3BF47F
85F7DFC0037F
23FDDF27FE7F
B7F0FF63F73F
97F57F63F2DF
A000FF8BFE3F
87F67FB3F0BF
BDF55FB7F77F
DBFBBF7DFABF
20057FDDF1DF
4DF4DFBBF800
BBF27F43FFDF
1DF5DF97FF7F
ABFEFF73FBBF
E3F87FBDF2BF
6DF9DF77F47F
EDF8DFE7F900
A0023FA3F13F
F5FBDF97FF7F
FFF7BFD3F07F
AFFEFFDBF33F
E3FA3F0FF17F
87FCFFDDFD3F
0BF63F27FD7F
67F2FFC3FBBF
47F6FF9DFF3F
67F67FB5FA3F
9BF7DF67F27F
1DF0DFFBF4BF
FBFEBFDDF73F
2FF4BFABF8BF
03F23FDBF3BF
A3F77F1DF5DF
CBF4BFDDF07F
EFF2BF73F7BF
7BF47F2DF6BF
E5F6BFFFFDBF
6FFEBFC7F13F
10067F63FA3F
9006FFABFABF
15F9DFCFFE7F
B3FBDF7FF8BF
17F5BF5DFCBF
0DF23F1BF87F
6FFDFF63F83F
97F27F55FCBF
9DFF3F3BF4FF
47FEFF5DF23F
87FDFF13F0BF
35FF3F8FF77F
2DFB5FF7FBBF
ABFF7FA3F4DF
17FEFF83FFDF
DDF0BF9FFF7F
4BFC7F9BFA3F
73F85F5BF27F
ADFF5F100BFF
FDF5DFA7F97F
FDF0BFFFFDFF
CDF33F07F5FF
BDF7DF73F13F
E7F37F8BF53F
6FF53FA3F0BF
5FFEFF07F83F
23FC7FBDFE3F
15FC3FA7F87F
B3F87F87F33F
AFFEFF1BFE5F
07FEBFA3FEBF
DDF87FDFF07F
B5FF3FA7F400
43F4DFE7F77F
27F57F55FDDF
97F6001BF9BF
9FFDBF15F1BF
C7F97F43F9DF
6DF2DFFBF9FF
6FF7FFE5F6BF
6005BFCBF93F
F7F33F63F0BF
3DF35FDBF6BF
6FFC7F93FF3F
4BF77FDBF97F
27FFBF1DF4BF
97FA7F63F83F
DBFF9F67F1FF
C3FE5F57FC7F
07FCFF33F7DF
FBF57F43F53F
8DF5DFC7FD7F
0BF83F63FE7F
75FA3FAFF2BF
9DF1DFDFFDBF
5BF77FA3FEBF
400E7FB3FD3F
43F03F8FF87F
0FF7FFBBFEBF
5DF43F3FFDFF
35F9DFA7F57F
DBF40063F73F
6FFB7FE3FD3F
37FAFF43FD3F
5BFEFF63F8BF
B3FE3FAFFE7F
25FEDF67F07F
EDF35F5FF6FF
A7F0FFA3F5BF
1DFC3FD7FB7F
35FEDFF3FD7F
4BF1001DF2DF
5DF1DF400ABF
FBF27F5BFA7F
33F27F3DF8BF
83F0BF67FEFF
EFF8FFE3F23F
4BFD7FC3F63F
17F5FF0BFA3F
B7F17FC3FD3F
2BF13F7FF37F
BBFFFF3BF2DF
0FF8FF33FE7F
F5F0BFA7FB3F
BFF6BF0BFE3F
C00FBF63F3BF
63F5DFF3F27F
0BF67F53F9BF
97FCFF2DF63F
9BF87F6DF63F
F3FE7F63F35F
6BFEBF93FD3F
19F5DFBBF57F
A0010013FCDF
A7FF3F5BF0BF
F7FB3FDDFA3F
1FF3FFB5FE3F
DBFDFF7BF4DF
15F8DF0FF37F
15F37FFBF17F
37FF7FE3F5DF
3DFE3FA7FC80
DBF1FFBDF7DF
BDF45F2FF0FF
9FF7BFE3F23F
9002FFA3F1BF
A3FCDF77FA7F
0FFC7F5DF5BF
87FEFF3DF13F
B7F0FF75F83F
9BF9DFB7F8BF
9BF3FFE3F5BF
5DF03F37F0FF
FDFADFEFF5BF
6FFE7F33FFBF
9FFEFF43FDBF
BDF3DF7BFC7F
6FFB3FEBF1BF
7BFF7F0BF17F
1DFD9F0FF6BF
9DFB3F97F77F
13FA3F1BF5BF
00037F83FEDF
5BF3FF83F6BF
F7F6BF53F27F
63FFDFFBF0FF
57F17F63F4DF
EFF0FFB5FABF
33FCDF0FFD7F
8DFABF67F47F
95FF3FB7F4BF
B7F2FFEBF1BF
79F23FC7FF7F
6DF1BFE3FA00
57FA7F2BFCBF
0DF43FDBF17F
8FFE3FEDF7DF
FFFA3FFDF63F
25F75F0FFEFF
7DF03F77FEBF
17F0BF0BFEBF
FBFAFF7DF0DF
EBF5BF9DF03F
AFFEBFA5FC3F
ABF5DFAFF2BF
E7FD7FFDF53F
CFF07F53FBDF
EFFDBF8FF75F
85F83FC7FABF
55FE5F7FF57F
BFFA7F0BF73F
D7F17F23F2BF
8BF37FA3F53F
DDF03FCFF17F
4DF63F47F0FF
C3FE5FBBF7FF
85F7DFD7F800
8FFE00D3FEDF
D5FD3FBBF4FF
95F75F00047F
87FE3F13F33F
9DFC3F9FF0FF
77F0FF2BF4BF
75F93F6BFABF
EDF7DF87F0FF
E7FBFF0DF97F
AFF37FE3F1BF
57F3FFA3F5BF
73FCBFB7F87F
BDF7DF1BF07F
ABF37FF9F33F
03F43F5BF6BF
17F27FD3FBDF
33F83FFBFCBF
B7F0FF7DF83F
05FEDFB7F9FF
77F8BFDBFCBF
E7F67F43F3BF
ADFCDFAFF7FF
53FFBFCDF9BF
57F37FF3FD5F
D7FABF8BF5BF
C3FA3F2FF17F
A7F6FFEDFE7F
3BF2FFDDF13F
4FF2FFA3FCBF
ADF27F6FF97F
35FDDFFFF5BF
37FC7FE3F87F
9DF7DFAFF8FF
77FF7FE3FDDF
37FDFF4BF87F
DDF33F0BFDBF
F3FFBFBFF4BF
2DF95FFBF2FF
DDFDDF17F8BF
3FF8FFFDF5BF
B3FE7F83F0FF
0DF0DFCFFBBF
6DF1DFA7FC7F
DDF43F3BF400
97F8FF83FB3F
CFFBFF3DF67F
9DF83F3BF07F
C3F5DFA7FC00
F5F13FEFF93F
ABF0FFA3F0BF
2FFBFF47F43F
1BF5BFE5FD7F
BDFBDF7BF200
C3FC5FF3F67F
80097FDDF83F
59F43F97F77F
ABFEDF57F67F
D3F8DF2FFE7F
D5F63FC00F3F
67FD7F8BFC3F
97F2FF33F55F
95FDDF5BF0BF
0FF8FF0BFC3F
E7F47FDBFC7F
0FFDFF0DF23F
17FD7F13F9BF
8FFCBF13F8BF
C7FB7FC3F23F
5DFFDFEFFFBF
2DF83F17F17F
4FF40083FC3F
ABFCFF2DF33F
80073FBDF0BF
D7F600A3F33F
47F27F6DF93F
2FF97FCBF93F
77FEBFA3F6FF
55FADF77FEFF
47FD3F63FADF
17FBBF6DFEBF
D5F25FC7F2FF
AFFC7F9BFA3F
5BF57FBBFADF
1BF3BF4DF93F
B7F4FF5BFE3F
000C7FF3F33F
37F77FF3F07F
47F7FFCBFF3F
FBFD7F67FD3F
65FF5F3BFA7F
ABFD7F03FDDF
E3F73FC7F1FF
600CBFB3F23F
2DF83FF7FBBF
03FBDF73FCBF
E7F1FF17FC7F
87F67FBBF2DF
4FF77FE5FEBF
C7F9BF93FBBF
7DF3DF7FF6BF
E7FA3FB5F33F
DFF47F27FD5F
3BF1FFABF0FF
BDF83F3BFD7F
6000FFBDF9DF
6BF83FFFF87F
17FA7F5DFE3F
BDFB5FEBFEFF
CFF37F53F23F
67F97F2DFBBF
25FDDF77F8FF
E7F47F0BF73F
1DFC3F4FF77F
53FC3F9DF5FF
DFFAFF43F93F
1DFDDF2BF1BF
13FA7F97F3BF
7DF4DFFFFE7F
2BF23F0FF57F
2FFEFF75FD3F
0002FF8DF4BF
E3F7DFD3FC7F
03F5DFD7F7FF
D5F33F6FFB7F
77F4FF4DF8BF
2FFDFFFDF93F
AFFF5FBBFA7F
67F5FF8BF63F
2DF45F9FF5BF
4DF43FC0017F
DBFB7F7DF6BF
67FEFFB3F47F
FFF47FDBFEBF
F3F3DFD7F77F
8DF43FCFF67F
ABF2DFC80C80
3DF1DF8FFE7F
CDF43FD7FCBF
DFFD3FF5FABF
17FDFF1DFABF
7BF87F93FF3F
FBF9BFE7F0BF
37FAFF4BF03F
C3FF5FC7FAFF
1FF57F0BF23F
93FF5FB7F8BF
4BF1DFB7F5BF
DDF3BF47FEBF
E7F00063F27F
1FF27FC3F67F
E7FEFFD3F6DF
97F67F07FF3F
4DF8DF17F200
A3F8BF8BF3DF
43FF5F1BF37F
BBF67F8FF73F
DDF3DF9FF47F
ADF53F77FE7F
800D7F13FF3F
BFF7BFC3FBDF
77FA7F73FEBF
E3F63F97FDBF
3DF53FFFF2FF
3DFD5FC7F07F
CBF35FF3FBBF
CDF23F07F67F
3FF77F0BF53F
FDFEDF9FFA7F
55FD3FF7F7BF
FDF8BF6BF7BF
F3FFBF53F97F
C004FFDBF3DF
8DFDDF8FFE7F
100C7F93FA3F
B3F9FF3BF73F
F7F0FFD3F7BF
CDFF3FDBF97F
E7FBBFDDFCBF
ADFCDFAFF1BF
7DF03F07FB7F
CDF9DF87FD7F
BBF75FF7F07F
B7F87F33F0BF
B5FA3F8FFD3F
57FF00D3FDBF
0DF75FA7FBBF
9DFFDF0FF17F
77F73F2BF7BF
DDFA5F6BFFFF
1DF3DFBFF5BF
87F87FEDF83F
7BFE7FEDF07F
67F37F73F47F
E3FFDF67FDBF
07F6FF7DFC3F
CBF0FFBDF53F
75F6DF200EFF
53F23F4BF8FF
33FA3FE00E7F
A7FA7F43F0BF
3BF83F37FB7F
3DFE3FCBFE7F
BBF0FFD3F0FF
43F03F97F5BF
EFFA7F8BFA3F
AFFDBFE3FDBF
CBFB7F53FE3F
BBF60053FC3F
E5FB5FEBFBFF
2BF27FC3FFDF
5FF57F9BFADF
7DF4DF37F5BF
37F77F3DF47F
57FB3F33FCBF
43F93F5BF67F
6DFADFBBFFBF
1DF2DFEBFABF
3DF2DF27F27F
A3F75F87F77F
7DFF3FDBFE7F
CDF1DF77F07F
87F9002BF83F
AFFC7F5DF3BF
8BF1BF13F6BF
EDFFDF7FFFBF
FBFD7F8DF33F
4BF73FF3F73F
F3F87F2BFABF
37F07FC3F63F
C3F95F0FF47F
2DF23F8BFC7F
0DFC3FA7F8FF
37FEFF23F9DF
13F47F03F0BF
E5F65FB008FF
BDF0DF5BFCFF
63FA7FABF53F
ABFDBFE7F37F
A7FEFF5DFDDF
8FF07F1BF73F
CBFDBF7BFBDF
1FFF7F6BF5BF
3BFBDF97FFDF
FDFBBF97F87F
1FFA7FDDF7DF
4FFBFFD3FFBF
5FFEFF0BF43F
67F2FF33F1BF
5FF8FFA3F8BF
0FF1BF43FB3F
A7F87FDBFCBF
4BF2FFBBFBBF
CBFCFFBDF7DF
B7F4BFC3F63F
0DFA3F10007F
6BF0BFFBF23F
4FF9BF63FBDF
C7F77F03F7DF
5DFF9F4FF0FF
43FC3F37F1FF
A7FF7F23F83F
ADFEDF57F47F
B7FE7F4DF33F
F3F33FDBF57F
D7F87F3DFF3F
2002BF13F43F
43FFDF27F600
EDF73F5BFD7F
67FF7F3BF83F
97F880F3F87F
B7FCBF23F2BF
1BF75F6DFAFF
CDFBDFCFF7BF
65F0BF9DF67F
83F83F8FF27F
17F5FFEBF8BF
F5F0BF27F6BF
03F1DFAFFE7F
97F7BF73FA3F
CDFDDFE7F600
2FF77F33FE3F
45F7DF17FA7F
C7F57F8BF03F
C00FBFFDF13F
CFF5FF45F17F
75FA3F7BF97F
2BFFBF5BFB3F
1FF97F73FDBF
DBF9FF43F0BF
FDFFDFB7FF7F
9DF63FCFF87F
43F03F67F97F
D5FC3F6FFE7F
03FDFF1BF0BF
3DFC5F1BF9FF
90073FDBF7BF
77FE7FDDFBDF
F7FFBFA3FD3F
03FC3FBBFBFF
0FFB7F47FBBF
4FF7FFEBFA3F
73F6BF0FF77F
35F5DF97FAFF
4BF93FBBFA3F
35F03F2BF5BF
DDF63F4FF57F
15F23F67F1FF
AFF87FB3F73F
5FFF7F63F93F
B9FBDF5FF9BF
8FFABFCDF63F
03F1DF17FB7F
FDF9DF93F2FF
3DFA3FEFF8FF
95FE5FD7F500
7DF85F9BF57F
CDFD9FDFF3BF
85F1DF2FF07F
13FFDF0FFAFF
03F9DFC7F9BF
8DF03F6FF1BF
63FABFF7FD7F
6FF0FFB5FA7F
0FFAFF53FC7F
FDF03F07FF3F
3DF75FC7F2BF
8DFFDFA0047F
75F5DFB3F6BF
57F37FF3F2BF
5DFF9FFBFB7F
85F8DF1FFCFF
2FF87FEDF73F
47F97F7BFCBF
B7FBFF8BF57F
27F17FCBF3BF
4FF5008DFF3F
CBF97F33F27F
BBF9FF5DFCBF
BDF13F600ABF
25F13F9BFD7F
5DF0DFCBFA7F
CFFC7FFBFCBF
E7FF7FEDFBDF
C008FF33F23F
CFFA7FBDF43F
45F43FD7F4FF
23F6DFAFF4FF
DDF45F000B3F
E7FEFF8BFFBF
4FFE7F63F5BF
ADF33FBBF77F
F5FDDFF7FCFF
ADF0BF27FB7F
ABFCFFCBF8FF
F7FBBF0BFC3F
7DF9BF17F1BF
75F65F47FB7F
47FEFFA9F83F
B7F6BFDDF87F
93F33F6BFD7F
37F1BF6DFC3F
45FE3F77FEFF
13FC3F37FFBF
8DFEDF7FF8FF
5FF97FBBF13F
19FDDFAFF9FF
3BF93F7BFFBF
800B7F6DFA3F
07F9BF23F6BF
0001FF3DFFDF
1FFA7FBDF43F
E5FCBF37F97F
63FFDF57FCFF
E5FF5F8FFC3F
15F13FD7F6BF
C3FFDFF7F6FF
4DF03F17F2BF
97FCFFADFABF
FBF27F5BFFDF
D5F73F9FF8FF
1FF7FFD3F5DF
6DF07F27FE7F
800DFFADF07F
C3FF5F1FF07F
67F2BF5DF0DF
CDF43F27F9BF
A7FD7FABF53F
8BF07FFDFFBF
85FEDF77F17F
5DF13FF7F7BF
0DF4BF7BF2BF
03F65FBFF8FF
37FE7F33F53F
25F3DF3BFFFF
AFF8BFBDF7DF
87F1BF4BF13F
53F6DFDFF53F
25F13FCBF4FF
ABF07F23FBBF
05F0DF07FBBF
DDF03F67F6BF
2FF2BF3DF87F
57F0FF3DFF3F
37FABFC7FABF
ADFC3FCBF7BF
97F4FFF3F83F
000D7F3DF73F
07F4BF07FC3F
ABF23FC7FDFF
7DF9DF57F7BF
CDF6DFDFFE7F
4BFEBF0BF17F
C007BFC3FDBF
07FD7FABF2BF
D7FE7FD3F73F
65FB3FD7FC00
37F07FABF2BF
99FB5F07FC7F
EDF4DFCFFAFF
1FFAFF7DFA3F
47F3BF03F1BF
67F57F33F9BF
D7F600F3FEBF
8FF1BF55FADF
C3FA5FD7FFBF
3FF37FD3F53F
3FF07F9BF6BF
8FF5BF17F3BF
47F57FB3FD3F
3BF4BFEBFE3F
07F5BF0BFABF
0FFBBF3BFCBF
B5FDDFCFF97F
5DFDDFB7FC00
23F8DF47F4FF
1FFF008BF73F
BBFB7F93F03F
87FCBF33F07F
DBFC7FE3F93F
200DBF4BF73F
ADFD3F77FDFF
AFF7BF8BF5DF
67FFFF6DF93F
9DF5DF7BF37F
EDFEBFDFFB7F
3DF13FCFF400
83FB3F73FC7F
27F4BF83F97F
77FF7FEDF6BF
47F87F7DFBDF
27F3FFBDFA3F
B0097FEBFE3F
ADF43F97F6FF
C3FF3FBBF17F
3DF2DF67F67F
07F1BFADF1BF
3BF1FFD3F93F
9DF73F37F97F
F7F000E3F53F
1FF47F5BF93F
4FFD3F3DF4DF
97F0BFBDF33F
FDFA5F7FFEFF
CFF0FFDDFC3F
27F87F43FF7F
ABFAFF23F5BF
5DFA3F3BF1FF
BDF63FCFF1BF
2BFC002BF9BF
F3F75F87F07F
ADF35F37F97F
7DF53F6BF97F
E7FEFFA3F13F
E7FFFF03F93F
23F2DF0FF100
4FF2BF43FF3F
4DFADF3FFE7F
93F8DF6FFFBF
0FFBBF5BFDBF
95F1DFF7FABF
5FF37F13F33F
6BF67FE3FBDF
97FB7FE3FF3F
D7F3FFEBF13F
0004FF0BF6BF
6DF73F5BF77F
BDF0DFAFF97F
5BFB7F9BFB3F
CBF3FF9BF93F
FBFD7F6BF93F
EFFF7F2DF13F
3BF0FF33FB3F
23F43FFBF3BF
55FE3F9BF8FF
0FF8FF13F3DF
3FFD7F0BF43F
B7F57FBDF97F
3BF77FF3F0BF
B5FADF600ABF
AFF33FF3FF5F
2DF8DF3BF63F
9DF0DF57F800
55F13FDFFA7F
BDF15F67F5BF
57F7BF63FF5F
B5F33FD7F0FF
C3F9DF07FABF
2FFF7F1DFC3F
BDF43FA7F17F
6FFA7F5DFF3F
C5F93FF7F4FF
BDF43F8FF1FF
ADFB5F37F17F
EBF9FF87F6BF
D5F53F67F87F
57FE7F4BF83F
AFF7BF83F47F
DDFDDFB7F97F
F5F8DF6FF27F
23F5DF1FF6FF
55F83F6FF1BF
83FF3F2FFC7F
43FF5FEFF7BF
1DFD5F6FF37F
9BFEBF35FCBF
77FC7F35F07F
03FE5F9BF07F
600EFF5BF23F
DBF6FF53F1BF
E7F57FB3F6BF
A3F3DF000A7F
9BF1DF0FFEBF
F7F57F63F27F
1BFFDF2BF5BF
47F4003DF2BF
ADF2DFBFF27F
63FCDF47FEBF
AFF67FE7F0BF
23FABF4FFD00
37F2BFB3FE3F
03FBDF47F57F
7FFE7F53F53F
15FCDFE7FB7F
E0067F8BF53F
23F23FD006BF
5DF6BFD7F87F
BFFA7F0BFC7F
F7FE7F2BF7BF
E5F73F97F9BF
C00E00DDF3BF
03F15F97F97F
27F7BFFDF0BF
DDFF3FE7F0FF
8FF800ADF0BF
1DF23F0006FF
ADF7DF37F87F
FBFE008BFEFF
7BF9FFD3F3BF
17F07F43F03F
65F75F1BFD7F
E3FCDFABF4FF
95F5DF27FBBF
C7F3BF13FFDF
CBF0FF13F93F
EFF97FF3F3DF
97F37FB3F63F
2FF27FC3F93F
DDF23FE7FF7F
1FFA7F23F1DF
EDF1DF57FB7F
A7FC7F5BF4BF
23F0DFE00BBF
6FF0FFE7FCDF
23F8DF30067F
1BF7BF4DF7BF
EBF4BFF3F3BF
FDF15FA7FB7F
BDF2DF7BFE7F
2DFADF3FF000
E7F9BF43FC3F
FFFFBFFDF33F
A7FC7FEBF93F
C5F8BF4FF87F
BBF6FF43FB3F
3DF3DF9FF1FF
C3F95F9FF9FF
9FFC7F83FABF
83FE5FA7F77F
23F65F13FD00
E5F35FCFFDBF
7BFE00DDFC7F
0DF03F5FF0FF
BBF07FB5F63F
E7FEFFD3F9BF
2DFD3F2FFCFF
C3F83FB7FCBF
FBF4BFABFABF
F3FA7F73F03F
A7FAFFABFABF
9FF9FF3BFC3F
8FFFBF73F5BF
5DFDDFEFF7BF
37FD7F53FCBF
0FF9FFBDF7DF
07F17FD3F43F
2FF6FF73FC3F
EDF3DF27FD7F
33F37F0BF67F
03F9BF77F03F
DDF95FFBFF7F
CDF73F47F63F
73F3DF17FF7F
D5F83F8FF87F
04037F23FD3F
EDF3DFE80480
ABF3FF93F03F
D3FEFF5BF53F
15FEDFBBFD7F
7FF6FF0DF63F
B3F71F4BFDBF
3DFC3F17FD3F
97F9BF5DFDBF
4FF8FF13FEBF
E5F9DF6FF87F
CDFB3F67F57F
07FDBFC3F1FF
3DF7DFF7FF7F
55F5DF800F3F
B5F7DF4FFA7F
AFF0BF8BF2BF
87FEFF23F5BF
2DFBDFC7F87F
97F87F13F63F
40077F93F3BF
97FB7F43FB3F
C7F97F0DF8DF
03F83F27F0FF
0BFEDFF7FA7F
37FF7FEBFF5F
07FAFF4BF23F
67F6BF83F4BF
C7F9FFC3F33F
1DF2BF17F53F
7FF9FF53F2BF
F3F5DF27F87F
35F55F80033F
B7F5BF63FB3F
3DFBDF5BF3BF
B5F03F97FCBF
1FF57F2BFC3F
20027F4DF23F
43F6DFFBFE7F
DDFA3F77F07F
2BF67FA3F53F
2FF8BF13F2BF
A7F47F43F8BF
0DF3DFCFF7BF
1FF1BFFDF0BF
8FFE7F4DF7DF
3DFF5F07F0BF
57F2BF8BF03F
97F73F23FC7F
DDF5DF67FEFF
5DF0BFE7F77F
5BF3BF7BF73F
BDF23F67F67F
6FF1BF87F1DF
67F8FF1BF1BF
E5F43F4FF77F
AFF8FF55F63F
7DF8BF5FFDBF
6DF15FEFFF7F
59FB5F6FFDFF
C7FB7FF3F53F
6DF7DFE7F6FF
D5F9DFFFF97F
BBF97FF3FDBF
A3F4DF87F37F
BDFEDF2FF3BF
2DF8DFD7FBBF
BBF4BFFBFF3F
F5F15F47F5FF
B7FA7F1BF9DF
5DF9DF900D7F
67F6FF63F03F
17FBBF6BF87F
17F7FF9BF4BF
4FF57F75FBBF
8BFDBF8BFBBF
69F83F200F7F
DDFA3F17F37F
BBF8FF73F8DF
DBFE5FABF07F
BDF75F47F33F
8DF0DFB7F97F
8FFB7F2BF33F
6DFFDF77F1FF
43F1DF07F47F
FDFC3F4BF7BF
E7F9FF4BF6BF
4FF0BF4BF13F
37F77FE3F83F
FFFAFFE3FF3F
DBF77FB3FD3F
B5F6DFFBF27F
55FDDFBBF07F
E5FFDF07F0FF
EDFADFAFFD7F
4DF53F67F37F
45F5DF77F0BF
35FFDF2FF4BF
1BFE7F8BF03F
9DF3DF77FE7F
FFF9FFF3F73F
85F6DFF3FD7F
9DFCDFABFC7F
27FABFADF9BF
07FE7F0DF93F
D7F9FF7DFC7F
67F4009DF9BF
CFF4BF9DF13F
7FFB7F73F2BF
8FF67F65FE3F
C7F17FFDFC3F
6DF1DF67F97F
FDF5BFFBFCBF
47F37FD3F93F
ADF03F47F600
B5F7DFD3F97F
F7FADF7DF47F
75F75FCBF37F
73F2DFD7F67F
7BF9FF93F3BF
C3FA5FA7FE00
15F15FCFF7BF
55F93F2BF0FF
1DF3DF5BF9BF
B5F55F73F0FF
E3F13F800C7F
83F3BFABF37F
4DF0DF17FB7F
F3FC3F8FF17F
1DFC3FF7FDBF
1DF95F50077F
EBFFBF8DF57F
DBFF7F93F4BF
DDFADF27F27F
39F03FFBF7BF
B7F97FD3FD3F
4BF03FCBF000
0BF8000DF43F
DDF5DF0BF57F
CDF2DFFBFA7F
77F77FD3F0BF
DFFAFFE3F83F
13F55F7BF97F
2BFBDF87F87F
33F3DF0FFC7F
97FF7F53FEDF
07F07F53F97F
3DFF3F2FFD7F
8DF13F17FB7F
97F4BF93F83F
35FCDF0FF37F
BDFA5FDBF77F
C3FE3FABF2BF
33F9DF1FFAFF
6BF0FFF3FC3F
27F17F5DFD3F
9BF87F3BF73F
C7FEFF4BF4BF
1FF3FF33F73F
BDFA5F97F57F
67F400EBF33F
BBFABF2BFCBF
B7F27F6DFA3F
AFF4FF93F4BF
D3F73F6FF37F
67F1BF2BF73F
FDFEDFBBF8FF
75F1BF6FFCFF
8FF0FF3BF9DF
83F15F9BFF7F
67FE0053F9BF
75F5DFE7F87F
45FBDF57FEBF
B5F1DFDFF37F
F5FA3FCFFCFF
03F2DFFBF17F
57F77F87F13F
37F57FEDF4BF
6BF43F5BFABF
200DBFCBF8BF
6FF37F3DF93F
8FF27F93F63F
8DF3DF87F2FF
47FD7F7DF5BF
D3F67FE3F33F
EDFF3F27FBBF
1FF1FF43F6BF
E7FBBF93F0BF
3BF77F83FB3F
8DF83FCFFFBF
CFF67F23F0BF
AFF0007BF97F
8DF0DF77F57F
37FD00BBF2FF
57FDBFE7F2DF
4FFEFF5DF13F
ADFD3FD7F67F
7DFC3F27F8FF
4BFDDFBBF07F
A3F9DFD7F17F
53F0DFD7F4FF
73F3DF1DFC00
87F07F7BF93F
53F2DFC7FF7F
43F8BF00077F
19FDDF3FFCFF
73FABF67FFBF
3BF0000BF83F
15FFDFCFFBFF
DBF97F8BFBBF
7DF13FDFF57F
9DF95FF7FCFF
35FBDFC008FF
EFF6FF55F37F
DFFEFFCBF8BF
1FF47F8BF23F
FDF1DFCFF47F
57F1FF0BF5BF
BBFCFF0BFEBF
B9FADF73F8FF
6BF33F3DF8BF
4DF53FFBF77F
35FDBF2FF77F
5FFA7FCBFD3F
EBF6DF7BF47F
C3F6BFAFF27F
83FABF7FFEBF
BBF4BF33F7BF
9FFD7FBDFB3F
5BF2FFFDFCBF
C3F03F5BFCBF
B7F4FF8BF2BF
D7FC7F87FD3F
35F53FF7FA00
53F23F2FFD7F
7DF95F480A7F
93F5DFEBF800
C3FCDFA7F400
D5F03F97F27F
95FBDF87F5BF
17F7FF03FFDF
C3F95FFFFBBF
C3FFDF97F53F
6DF8DFDBFB7F
D5F93FC7F07F
37F87FBBF3DF
2DF65FCFF3FF
03F95F280380
1DF23F1FF87F
67F8BF7DFB3F
0DF13F8FFBFF
6DF33FBBFFDF
C3F33FF7FDBF
CBF0DF27FCFF
7FF2BF0DFDDF
1FF07F83F4BF
EDFEDF07F7FF
79F2DF07F67F
55F4BFB0087F
77FAFF5DF65F
4FF9BF5BF4BF
83F2DF07F0FF
BBFC7F4BF4BF
4FF77F5BFDDF
17F7BF73F73F
9BF97F6DFDDF
45FC3F200EFF
2DFFDF6FFD7F
9DFA3FE7F27F
E5F23FD7FD7F
60027F2BF53F
93F3DF57F73F
17F27F9BFD5F
85F83F9BF5BF
2DF5DF2FF080
97FC7F7DF23F
A7F97F87F73F
95FCDF3BFD7F
35F2BFAFF2BF
35F6DFEBFE7F
6FFE3F3DFB3F
A7F900F5FC3F
59F2DF20093F
F9FA3FDFF0BF
39FB3FE7F6BF
E5FB3FD7F3BF
75FD3F47FE7F
DBF8FFC3FD3F
5BF9BFABF1DF
8DFEDF07F67F
7DF73FE7F67F
65F43FC7FDBF
3BFA7F53F43F
3BF67F67F73F
F9F63F100E7F
C7F17F43F73F
1DF1DF67F1FF
4FFD7F93F53F
F5F7BFF3F6BF
F7F17FE7F07F
37FDFF73F5BF
2FF37FEBF63F
77FFBFC3F93F
A5F53F63FC00
5DFBDFC7FEBF
13FF3F2FFA7F
03F1DFF00BFF
47FA7F47FCBF
59F03F5006BF
480A7F3BF5BF
CFFBFF83F5DF
27F7FF53FDBF
4FF6FF47FE3F
87F7BFADF93F
9FF47FF5F0BF
DBF17F33F8BF
83F5DF6FF3BF
75F4DF1FFBBF
ADF1DFD00A7F
A3FD3FEBF6BF
F5FBDFB008FF
3FFC7FABFC3F
6DF63F73F300
03FCDF17F1FF
6BF8FF4DFF3F
D7FDBFE3F0BF
DBFF7FA3F07F
E7FBBFE7F9BF
FBFFBF0BFC3F
CDFBDF300E7F
37F8FFD3F1BF
97F3BF1DFC7F
47F57F93FB3F
77FD7F3DFCBF
87FE7F33F93F
DBFCFF43F83F
F5FFDF7BFE7F
83FB3FABF3FF
F7F97FFDF2BF
59F2DFD7FB3F
3DFCDF2BF5BF
75F2DFBBF000
F7FD7FB3FFDF
43F1DF5FF47F
7BF8FF93F27F
17F17FE3FC3F
DFF27FBBFE3F
7BFE7F43FBDF
5FFBFF13F6BF
7DF3DF07F4FF
800F7FE3F53F
CDFE3FAFF9BF
7BF6BFFBF23F
8FF6BF73FA7F
FBFB7FEBFE3F
C3F0DF1FF57F
DDFC5FFFF2FF
65FFDF0FFABF
17F1BF0BFABF
25F13F17FDBF
7BFE0033F0BF
43FB5FA7FEFF
E7FAFFFDF9BF
EFFFFF73F0BF
8FF67FFBFEDF
8DFF5FFBFC7F
ABFADF5BF27F
3DF4BFCBF7FF
67FFBF13F9BF
15F2DFF7FE7F
C3F73F400000
9DFFDF27F9FF
C7FA7F7DF73F
EFF4FF4BFBDF
2FF5FFFBFCBF
07F8BF3BF7DF
1BFD7F67F93F
37FDFFDBF73F
45FFBF77F57F
CDFC3FD7F8FF
5FF57FDDF8BF
80000043FDBF
8FF0BFABF3BF
75FA3FFBFA7F
F5F33F7BF1BF
C7F9FFA3F7BF
3BF77F3DF5BF
A7F2BF6BF0BF
6DF95F6BF47F
73F5BF9BF1BF
6FFA7F67F03F
33FBFFA3F43F
1BFAFF4DFE3F
ADFEDF880EFF
4FF37FADF17F
7DF5DFFBF0BF
EFFC7F0BFB3F
F7FDFF9DF3DF
07F9BFBDFE7F
A7FBFFE3FFBF
93F83F1FF37F
73FF5FBFF87F
C7FF7FD3FDBF
E3FBDF53F0FF
53F2FFFDF73F
63F83F63F67F
F7F97FE3F33F
6DF5DFD7F47F
ABFE7F83F73F
F7F9FFF5F93F
ADFB3FDFF07F
4FF40063F1DF
63F2DF80037F
E5FEDF600DBF
E7F0FF1BFD3F
FBF97F2BF2BF
FBF0FF6BF97F
75F5DFFBF17F
2FF3DF83F93F
CFF37F37F1BF
D7FABFDBFDBF
35F8DFAFFD7F
C3F9BFEFF3BF
77FAFF53F23F
FFFCBF33F6BF
9FFEBFFDFD3F
39F8BFFFF97F
20060033FB3F
0DFFDF97FD3F
8FF37FC3FC7F
EFF7FFD3FD3F
C5F1DF67F97F
97F5FFFDF6DF
ADFEDF57F3BF
EDF23FFFFB7F
27F17FC7F7BF
47FE7F73F8BF
B3FF7F8BF13F
C3F5DFBBF0FF
8DF83FAFFEBF
6BFFDFFBFB3F
77F77F9DFABF
A7F77FFDFBBF
B5FDDF7BF47F
0FF3FFEDF9DF
7FFBBF6DF7BF
A5FBDFC7FCFF
75F13F000ABF
6BF5BF6BF63F
C7FAFF0BFF3F
0BFDBFC7FABF
DDF9DF1FF4FF
0DF73FE7F6FF
83FC3FAFF97F
DBF6FFC3FABF
C7F17FCDFEDF
A7F83FCDFB3F
45F53FB7FD7F
47F6FF7DF8BF
9BF1BF3DF53F
FDF23F57FDBF
4BF27F0BF03F
B5F23F1BFF3F
20017F23FD3F
7DFC3F97FBBF
BDF75F1FFCBF
7FF40043F93F
53F43F1BF57F
03F53F57FEFF
C3F9DF4BFB3F
23FEDFCFF87F
0FF17F9DF9BF
A7F9BFDDF33F
3DF5DF47F27F
0DF0DF67FC00
5DF7BF97F07F
3DFF3FC7F4FF
87FC7FBDF23F
D9FBDF1FF07F
DDF93F17F0FF
37F37F3DFD3F
EFFABF83F23F
5005FF33FD3F
FBF6004DF53F
ABF57F33FF3F
DDFFDFA7FB3F
97F27FFBF43F
F5F3DF97F1BF
ADFA3FBFFC7F
CBFC7F2BF93F
DFF7BF5DFF3F
57FDFF83FCBF
83FF5F8FFDFF
77F37FFDF6DF
2DF83F1FF3BF
E5FA7FEFF500
DDF9DF87F17F
3DFD3FEFFBFF
0FFFBFDBF1FF
3DF6DFCBF87F
03F4DF4FFCFF
00077FBDF83F
93F8DF400200
BBFD7FE3F43F
23FB9F4FF67F
AFFF3F6BF03F
D7F77F13FC7F
A3FD3F2FF7BF
2FFB7FFDF1BF
F5F1DFEBFCFF
CFF77F1DF63F
13F2DFEBF47F
03FABFE7FA00
400E3FB3FDBF
3FFCFFCBF2BF
A7FA7FD7FCDF
DFF07F83F43F
57F7FF63F5DF
67FDBFE3F53F
A7FB7F93FABF
B7F8FFEDFC3F
8DFB5F9FF3BF
33F45F17FADF
BDF55FD7F9BF
27F23F87F27F
03FF9FD7F57F
2DFE3F97F87F
3BFC7F1BFDBF
4BF6FFCDFCBF
17FE7FC3F2DF
1FF27FBDF53F
D3FF3F8FF37F
97FC7FE3F23F
CBF93FABF5FF
BBF8FF27FABF
1BF07F07FEDF
03FA3F67F17F
CDFBDFEFF1BF
0FF6FF55F8BF
7DF23FFBF57F
67F07F13F0FF
27FDFFF3F9BF
BBFF7FADFABF
C7F47F33FC3F
23F35F97FE7F
9DFFDF07FD7F
2FFF7F7DF73F
DDFF9F4FF77F
E0077F3DF7DF
F9F83FE7F9FF
B7F88063FFDF
0DF1DF27F4BF
1FF0005DF73F
3DF7DF87FF7F
FBFE7F3DF1BF
BDFEDFA7FBFF
43F6FF43F6DF
93F07F6BF93F
7FF3FF3DFCBF
F3FC7FFDF53F
1BFFFFFDF43F
53F67FA7F37F
20057F4DFDDF
3FF17F03F83F
4FF8BF7DF93F
400C7F03F93F
4FFBBF23F4BF
1DF75FF7F37F
6FF4BF3DFEBF
6DFADFC3FAFF
17FC7FFDFE3F
97FC7F25FE3F
AFF2FFF3F07F
CDF45F37FBFF
77F2FF03F3BF
B7FF7F53F13F
A7F6FFEBF9BF
D7F47F93F3BF
FFF17F13F0BF
D5FE5F1BF3BF
57F67F6DF93F
73FC7F13FDBF
97F6FFABFE3F
97FE7F47F3DF
3DF23F80027F
8DFD3F6BFD7F
1BF7BF2DFE3F
A7F27FCDFA3F
67F77FC3FCBF
77FCFFA3F63F
7DF00043F13F
8FFE7FB3F9DF
1DF2DFFBFEFF
E3F9DF77F1BF
F5F5DFD7FFBF
5BF5BF23FE7F
A7F77F6BFABF
1DF9DF4BF27F
A7FB7FD3FB3F
2FF07F33F0BF
13FB7F67F97F
2DFF9F57FA7F
100CFF45FBBF
E7F57FA7F53F
DBF8BFF3FA3F
8BF27F57F53F
75F23F27F73F
E3F27F0BF87F
73F17FF3FC7F
F7F37FB5FBDF
2FF97F5DFCBF
EFF77F93F33F
97FBBF93F8BF
63F6DF27F97F
6DF15FAFFC7F
DFFF7F2BFFDF
7FF9FF1BF75F
97FC7F9DF23F
8FF3FF0BFEBF
47FE7F93FC3F
43F83FC7FF7F
8DFADF5BFC00
97F7BFBDF93F
27FE7FB5FFDF
AFFAFF4DF73F
8FFA7F8BFA7F
B5F55F400800
A3FEDFE7FE7F
D3FC7FEBF43F
F7FE7F83F0BF
03F6BF4BF8FF
A7F17F0BF3DF
77F87FDBFBBF
BDF2DF47F37F
BFFC7F43F23F
C008FFD3F93F
F7F47FE3FCDF
0BFDBF0BF1DF
0DFE5FFBF3BF
CFF100F3F83F
5BF97FF3FB7F
67FC7F33FABF
6DFF3F17F8FF
3FFD7FDDF8BF
3FFCBF73F13F
5BF27FDDFE3F
A5F83F4FF17F
63FB5F9FF5FF
27F17F93FB3F
BDF5BF73F37F
77F8FF03FEDF
6FFD7F5DF1BF
BDF83F3FF7BF
6008FF13FFBF
CFFE7F1BFA3F
C3FEDF3BFDBF
77FD7FD3FC3F
1BFD7F1BF2BF
73F07F9BFA3F
97F77FA3F3DF
D7F47F83F1BF
67F4BFB5F7DF
97FE3F97F17F
8DF9DFE7F73F
7BFF7FABFF3F
7BF1FF63FE3F
6DF5DF67F07F
35F8DF0FFE7F
83F95FABF8BF
8DFCBFC7F4BF
77F7BF5DFA7F
C7FE7F8BF33F
77F7BFABF17F
17F8FFE3F13F
5DF6DF6FF5BF
FBFCFF7BF33F
A3F4DFEBFB3F
B1F95F1BFBBF
F7F27F93F1BF
55F75F5BF87F
10067FE3F73F
D1FF5FCFF0FF
AFF1FF73F8BF
5DF03F1FFDFF
6DF1DF9FF7BF
3DF7DF7BF7BF
23F43FAFF7FF
6DF4DF4FFBBF
C5FFDF97FEFF
55FA3FCBF57F
E7FF001BF9BF
EDF9DF07F83F
A7FBFF8BF4BF
DFF97FFDF97F
1DF3DFC7F47F
D0040053FC7F
2DF7DFABFBFF
A5F53F0FF9BF
2007FF63F23F
83F83F37FB7F
1FFC006DF53F
CFFD7FE3FCBF
87FABF93F1BF
0DF83F9FFF3F
87FC7F23F47F
8BF57FBDFF3F
97FE7F23F83F
D7F47FBDF97F
4DFBDF2FF800
E7FF7F73F6DF
47F47F5DF83F
FDFB5FEFFEFF
2DF0DF0FF8FF
3DFEDF1FF57F
B3FE7FABF23F
ABFF7FF5F83F
C7FD7FDDF97F
8BFCDF2FF07F
D5F13F00057F
B001BF5BFDDF
37F8FF43FC3F
17F63F23FC3F
57F97F2BF7DF
35F75F47F7BF
B5F1DFF3FBBF
CFF6FF7DF87F
FBFD7F8DF8BF
C7F57FA7F23F
5BF6FF15FBBF
E807FF63F5DF
75F33F5BF1FF
13F5DF97FFBF
03FDDFF7F27F
99F7DFA7FD7F
75F83F57FAFF
F3F8DF9FFD7F
3BF47F9DFE3F
4DFE3FD7F4FF
88017FEBFE3F
9FF00083FABF
CDF8DF7BFFBF
DDF13FE7F7BF
4FFF7F43FD3F
0FF8FFDDF43F
4FF4FF23F23F
87F0FF83F23F
0FFF7FABF95F
23FEDFF7FE7F
FDFD5F2FF2FF
EFF87F7BF4BF
B5FD3F40047F
87F4BFC3FFBF
FBF1FF27F8BF
F7FEFF93F53F
83F15F97F2FF
87F1DF2BFFBF
97FE7FBDF0BF
6DF3BF1FF57F
F5FC3FA7FCFF
8003BFCBF13F
0BF0BF9DF9BF
03F7DF2BF27F
23F59F73FEFF
57FEFF6BF83F
DDF23FA7F9BF
1BFDFF9BF4BF
A3F6BFF7F97F
83FE3F47FFBF
A3FE3FCFFAFF
37F200CBFE7F
F7F87F7DF03F
4DFB5FEFF7BF
03F83F77F57F
0FF8FF7DF3DF
8BF03F1FFB3F
D7FD7F93F53F
C3F9DFEFFA7F
EBF07F4BFFBF
AFF17F63F6BF
7BF87F63F6BF
65F5DF73F2FF
2DF8DFFBF47F
CDF8BF67FAFF
77F0007DF53F
8FFCFFDDFC3F
97F0FF1DFD3F
200EBFF3F1BF
FFFEFF83FBBF
15F3DF97FC7F
77F4FF7DFD3F
17FBBF53F13F
CBFBFF5BFBBF
AFFEFF73F63F
87F1BFDDF83F
9FFDBF13F03F
5DF25F87FEFF
BFFF7F3DF2BF
E7F2BFADF2BF
83F8BFF3FCFF
DBFE7F75F55F
6FF13F8DFCBF
6FF17FF3F03F
C7F50043FC7F
47FDBFF3F83F
75FE3F2FF600
5BFBFF0DF33F
7FF4FF13F6DF
3DF5DFFBFF3F
E3F15F8FFE7F
25F13FEFF47F
7BF97F4BF07F
EDF63FCFFDBF
FBF27FFDF0DF
DBFD7FA3FCBF
2DF2BF1BF9BF
A7F97F5BF87F
8FFEFF23FEBF
F5FCDF8FF87F
0DFEDFAFFEFF
27F8FF5FF4BF
C7F17F35F0BF
8FF800BDF6DF
E7FA0023FB3F
93F23FE7F93F
D7F6BF93FF3F
53F23F47FAFF
CDF43F1FF07F
C3FBBF2FF8FF
33FF9FC00C00
F3F57F0BFC7F
BBF4FF67F1BF
A7F77F93FB3F
65F73F37F77F
9FF40063FABF
83F33F67FEFF
77F87F07F83F
75F43FD7F8FF
33FADF600CBF
55F8DFB3FB7F
9BF8FFABF93F
0DF73F6FF8FF
4FF1BF1BFE3F
1DFCDFF7FE7F
0FFDBF93F75F
ABF1BF6BF0BF
37F3BFFDF73F
B5FD3F57F97F
9BF6BFCDFE3F
4FF7BF3BF67F
1FFC7F53FDBF
53F6DF6FF8FF
F7F7BF83F9DF
9DF6DF0BFFBF
5DFD5FF7F3BF
BBF3BF3BFFDF
D7F77F23FD3F
33F23F87FB7F
17FDFF8BFE3F
1FFDFFD3F1BF
4FF6008BF47F
5DF75F67F2FF
27F8FFA7F9DF
27FDFFD3F6BF
F5FA3FEFF67F
FFF07F03F73F
BBF0BF93F7DF
43F39FEBFA7F
85F8BF5BFD7F
4FF7BFA3F2BF
75F1DFC7F0FF
DDF8BF0BF4FF
05FF5FF7F37F
13F13F17F3FF
8DFBDFE3F97F
B5F55F97F47F
53FC3F87F8FF
8DF2BF3FFB7F
BFF67F8BFE3F
7DF75FD7FA7F
8FFEBF3BF13F
6DF15F37F97F
D7F57FDBFA3F
ADFADF57F27F
C7F1FF57F8BF
F7F4FFABF87F
23F4DF4FFA7F
25FE3F8FF77F
23FE3FE7F2BF
EDF9BFF7F4FF
E7F97F3DF67F
9FF4005DF17F
F7FF3F3DFDDF
2FF37F93FC7F
ABF200B3FEBF
4FFC7F95F1BF
65F03FB7F37F
6FFABF0DF73F
EBF73F73FCBF
CDF8DFD7FCFF
DDF75F67F53F
B7F3BF7DF53F
FDF45F17FAFF
6FF3FF43FEBF
0DF6DF17F17F
C7F7BFBDFF3F
0FF8FF8BF2DF
4FF27F93F5BF
77F9BFD3F73F
F5F53FDBFB7F
7BFC7FF5F8BF
2DF8BF57F2FF
EDFE5F3BFB7F
ADF6DF37F17F
CDFDDFAFF57F
57F97FC3F7DF
C3F2DFC7F37F
57F67F93F33F
03F4DF7BFB7F
20057F07F1BF
77FD3F6BF4BF
37F7BFE3FBBF
2FFC7F9DFD7F
55F7DFCFFDBF
9FF5FF3DF23F
0005BF2DFA7F
FBF8FF2DF9BF
17F67FABF53F
BDF75F27FEFF
15F8BFEFFB7F
F9F6DF57F17F
A3FF5FEBFE7F
1DF13F97FF7F
ABF4FF0BFC7F
7FF17FFBFA7F
BFF17FB3F2BF
03F1DFFFF7BF
0FFC0093F4BF
45F15FDFFABF
A7F0FF3DF57F
8FF8FF73FD3F
9BF0BF0BFE3F
EFF87F73F9DF
7BF57F2DFE7F
55F5DF5BFCFF
E7F1FF4BF2BF
ADF79FD7F5FF
87F3FF13FCBF
27F8FFB3FEDF
F7FEBF4BF8BF
A7F33F4DF4BF
D7F9FF1DF93F
D3F9BF6FF47F
3BFB7F7DF63F
3BF0FF8DF23F
0FFCFFDDFA3F
03F03F4FF9BF
C7FF7FC3F3BF
93F0BF97F6FF
0DF03FB7F9BF
FBF77FC3F73F
9BF67F63F63F
F3F03F73FF3F
3FFDFF23FC3F
800300ABFB9F
F5FA3FEFF97F
FDFC3F87F77F
4FFB7F83FFBF
03F2DF4FFEBF
9DF1DF87F8BF
DDFB5F0FFEBF
43F5DFD7FC7F
77F47FB3F0BF
47F1BF23F5DF
E7F67FD5F07F
8DFFDF17F500
0001BF73F6BF
1FFAFF43FCBF
7FF33F93FBBF
D3F03F0FF67F
D7F1FF8DF2BF
77F8FF23F63F
37F27FEDFDBF
C3F9DF6BFE7F
000C7FE3FDDF
73F7DF3FF9FF
F3FE3FDDFB3F
7FFA7F03FE3F
10017F33FF3F
13FDBFCFF07F
47FE7F63F73F
0DFADF400B3F
C5FFDF37F97F
E7F7BFCBF83F
17FD7F53F9BF
FDFF5F8FFD7F
3DF2DF17F1BF
0DF85FA7F77F
6FF77F53F53F
3BF57F73FF3F
2FFAFF8BFB3F
1BF2002DF2DF
ADF2DF37FE7F
6DF1DF7BFE3F
79F55F17F87F
9BF17F4BF23F
4BF3FF03FFDF
EFFA7F3DFFDF
E7F27F9DF6BF
DBFA7F7DF5BF
77F97F3DF43F
D7F3BF9DF33F
73FC001DF87F
B5FADFC7F87F
FDF4BF67F37F
97FAFF2BF5DF
65FB3F17FBBF
57F0FF8BFCBF
DDF53F0FF77F
CFF37FB3FBDF
6FFEBFCBF03F
03F55FC7F3BF
8008FFCBF13F
15FB5F5FFCBF
2FF6BFEBF8DF
35F23FD7F7BF
A3FA5FAFF07F
E7FFBFFDFEBF
CBF87F2DFF3F
B5FFDFEBF07F
13F5DFEBF800
45FF5F8FF4BF
C3F05F67FEFF
6DFFDF13F5BF
1BF9FFC3F8BF
BFF27F53F77F
87FFBF93FABF
63F2DF07F87F
800FFF93F8BF
3DF3DF47F1BF
B7F33F8BFEBF
23F2DF27FCBF
1FF100FBFC3F
E7FE7F2BF83F
6FF3BF13F7DF
2DF45FFFF77F
0DF83FBFF3BF
57F4BFA3F27F
37F6FF6DF3DF
60037F3DFE3F
B7FB7F2BF7BF
D7FEBFE3FBDF
63F2BF77FA7F
8BF60033FCBF
97F7BF9DFFDF
37F27F07FDDF
77F87F0BF6BF
A5F47F57FABF
CBF6FF53F8BF
4FFC005DF93F
23F83FBFF7BF
6DF1DF57FA7F
57FB7F63F53F
93F83FC7FB7F
6DF93FCFFAFF
F7FCFFBDF4DF
77FFFF0BF07F
F7F4FF1BFBDF
7BF8FF3DFEDF
67FA7FF5F0BF
8BF7DFBBF500
BDFE3FE7F1BF
6DF03F4FF800
B5F63F1BF3BF
43F87F47F87F
2DFFDF7BF57F
3DFBDF5BF4FF
63FEDF67F3BF
B7F2FF8BF95F
D3FB3F8FF7BF
ABFF7F03F0BF
B5FADF4BFB7F
E7F5BFB3F7DF
AFFEBF0BFCBF
B7F0FF03FA3F
B7F4FF23F8BF
3DFBDF8FF17F
DDF93F13FBBF
EDF13F77F0BF
EDF15FEFF47F
FFF17F23F4BF
CDFB5F5FF7BF
C5F83F3BF2BF
EDFF3F1BF5FF
DDF2DF5FF1FF
A00FBF5BF27F
65FADF5BF97F
67F5FFBDFF3F
3DF4BFD7F3BF
37FCFFC3F73F
57FD7F63F53F
E9F93FCFF17F
DDFEBFE7F87F
B3F75F47F97F
45F2BF6FF67F
7DF75F8FFFBF
BBFCBFABFDFF
57F37FB3FCBF
33FB7F67F4BF
BFF2002DF53F
A00FBF63F5BF
9FFBBFF3FCBF
9DF43FD7F57F
33F9DFD7FE7F
07FE7F13F13F
23F93F0FF400
9DF7DF9BF97F
4BFFBF43FFDF
CDF2DF00057F
47F53F7DFF7F
1DFEDFD7FEFF
F7F80033F2BF
6FF9BF6BF1BF
2BF77F53FA3F
13F8DF37F07F
8FFF3F4BF5DF
A3F7DF47F0FF
5DFDDF17F1FF
0007BFE3F5BF
73F73FDFF2FF
8BF6FFB3F87F
5DF43FF7FA7F
F5F23FD3F4BF
7BF3FF4DF03F
8DF2DFE7FFBF
FFF37F63F1BF
CDF63FF7FF7F
5BFA7F73F8BF
D7FD7F73F13F
4BF7DF3FF97F
A7FE7F47FCBF
63F23F4FFABF
3BFD3FB3FBBF
6FF5BF5BFC3F
77F1FFCBF63F
63FF5FF7FB7F
37F67FBDF53F
C007BFB3F6BF
BBF7BF1BFD3F
E7F3BF47FCBF
D7F57F83FBDF
7BF97F2BF9DF
3DF0BF9BFEBF
5FF7BFD3F87F
9DF43F6FF57F
F3F0FF4BFEDF
13F2DF7FF67F
1BFD7FE3F35F
4FF1BF33F7DF
CFFC00CDFB3F
6DF99F7BF5BF
2FFA7F1BF97F
3FF9FFEDF93F
AFF4FFFDF5BF
A3FEDFCFFC7F
A3FBDF97F37F
B7FF7F33FABF
57F77F2BF87F
BDF95F67F1FF
8FF5FF27F4BF
9DFA3F0FFBBF
D3FD3F2FF8FF
C3FD3FFFF4FF
6DFCDF1FF8FF
1FF3BF75FFBF
5FFAFFADFEBF
0FF87FB5FE3F
1FFFBFC3F03F
0DF33F800D80
03F85F37FF3F
5DF9DF4FF47F
4BF03F47F77F
6DF33F27F73F
CFFDBF3DF2BF
3DFCBFEFF0BF
87FB006DF33F
17FD7F9BF67F
EDFE3FB7F6BF
47FCFF0DF33F
DBF1FFB3FFBF
DFF77F0DFE5F
1DF6BFE00E7F
C7F87FB3F4BF
1FFAFF63FA3F
57FEFF4BF8BF
8FFDFFE3F7BF
3DF3DFF7FD7F
27F17F15FF3F
ADF0BFEFFEFF
FFF27F73F43F
6FF1FF93FDBF
D5FFDF07F17F
63FBDFBFFF7F
EFF37FC3F73F
A9F63FE7F77F
79FBDFBFFDBF
4FF7000DF23F
8DF8DF4BF1BF
EFFEBF83F6BF
8DFF5FFBF27F
43F1FF7DFFDF
C7F6FFFDF73F
B5FF3FEBFCBF
47FEBF2BF93F
CBFF7F7DFC3F
D5FC3F9FF27F
ABFFBF53FADF
87FA7F2BF0BF
13F35FFFF0FF
2FF17FBDF53F
EDFD3FBFF8BF
B7F2BF7DFFDF
5FF0FF5BFE3F
CBF65FEBF77F
CFFAFFC3F43F
5DF15FCFF27F
E7F6BF3DFD7F
F5F4DF57F63F
D7FA7F5BF67F
BFFEFFE3F6BF
E3F6BF07F7BF
1DF8DF9FFA7F
47F0001BF0DF
2DF6BFE7FAFF
7DF2DF8FFEFF
DBF5FFDBF9DF
2FF57F43FD3F
8BF8FFBDFBDF
E7F5BF6DF63F
CBFFBF1BF53F
FDFFDFB7FD3F
67FD7F1BF5DF
5DF3DF67FA7F
2DFB5FD7F0FF
07FB7FB3FFBF
23F95F3DFD7F
5DFF5F5FFAFF
C7F4BF5DF43F
A3FDDF1FF900
6FF77F13F6BF
57F37FB3FC7F
7FF8FF3DFB3F
0FF27FC3FDBF
AFF67F03F07F
7FF6FF33F2BF
EDF2BFD7FA7F
9FF0FF97F23F
CFF2FF43F63F
B7FB7F1BFA3F
FDF3BFB7FB7F
0DF43FD7FBFF
37F97F3BFF3F
47F17F27FA3F
C7F4FFD3F5BF
1DFFDFAFF200
8BF23FCFFAFF
17F77F5BFABF
DDF6BFA7FC7F
43F73F97F4FF
73F8FFCBFFDF
7BF7FFDDFC3F
E5FFDFAFF5FF
7FF37F63FBDF
3BF1BF33FADF
8BF4BFF7F1BF
7DF73FE7FA7F
17F57FBBF8BF
6DFEDF5FF4BF
A7F3FF73F93F
27FBBFBDF63F
FDF43FDFF1BF
03FFDF5BFEBF
D7F17FC3F67F
E7F53FF3F4BF
33F7DF97FA00
F7FE3F23F33F
45F0DF97F17F
07F2FFCDF13F
77F7BF4BF7DF
65FDBFD7F7FF
1FF97FF3F73F
CFFC7FBDFA3F
25FC3FF7F6BF
5FF17F93F0BF
6BF7FF33F8BF
3DFB3F7BFCBF
77FA7F3DF77F
B7F2FF83FC7F
A7F67FADFF5F
B7F43FDDF7BF
DDF5DF27F33F
73FCDF77F87F
2FF27FF5F65F
DBFBDF27F77F
43F9DF1FFE7F
17F8BF93FB3F
F7F5FF2BFCBF
C7F6DFABF27F
3DF8DF57FAFF
4DFADF17FF7F
F7F9BFCBF2BF
95FA7FCFF1BF
F5F83F8FF37F
2DF4DF97FD7F
5DF4BF9FF3BF
35F0DF87FB3F
C3F63FCBF1FF
23FCDF7BF67F
DFFE7FD3F53F
BBFDBFCBF7BF
57FC0073F13F
37F93F93F93F
0FFFBF73F23F
03F83FDBFF7F
9DF63FCBFB7F
1FF700A3F43F
67F5BF73F2BF
1BF73F73F0BF
A7F4FFE7F23F
07FC7F83F43F
3DF35F27FCBF
A7FA7FEDFA7F
6BF500F5F35F
75F0DF53FCBF
8BFD3FDBF8FF
DBF6BF95FBDF
40017F8BF5BF
2DF8BFD7F2FF
57F1FFEBF5BF
03FDDF00017F
A006FF7DF7DF
53FADF87F67F
CDFA3FE7FB7F
B7F33FF3F4BF
2DF4DFFBFAFF
03F53F0FFFBF
9DFB9F0FFA7F
57FF7FE3F2BF
4BF9FFD3FBBF
AFF0FF63FC3F
C3F1DFCFFCFF
53FE3FEBF57F
D5FA3FB7FAFF
5DF2DF8FF1FF
F3F1DF3BF27F
80053FDDF93F
2FFD7FB3FBDF
43F7DF3008FF
A3FC00C3FEBF
ABFE7FC3F0BF
BFF67FB5F3BF
F5F63F07F400
B3FC3F8FF8FF
FBF67FD5FC3F
7BF80065F9BF
DFFF7FFDFE3F
A3FC3F53F77F
A3FDDF47FB7F
FDFEDF3FFC7F
3DF8DF7BF77F
57FA7FEBF0BF
CBF1DF7BFEFF
EFF37FEDF9BF
77F200ABF63F
37F4FF13FB3F
D7FABFBDFB3F
FBF67F5DFFDF
0BF83FE7F97F
67F17FF3F43F
25FABF57F47F
0DF0BF2FF17F
2DF13FBBFC7F
8FFEBF7DFF3F
7DFADF6FF17F
40067F53F03F
CBF67FF3F73F
63F9DFD0087F
35F8DFAFFCBF
D5F53F80097F
3DFE3F37F7BF
13F2DF6FFD7F
3FFF7F9BFEBF
57FE003BF53F
BBF9BFF3FE3F
2FF7BFFDF7DF
19F83FEBF47F
63F63FB7F17F
A7FB7F2BFB3F
27FB3FC7FBBF
FFF27F53FCBF
DBF77F7DFE3F
E7F07FB3FF3F
37FBBF8BFCBF
77FBBF73FBDF
C3FF3F77F6FF
BDF95F5BFE7F
5BF87F0DF33F
200D7FD3F85F
C3FB3FD7FA7F
47F87F4BF0BF
F5F35F67F9BF
1FFD7F5DF8BF
83F9FF87F2BF
87F2BFC3F8BF
9DF23FF7FDBF
0DF93F6FF97F
C5FE3F97F7BF
3FFE00EBFFBF
CFF7BFBDF33F
07FCFFF5FEDF
9BF97FE3F7DF
BBF0009BF83F
77F07F2BF33F
FBFDFFDDF33F
67F07F9DFB3F
FDF4BFEFF17F
53FB3FA0077F
1BFFBFDDF67F
43FFDFC7F47F
5FF20093F1BF
EBF93F27F37F
DDFD3FF7F97F
0DFFDFCFF57F
C7F97F8BFCBF
ADFF3F8FFBFF
43F4DF0FF600
5FF1BF0BFE3F
87FDFFC3F33F
A7F17FF5F53F
7FF4FF7DFABF
4FF27FABF63F
9FFD7F13F63F
97F97F3DF23F
75F4DFD00EBF
19FDDF9BF4FF
9BF07F2DFC3F
BDFF3F77F2FF
19F3BFBFFD7F
0FF67F0DF63F
BBFBBFADF5BF
5DF73F9BF37F
5DF6DF800A7F
0FF17FABF73F
CDF63FAFF4BF
75F23FC7FF7F
4BF9FFCBF13F
13F97F7DF23F
F7F5FFBDF93F
1DF6DFC7F87F
1FF9BFCBFCBF
57FDBF53F17F
9BFC3FE0047F
2DF65F77F17F
0DFF3FE7FF3F
E7FA7F23F8BF
8DF63FD7FEFF
65FFDF2FF37F
EFFB7F93F7DF
DFF3BFCDFC7F
7DF93FE7F0BF
47FBBF8BFB3F
9DF15F5BF67F
F5FB5F5BF1BF
CFF57FC3F73F
17F67F9DF63F
F3FB7F57FC3F
83F1BFBDF47F
ADFFDF7FF57F
AFF37F93F1BF
07F17F47F87F
E7FDFF73F73F
15F2DF0FFB7F
97F97FE5FF3F
EBF5FF43FE3F
5DFD3F53FB7F
2BFCDF27FE7F
17F47F8DF6BF
F7FF7FCDFEBF
8FFD7F83F1BF
57F1FF63F5DF
7BFE7FEBF6BF
5DF1DFA7FABF
17FCFFEDFDDF
C3FFDFC00700
57F6FFCBF53F
E7F4BF75FD3F
F7FFBF6DFF3F
9DFADF07F3FF
F9F6DF27FD3F
BBF57F73F73F
03F65F6BF5FF
6FF3FF8BFCBF
5BF79FFFF0FF
3008FF4BF53F
AFF9FFB3F47F
8FF0FF13F67F
B5F3DFC7F6BF
13FF3FEBF27F
0BF1DFA7FDBF
B7F97F5BFAFF
A3F9DF17FE7F
5DFF5F67F77F
C3F05F37F5BF
2DF15F6FFCFF
4FF77FEDF3DF
95F53F800E00
BBF2FFFDF63F
B3F13FF7F7FF
CFF37F53FB3F
CFFD7FFDFC7F
CBFC7FABF23F
47F7BFE3F47F
17FEFF3BF3DF
FFF37F3DF0BF
FDF9DF17F8BF
FDF6DF88027F
57F3BF1DFEBF
C7F97FBBF1DF
3DF1DF5BF9FF
EFF1005DF43F
E7FE7F23FC7F
F3FEBF8FF63F
95FF5F4BFBBF
03F7DF7FFCBF
83FEDF3BF1FF
77F1BF13F53F
3BF27FDBF63F
B3F1BFF3FA3F
BBF57F9BF8BF
2BFD7F2BF6BF
1BF27F6BF33F
75FDDF9FFC7F
67F77F9BF47F
57F17FF3FDBF
CFF47F93F43F
63FEDF280600
3FF37F0FFB3F
1BF7DF47FF7F
FDF0BFF7FF7F
97FDFF75FC7F
F3F03F9FF07F
03FDDFDFF9FF
EDFDDFCFFCBF
87FEDFF3F53F
3DF4DFE7F1FF
2DF5DFC7FABF
5DF8BFFFF57F
37F07FABFE3F
5BF17F23F1BF
1DF1DFE7FC7F
4FFF7FEBF73F
37F97F13F0BF
CDF93F67F1BF
C7F9FF83FD3F
DDFADF87F9BF
BBF53F7DFCBF
8001FF1BFD3F
ADF2DFE7F9BF
59F5DF77F4FF
B5FD5FB3F87F
4FFD7F5BF63F
B7F0FFBBF8BF
B7FBFFABF83F
C7F4FF23F73F
7DF3DF87FC7F
13F5DF4BFB7F
A3F5DF93F57F
EBF0BF7BF800
0FF47FD3FFBF
FBF97FDDF47F
D5F9DFF7F27F
0FFE7F27FD3F
8DF65F37F8FF
BBFCFFE3F87F
8FF8FF7DF8BF
6FFB3F27FDDF
E7F4FFC3FF3F
15F63F7BFC7F
67FFBF2BFE7F
75F9DF5FFABF
25F9BF6BF57F
EDFADFCFF17F
BBF400C7FD3F
3DF73F37F5BF
10067FA3FCBF
FFFCBF1BFDDF
EFF2FFCBF13F
03F43F67FAFF
9DF6DFAFFBBF
5DF03FB7F4FF
43FBDF4FFFBF
B5F23F2BFA7F
67F80053F8BF
C7F27FFDF73F
63F63FFBF27F
BBFC7FB3FCDF
FBF4BFCBF7DF
BDF63FF7FC7F
75FA3FBFF3BF
5BFC0013F33F
17FA7F03F73F
37FF7F73F6BF
C7FBBF4DF2DF
63FBDFFFF27F
07F80063F0BF
2FFBFF53F5BF
2BF17F9DF9BF
FDF6DF8BFD7F
8BF73F73F07F
A7FCFF55F75F
F9F35FC006FF
23FC0013FBDF
A5F43FD7F2FF
EDF4BF37FA7F
27F0FF8BF57F
BBF4BFC7F73F
37F77FABF97F
F5F53F47F3FF
17FA7F23FABF
57F5FFBDF3DF
57F2FF0DFD3F
2005FFF3FD3F
1DF9DFB7F2FF
DFF1BF0DF5BF
1DF03F07FE7F
6DFB3F17F3BF
9BF4BFFDF13F
8FF8FF0BFE7F
23F47FE7F4BF
E5FCDF57F6FF
0FF0FFFDF3DF
DDF5DF7FF7BF
57FD7F8BF77F
2BF7DF27FDBF
A3FB3FF7FB3F
6BF20063FEBF
77F67F9BF23F
E5F93F9BFA7F
83F43F07F8FF
25F33FEFFB7F
3BFFFF13F03F
4FFC7F23F9DF
90013FFBFB3F
E7F4BFADF07F
9FFDFFABFCBF
2FF37F3BF2DF
7BF000C3F93F
03F85FB3F4FF
63FD5F17FD7F
43F63F6BF87F
F7F5BF03F2BF
63F65F37FF3F
35F6DF63F9FF
8BF0FF95F87F
FFF4FF13F47F
0DFEDF7BFA7F
6DFC3FF7F3FF
DFFB7F33F8BF
DDFCDF9DFDBF
9BFE7FABFABF
2DFBDF67F77F
FBF1006DF53F
3DFBDF97FE7F
77FFBFFDFFFF
03FC3F4BF87F
79F6DFCFFCFF
75FB3FF7F2BF
6FF17FDBFEBF
7DF03FD7FBBF
6DF3DF880700
B9F1DFB7F53F
57F07FA3F13F
79FE5F97F33F
3FF1BF5BFEBF
A7F6FF1DF9DF
2DF8BF0FFAFF
7FF6FF33F67F
37F07F63F6DF
3DF53F2FF17F
9DF7DF17FEFF
83FDDF1FF77F
55FEBF07FDBF
57FDBF3BFADF
93FBDFDBFDBF
37F4FF33FC7F
6DF13F77F4BF
95F1DF07FA7F
0DF53F67F9BF
43FD3F17FBBF
BDF7DF6FFA7F
DDFE3FCFF3BF
CBFCDF2BFABF
9BF97FABF43F
63F75F33FCFF
80077F3DFEBF
33FD3FF7F5FF
77F57F1BFB3F
59F3DF87F8FF
3DFD3F6FFB7F
09FA3FDBFC7F
8DFBDFD7F27F
9BF7BFBDF8BF
2DFC3F0009FF
FBFCBF23FF3F
F5F13FEBFB7F
FDFA3F97FDBF
17F7BF63FDDF
57FFBF33FA7F
0DF83F97F4BF
13F8DF87F5FF
7DF9DF9FFA7F
37F17F03F63F
D5FFDF97FE7F
1DF93F47FB7F
5FF33FEDFD3F
67FFBF83FEBF
75F1DF67F500
B7F2FF63F83F
B7F2FF73F23F
C3F9BFE7FE7F
7DF9BF07F07F
0FF17F73F4BF
0BF7DF37F2FF
1FF1FFBBFA3F
DBF0FFEDF83F
27F77FEBF33F
87F73F23F73F
1BF9FFA3F33F
FBF57F53F4DF
5DFBDF07FEFF
97F57F63F6BF
9DFCBFEFF57F
BDFD5F2FFB7F
15F3DF37FA7F
95F9DF3FFB7F
4FFE7FEBFEBF
4FF33F4DF63F
6BF5FFE7FF3F
FBF2FFEBF53F
15FE3F8BF97F
8FFEFF53FF3F
97F47F93FF3F
17F8FFC3FDDF
3BFDBFB5F23F
8FF0FFD3FCBF
DDF6DFE7F0FF
EDF55F97F0FF
BBFBBFE3F53F
13F6DFFFFD7F
0FF3BF73F73F
B5F75FB7FA7F
B5F0DFA7FABF
DBFCDFF3FB3F
ADFC3F57FBBF
F7F0FFC3F9BF
8BF77F8DFB3F
9DF25FDBFCBF
07FC7FE3F53F
93F83FEFFDBF
BDF6DFAFF6FF
3FF17F23F8BF
ABFA3FAFF7BF
F7FC7FE3F3BF
65F55F0FF2BF
1DF5BFCFFB3F
C3F63FE00AFF
ADFBDFCFFCFF
47F6FF33FB3F
55F3DF6BF2BF
63FABF17F97F
D7F4FF6BF23F
45FE3F57F000
0DFF3F7BF97F
3DFC3F1FF4FF
E7FE7F35F73F
83F15F97F57F
07F0FFB3F0BF
DDF63FFFFCFF
97F37F93FE7F
75FADF000BBF
FBFDFFEBF3DF
73FA3F2FF1FF
DDFC5F67FDBF
1DF93F4FF67F
BBF27FFDFC3F
75F3DF000C7F
53FEDF37FEBF
93F65F80017F
47FFBF1DFCBF
95F55F4FFD7F
ABF53F7DFABF
F5F0BFC7F47F
EBFE7F43F13F
BFF17F03F67F
7DF1DFE7FCBF
5BFE7FA3FABF
A3F3DF8FF37F
E006BFBDF0BF
45F3DFD3FFFF
1FF0FF4DF9BF
000FBFBDFFDF
97F67F3DFE3F
AFF17FABF83F
F3FE3F37FAFF
3DF93FDFF0FF
DDFEDFE7F67F
67F7BF3BFFBF
EDF7DFE7FDBF
A5FBDF0FF900
CFF67F35F43F
65F2DFC000FF
1BFBBF8DF63F
37F87F3DF63F
4BFADF0FF57F
C7FD7FFDFB3F
35FCDFDFF07F
3DF3DFE7F2FF
0DF13F7FFC7F
DBFD7F7BF6DF
F7F0FFE3F3DF
D5FCDF2BFABF
03F63FC7F07F
3DF23F4FF8FF
B9F43FDFFD7F
ABF1BF6DFCBF
E7FB7FEBFABF
FDF83F6BF3FF
DDF8DFAFF17F
EDFD5FF7FC3F
E3F4BF3FF000
57F4BF35F7DF
67F0FFC3FF3F
CDFEBFFBF7FF
03F23F9FF1BF
DBFCBFBDF13F
E7F9BF4BF93F
5FF9FF65FF3F
93F6DF1FF1BF
69FC5F57FE00
EDFA3F97FFBF
F7F10013FBDF
4DFC3FD7F87F
DDF2DFC7F07F
F5FC3F07F0BF
5DFB5FF7FCFF
37F37FDDFF3F
23F1DFEFF57F
EDFB3FAFF8FF
2DFDDF87F77F
83FD5F07FF3F
EDFE3FF7FB7F
3DF23FF7FF7F
87FB7F33FABF
2DF73FF7F4FF
33FFDFD7F7BF
15F73F8FFBFF
17F7FF8DFB3F
0DF7DF47FABF
FBF07F4BF8BF
FBFE7FADF87F
9FFC0063F7DF
EFFC7FABF13F
5DFD5F87FFBF
6DFC3F2BFF3F
C3FAFF0DFDDF
7DFC3F4FF0FF
55FADFAFFF7F
5BFB7FF3FB3F
B7F6FF1BF93F
EFF4FF63F03F
EBFEBFE3F43F
D9FEDFDBF1FF
B5FFDFA7F07F
57FB7FA5F6FF
33F8FF13F53F
5006BF6DF5DF
B9FBDF8BF7BF
13FEDF0FF9BF
6BFE7FABF1BF
F3F35F0FF73F
D7F57FEBF2BF
ADF53F67F97F
0DFBDF0FF8FF
03FD5F3BFE7F
E7FABF3DF0BF
47F67F7BFB3F
0FF6FF6DF4FF
E7F87F73FDBF
DDF1DFF7F33F
BBF73FEFF8FF
6FF67F93F9BF
6DFDDF37F07F
97FF3FCBF2BF
5DFEDFD7FCBF
8FFFBFBDF93F
200D7FDBFFDF
F7F0FF95F6BF
4FF27FB3F9BF
0DF9BF7BF3BF
4FFA007DF33F
1FFC7F0BF9BF
C7FFFFCBF83F
8FF5FFC3F8BF
23F67F43FDBF
35F8DFBBF2BF
97FE7F6BFC3F
FDFEDF47F9FF
25F35F47F37F
EDFA3FF7F07F
87F2BF03FE3F
45F83F7BF57F
BBFC7FCBF0BF
ABF63FA0067F
BDF23F4BF6FF
C7FE7FCBF93F
77F47F5BFE7F
8FFD7F1BFD3F
23FA3F97F87F
5FF4FF7BFA3F
D7F17FBBFDBF
1DF0BF9BFDFF
5DFEBF0FF07F
CBF9FF03F3BF
9DF7DF97F57F
FDF4DFBFFB00
57F4FF13F6BF
E7FEBFCBF8BF
FFFAFFABF1DF
ADFA3FEFF9BF
27F0FFD7F8BF
9FFF7FE3FDBF
85FFDFA7F7BF
73FCBF2FFA3F
F3FFBF1DFD5F
B5FD5FC009BF
A7FA7FBBF93F
67FE7F07F07F
83F23F3BF6BF
B7F27F75F87F
5DFABF37F600
57F4BFADF0BF
DFF9BF73F83F
37F07F2DFF3F
87FB7F0BF7DF
D7F5FF43FFDF
E3F75F5BFF3F
87FF7F7BF2DF
8DF23FFBFC7F
67FF3FBDF07F
2DFC3F0FFF7F
E3F15FA7F27F
E7F57FCBF2BF
7BF67F13F9BF
9DFF9F87F17F
B5FCDFCBF23F
35F8DF5FF17F
93F7DF27FBBF
AFF6FFADF5BF
FDFC3FB3F77F
35F9DFD7FDBF
4DF23FC7F3FF
F3F400A3FB3F
67FF5F1BFD7F
DDF55FEFF9FF
8FF07FBDFFDF
47FBBF33FC3F
0FF57F03F6BF
1FF0FFFDFA7F
800BBF2BFDBF
5FFABF53F3BF
63F8DF77FD3F
9BFBBF93F63F
29F0BF9BF47F
4DF4DF4FF900
5BFC7F2BF0BF
CDF15F8BF2FF
83F0DF87F6FF
6DF0BFF7F0BF
2FFF7F43F2BF
9FF57F85F13F
C5F1BFBBFDBF
5FF77F03F0FF
2DF13F60057F
BDF2DF7FF9BF
5DFCDF6BFCBF
9BFF7F7DFEBF
D3F9DFEFF67F
FFF5004BFEBF
17F77F4BF87F
97F77F93F5DF
43F2DF2BF77F
5DF4DF17FB7F
DBF37F2BF1BF
EBF37F8DF37F
DBF39F47F8BF
43F71F17FCFF
B3F0BFDDF53F
67FEDF2BFCBF
2DF6DFEBFB7F
45F83F180E7F
8BFB3F07F27F
2FF7BF83F13F
8DFD5F2BF1FF
DDF3DFE7F87F
C3F9DF4FF0FF
D3FFFF0BF73F
13F39F47F6FF
1FF97F33FA3F
DFF4FFF3F73F
95FA3FFBFEFF
3DF73F57F8BF
EDFB3FC7FC7F
83FB5F77F8FF
7DFE5FF7F6BF
87FB7F47F6BF
05FE3FCFF4FF
FBFEBF83F27F
B3F1BF17F07F
8BF4BF33FC3F
27F87F93F4BF
7DFE3F57F8BF
6DF6DFCFFD00
EDF85FCFF27F
0DF95F97F37F
27FAFFEDF33F
F7F3BF2BFC7F
E5FD3FEBF97F
D7FCFF2DF13F
A7F93F3DF1BF
A5F3DF7FFAFF
29F9DFE7FBBF
E3F4DF0FFFBF
B7FB3F25F2BF
33F0DFDFFCBF
7FFF7FC3F63F
FDF0BF07F47F
9FF73F63FEBF
FBF1FFA3F4BF
CFF47FA7FF5F
B3F83F47FE3F
77FF3F93F13F
F3FEDFB7FA7F
17F4BF53F4BF
CFFFBF53F1BF
5BF27F23F33F
7BFDFF43FFBF
4FF47F95F13F
37FEBF6BF03F
27F8FF2BFF7F
35F0BFEFF2BF
BFF37F93FDDF
4DF1DFF7FCFF
2FF1FF9DF3DF
2DF95FF7FD7F
E5F5DF27F4FF
7DF9DF5BFDBF
7FF0FF9DFDDF
D9F73F77F1BF
5FFC7FDDF73F
73F9FFCBFBBF
4BFDBF23F03F
BFFDFF13F2BF
C7F1FF0DF43F
3FFCBFA3F57F
3BF07FA3FEBF
93FFDFA009FF
53F1DFC7F7BF
F3F53FD7F1BF
400FBF0BFF3F
DDFC3F77FAFF
55F35F57FDFF
87FFFF73F53F
C004FFEBFDBF
A7FA7F83FD3F
5DF13F0FF6FF
05FFDFBFF7BF
75F8BF17FEFF
43F5DFDBF97F
EDFC3F2FF37F
D5FE3F57F200
3DF93F3BF17F
05F0BF97FCBF
E7F3BF7DFDBF
43F53F3FFCFF
CBF75F2BF9BF
67F8FF5DFADF
F5F9DF97F17F
BFF07F8DF87F
75F33F3BFD7F
A006FF95F9BF
4FFFFFCDFC7F
37F7BF53F63F
3BF1BF8DFBBF
1DF73FBFF4FF
2DFD5FF7F900
60073FE3F47F
1DFEBF4FF27F
EBF5BFD3F8BF
7FF47F2BF17F
6DFFDFAFF8FF
F5F0DF2FFBBF
03F9BF0FF77F
3FF77F67FA3F
F7F2FF63F7BF
FDFE3FF3FFBF
7FF2FFA3F63F
35F65F8FF97F
EBFCFF33F8BF
8DF1DF7BF5FF
BFF07F1DF0BF
A00DFFA3FADF
3DFFDFF7F37F
E5FE5FB3FDBF
F7F1BF07F43F
89F13F27FB3F
EDF6DF600FBF
5DF23F7FFEBF
B3F93F4BF97F
85FFDF3BF9FF
23F4DFA7FEFF
35F63F47FAFF
47FFBF33FBBF
7BF77F83F0BF
13F6FFB3FEBF
73FC7FCBFCBF
9DFA3FBBFB7F
6BF8BF3BF07F
1DF4DFE7F3BF
F5F75FD7F6BF
0DF23FE7F0FF
9DFD3F17F000
79FE5F2BF5FF
57F57FF3FD3F
A5F4DF0FFEFF
6BFDDFDBFF7F
2BF03F5FF400
8FFD7F53F87F
9BF53F400000
D7FEBFA3F33F
63F13F27F17F
05FA9F27F37F
9DF8BF37FFBF
D5F1DF3BF67F
03F15F1BFABF
2FF57F3DF1BF
BDFCDFE7F2FF
9FF6BFE3F03F
EBF2FF6DFA3F
6DF4DFEBFEBF
9004FF6BF83F
9DFFDFCFF67F
B5F1DF53F87F
D3F6DFA7F0FF
47FEBF33FCDF
B7F1FF4BFD3F
9FFB7F13F73F
2DF7DFBBF47F
F9F4DF8FFCFF
67FDFFDBFDBF
7DFCDF57FE7F
35FCDFC7F1BF
7DFA3FFBFE7F
E7F2FF63F53F
17F33F47F33F
FDF63FB7FAFF
D7F7BFF9FA7F
A0047F2BFC7F
45F2DF73F47F
17FC7F03F87F
5DF3DF7BF8BF
47FC7F8BF8BF
CBF7DF440000
33F3DF2BF07F
3DFF3F37F8FF
D7FFFF63F23F
45F83F07F8FF
ABFF7F83F33F
2FF37F93F4BF
17F7BF4BFE7F
37F1BF33F63F
7FFB7F7DF47F
9BF63F87FA7F
FBF9BF13F7BF
99F33F9BF97F
C0017F5DF03F
47F27FEDF4DF
8FFD7FC3FB3F
FBF1DFBBFEBF
F7F5BF93F2BF
3FF37FA3FE3F
03F6DFC007BF
37F000CBF75F
F5F2DF1FF27F
67FAFF0FF9BF
A3F6DF97F4BF
17FBFF5BF4BF
57F57FABF93F
95FF5F37FEFF
800C0083F73F
8BF1BFBDF5BF
A5F55F87FE7F
BBF7BF0FFD3F
97FD7FABFC3F
37F27FADF3BF
D7F37F9BFFDF
2DFC3F97F5FF
AFFDFF0BF73F
65FFDF33F200
DDFB5F6FFE7F
3BF37FE3F4BF
BDF93F77F0FF
A5F33F35F7FF
600BBFF9F5BF
ADFA3FC7F07F
6DF25F37F000
C7F3BF6DF4BF
3DFD3F3BFB7F
6DFD3FE7F97F
A3F53FA7F6BF
FBFC7F13FC7F
8DF7DFB7F7BF
23FC3FAFF57F
13FCBF900FBF
7BFAFFD5FB3F
F3F93F87F97F
47FEFF9BF33F
D3F43F47F53F
8BF3DFFFF8FF
C3F65F87FCFF
A5F53FE7F6BF
4FF47FA3F07F
6FF97F13FB3F
C5F6BFFBF2FF
35FCDF17FE7F
67F4BF1DFEBF
CFF0FFA3FEFF
DDF4DF77F87F
B3FE7FA3FBBF
0FF97F4BFA3F
4DF73F3BF17F
7BF4FF03F4DF
03F1DF73F67F
DDF25F00027F
1DF0DFF7FE7F
9DFD5F47F2BF
97FCFF15F13F
43F03F6FF97F
E7F27F33FFBF
20007F53F43F
B9FDBFA001FF
EFF27F0BFB3F
87F27F2DF0BF
0BFD3F8FF47F
AFFE7F9DFD3F
DDFD3FFBF07F
97F17FF5F4BF
47F9FFFBF2BF
2FF7FF43FB3F
EDF79F77F77F
EBF0BF07FFBF
6BF8FF63FEBF
ABF2BFF5F93F
C7F07FDBF87F
03FCDFABF5BF
77FD7FE3F3DF
8FFDFF0BF53F
47FFBF5DF67F
8FF4FF6BFCDF
4DFB5FE7FDFF
C3FDDF6BFAFF
FDF2DF37F9BF
2BFC3FBBFE7F
CBFABF9DFF3F
55FCBF27F37F
37F0FF5DF73F
4FF9FF13F0BF
CFFBFF2BF07F
33F85F5BF57F
A009FFCBF1DF
73F6BF2FF000
EDF93F6FFCBF
2FF87FF3F83F
9DFA3F47FBBF
55F43F3BF17F
EFFAFF23F3BF
BFF27F43F4BF
D3F13F67F8BF
6DF75F87F07F
ABF07FEBFEDF
A7F97FC3FCBF
EDF2BFAFF7BF
E3F5BFC0067F
07FF7F4BF93F
55F1DFDFF8BF
1DF4DFC7F57F
DFF0FFCDFB3F
8DF2DF0FF7BF
17F57FC3FABF
2FF4FF63FE7F
9FF8FF5DF5DF
B7F1BF03FC7F
1FFAFF9BF6DF
D7F07F7DF23F
95F8DF97F77F
F9F83F37F67F
F7F07F7DF9DF
53FA7F23F73F
6DFF5FE7FC3F
800AFF2BF1BF
53F63F27FD7F
1DFADF97F67F
FFF77FD3F23F
37F1FFF3F33F
6BF2DF77FA7F
ADFE3FE7F3FF
B7F0FFA3FC3F
FDF55F17F3BF
93F4FF63F6BF
8DFF5FCFFA7F
67FAFF03F63F
2BF8BF4DF73F
43F2DF37FBBF
1DF27F4FFCFF
AFF27F0BFE3F
23F33FDFFBBF
E7F27F6DFD7F
FBFC7FE3F4BF
0FF1FF5BFABF
43FBDFF3FE7F
E7F4FF7DF4BF
93FD3FA7F67F
7DF8DF4FF97F
37FAFF03F5BF
FBF13F6DF03F
A3FDDF37FEFF
17F17FABF33F
2BF3DFE7F1BF
0DFC3FA3FDFF
07F57F4DF1BF
55FADF4800FF
17FC00EBF1BF
33F63F67F1BF
4FF55FA7FB7F
8FF9BF2DFD7F
53FC3FCBF67F
E7F8BF0DFBBF
40067F8BF93F
E7FBFFADF2BF
EDF55FB7F3BF
03FB3FABFF7F
DBFDFFEBFD3F
85FADFA7F67F
DDFE3F7BFBBF
0DF75F87FCBF
D3F35FCFF17F
FDFA3FFFF300
ADF8BF5BF97F
6DF73F97F47F
97F07FE3FC3F
A7F93F67F43F
65F0BF07FF7F
43F2DF37F07F
5DFD5F8FF53F
DDF83FDFFEFF
07FF7F83F2BF
0BFF5FE0087F
43FBDF4BF33F
C7F2DFB7F47F
F3F23F47FB7F
27F87F7DFE3F
CFFC7F85F8BF
ADF23FB7FBBF
F3F9DF6BFDBF
27F7BF5BF9BF
55FE5F8FF57F
23F73F07FAFF
DDF9DF7BFEFF
EBF23F17F67F
87FB7F03F7BF
D5F8BF7FF4FF
4DF9BF1BFDBF
EDF53FDFFA3F
9BF2DFEFFA7F
97FFFF9DF8BF
DDF85F77F57F
79F03F7DF1BF
800DFF2DF53F
23F3DFAFF07F
5FFD7FDDF47F
0BF800C3F9BF
DDF4DF37FA7F
1DF0DF2FFB00
D3FC3F8FF27F
77FFBF1DF07F
7FF8FF43FE3F
13FE3F37FDBF
8DF23FBFF400
6DF43F2FF57F
8BF33F97F57F
67F4FF03FA7F
9DF03FF7F4BF
1DFA3F37F97F
77F0FFEBF1BF
3BF5BF2BF33F
C00B7FEBF2BF
C00E7FC3FEBF
4DFDDFAFFCFF
75F5DF900600
57F2FFE3F3BF
13F75F1BFEFF
07F400E3F9BF
0DFE5F9BF6FF
A7FF7FCBF33F
17F27FBDF9BF
E3FA3FC7FD7F
97F97F83F15F
19F6BFB7F6FF
FDF53F27F47F
65F75FB7F4FF
07F57FABF27F
CDF33F6BF67F
F5F03FDFF8FF
8DF53FB7F0FF
63F63F6BF57F
FDFA3FFBF9BF
27F0BFFDF8BF
0DFF5F8FF3BF
8FF27FFDF5DF
05F7DFB7F27F
23F77FC3FD3F
5FFA7FF3F6BF
8DF13F57F400
37F37FABF4BF
1BF7FF03F6BF
55FC3F5BF8FF
5BFA7FDBF33F
FFF47FB3F5BF
F7F4FFA3F1BF
43F4DF07F53F
CBFEFFD3FB3F
F3F75FEFF9BF
1DFBDFABFD7F
57FAFF7DFDDF
BDF43F37FCFF
85FCDF000BBF
B9F55F6FFA00
17FA0083F3BF
6DFDDFDBF6BF
9FFB7FF3F1BF
0DFADFB7F57F
ADF9BFCBF2BF
23F73F1FFA3F
5BFE7FE3FD3F
4DF8BF4BF4FF
BDFADF9BFAFF
2DFE5F87F2FF
57F9BF33F7BF
2BFC3F8FF17F
EDF3DF87F5FF
0DF13F17FBFF
3DF83FBFF97F
A5F5DFABF57F
D5FDDF17F67F
8DF2DFDBF87F
9FF8BFFDF5BF
7DF4DF47F53F
4000FF23F2BF
B3F33FE7F800
0DFB5F57FC7F
1DFD3FC7FFBF
03FDDFD7F97F
17F87FADFABF
17F67F73FABF
6BFB7F93FE3F
87FE7F47F6BF
7FFE7FC3FF3F
7DF33F67F0FF
35FB3FAFF87F
7BFD7FD3FBDF
63FD3F97FBBF
E7FA7FB3FA7F
8FF9FF0BFFDF
CDFDDF9BFAFF
4DF83F6FF1BF
1FFF7FABF03F
9FF77FADF43F
1FF7FFC3F53F
F7F90053FFBF
ADF1DF20067F
C5FCBFABFE7F
BFFCFFCBFA3F
DDFDDF27F7BF
9DFE3FF7F93F
C7F67F73F73F
C3F93F3FFB7F
99F33FC7FBBF
7DF63F3BFC7F
DDFC5F5BF8BF
EDF63FD7F4BF
53F4DF97FD7F
4DFCBF1FFCFF
AFF5FFF5F63F
57F2BF83F83F
600AFFA7F6BF
CFF67F9DF13F
F3F75FEFF3BF
5DF75F6BFFBF
EDFADF30047F
3FF6FFEDFE7F
5DF1BFB7F67F
DDFB5F2BFB7F
C7FFFF83F3BF
E3FADFD7F8FF
35F13F27FC7F
500BBF63FC3F
73FC3F1FF53F
9DFB5F27F4BF
BBF57F63F4BF
E7F67FE3F0BF
7BF7BFA3F8BF
2FFABFB3F83F
A7F75F9DFDBF
A7F0BF3DFD3F
DDF55FA7FB7F
77F17FD3F37F
7BF07F93FFDF
ADFC3F47F7FF
EFF9BFA3FE3F
A7F5DF75F9BF
8FF27F53FB3F
A3FA3FC7F67F
35F03F77F6FF
A3FB5F7BFF7F
2DFDDF6FFC00
47F1FFD3F6BF
C7F9FF33FBBF
27FE7F23F63F
E3F83F00087F
A3F07FC3F83F
47F5BF0BF3BF
BDF93F57FA7F
87F07F3DFF3F
A5F43F17F2FF
7DF43F8BF17F
F7F17F3BFFDF
63F45F7FF67F
EDFF5FBFFC7F
67F7BF53F13F
900F7F5BFDDF
D7F27F03F1BF
DDFD3F5FFF7F
27F57F8BF13F
5FF17FA3FE3F
C7FC7FCBF07F
87FCBF3BFA3F
D7F57FC7F17F
A5F83FF7F000
DBF35F0FF100
F9FC3F27F17F
6DFF9F27F1BF
D7FDBF2BF33F
EFFA7F0DF07F
3FFB7F0BFDBF
8FFAFF1BFFBF
67F17FD3F99F
97FE7F5BFA3F
7BF7BF93FE3F
BDF53F0FF4FF
7FF07F43F93F
25F03F0FF5FF
1BF67F33F2BF
DFF47F83FD3F
63F95FD7FB7F
07FA7F2BF93F
8DFADFC005FF
D5F1DF30077F
47F2FF03FADF
85F35FAFF4FF
27F77F9DFFBF
EFFF7FA3F03F
35FC3FC00000
A3F9DFB7FC7F
EFFD7F23FF7F
B5F03FA7FE7F
5DFDDF97FB7F
4FF97F9DFB3F
CFF5FF8BF13F
DBF6FF5BFBBF
3DF33F0005BF
F5FDDFBFFEFF
EBFB7F43F1BF
75FDBFFBFABF
FDF03FCFF3BF
37F57F3BF4BF
2BF03F3BF2BF
EDF6DF2FFE7F
3BF77F5BFE7F
CDFCBF9BF37F
D3F6DFD7F100
67F57FCDF3DF
ADF0DF8FF77F
0BF03FE7F2BF
47F27F13FD3F
FBFE7F6BFC3F
5DF8DF7BFD7F
47F87F6BF7BF
8FF77F83FB7F
9DF2DF77FAFF
8BFB7FBBF63F
F3F5FF23FA3F
3DF0BF7BFABF
35F83F97F77F
37F80063F63F
DBFBDFA7F2FF
E7FBFFA3FCBF
D7F47F03F8BF
F5F15FDFF2BF
ADF33FCFF9FF
83F03F8FFF7F
75F2DF27F77F
CDF25FD7F37F
37FB7FABFCDF
1DFDDF67F27F
97FFFF4BF53F
B7F1BFE3F8DF
BBFFFFA3FADF
200D7F15FFDF
53FE3FBBF5BF
8FFB7F33FABF
CBF9DF7BF27F
CBF57FE9FABF
5DFF5F80067F
1FF97F7DF63F
BFF27FEBFD3F
C7F27FC3FE3F
A7FCFFBDF0BF
EDF2DF97FBBF
D7F9BF93FFDF
DDFC3FEFF2BF
4FF77F7DF83F
67F0FF9DF33F
ABF47FB5F4BF
CFF1FF9BF4BF
95F63FBBF800
E5F4BFABF87F
CFF9FFDDF83F
23F15F1FF47F
75F8DF57F8FF
9BF6BF03FE7F
0FF07FA3F43F
FDFDDFAFF3BF
57F5BF73F1BF
47F67F83F43F
57F5FF8FF43F
17F87F73F6BF
1DF53F6BF97F
D3F4BF6001FF
3BFDBF1DFE3F
BDFE3FDBF8FF
75FA3F8800FF
FDFB9F87F97F
97F0FFB3FABF
B7F77FBDF5DF
47FFFFFDFA3F
BBF67F5BF3DF
3DFFBFEFF500
23F73FEFFCBF
3BFF7F5DF3DF
5DF63F3FFA7F
47FF7F97F53F
27F9FFADF53F
A7FEBF6BFFBF
FBFE7F8DFABF
17FCBF0BF63F
3DF03FABF3BF
6DF3DFBFFABF
9DFBDF6FF77F
E5F65F47F67F
23FF5FA7FAFF
5BF0FFE3F7BF
BFF07F63F9BF
D7FCFF5DF73F
2FFCFF0BFB3F
8FF67F4BFB3F
D9F0DFEBF5BF
17FAFF15FFDF
27F1FFCDFABF
E7F37F9BF1BF
67FCFF93F3BF
87F47FDBF73F
DDF43F1BF57F
1DF73F60017F
07FD7F03F7BF
8DF2DFF3FFBF
C5F3DFDFF37F
0DF65F27F5BF
8DFDDF8FF9BF
27FA7FA3F5DF
DDFB3F77F9BF
73F65F73FCBF
5DF43FF7F1BF
1FF87F23FA3F
6DFDDF0FF2BF
F7F07F3DF9DF
2BFFDF97F0FF
17F7BF6DF2BF
BDF2DF37F2FF
2DF5DF2BF6BF
6DFE5F0FF9FF
BFF1FF73F53F
6DFA3F37F9BF
F5F9DF3BF77F
2BF0DF5FFE7F
DFFCBF07FDBF
AFFD7F8BF7BF
CFF0FF0BF63F
37F57FBBF73F
87F6BF5DFDBF
DFF37FABFCBF
5FF6FFE3F5BF
75F35FD7FBBF
4FFCFF9DFF3F
7FFFBFF3FDBF
B7F57F3DFE3F
DDF23FE7FD7F
DDF73FD7FCFF
8DFA3F27F3BF
53FFDF4FFB7F
43FF5FABF97F
57FDBFDDFB3F
A7F1FF2BFFDF
FDFFDFC7F67F
1FF6FF9DFF7F
0FF27F63F9BF
B7FD7F63F33F
C5F3DFF3FAFF
75FBDF0FF17F
FDF4DF07F77F
2FFA7F07F2BF
47F2FF7DFB3F
6FF27F83F17F
AFF07F8BFB3F
A7F9BF13F6DF
E3FDBFBDF03F
4FF77FE3F6BF
53F7FF1DF6BF
BBFEFF7DFB3F
63FFDF7FFDBF
6FF400F3FE3F
6FFF7F1BF4BF
77FABFCBF15F
63F2BF37FDBF
47F3BFBDFE3F
DDF83FC7FDFF
35F53FEBF37F
2DFEBFFBFCBF
ABF87F4BF8BF
15FEDFA7FE3F
4FF37F13FFBF
E3F23FDFF4FF
83FE3FFBFB7F
B7F27F6BFA3F
3BF6FF83F9BF
93F13F1FF17F
83FF5F4BF67F
E3F83F5BF57F
5FF7002BF73F
35F2DF53F1BF
2FF67F7DF0BF
D7FFDF6DF73F
BBF6DF37FFBF
37F17F6DF43F
67FEFFFDFBDF
77F3BF6BFC3F
2BFAFFBDFF3F
6DFADF6FF3BF
EDFB5F1BF77F
B3F17F2BFCBF
57FD7FC3F2BF
E7FDFF43F1BF
2FF87FA3F77F
8FFEBF8BF4DF
87F2BFABFDBF
37F4BFEBF27F
75FF3FF7FC7F
37FB7F7BF53F
D7F7BFFDF23F
C7F77F53F83F
DBF77F03F03F
4FFFBF85F5DF
55F5DFC7FE00
E5F4BFFBFABF
8FF4FFCBF5BF
87F77F7DF83F
ABF77F6DFBBF
1BF47FF3F53F
AFFE7FA3F53F
27F47F63FB7F
43FA3FC7FBBF
93F53FB7F07F
47F0FF47F5BF
F9F5DF97F3BF
4FFD7F03F6BF
A7FA7F03F13F
55F5DFB7FF7F
13FCBF87F2FF
7DFEDF77F4FF
7DF7DFAFF47F
83F53FEFFE7F
7BFCBFABF07F
AFF6FF75F83F
D5F3DF57FE7F
2BFE3F17F97F
5BF47FD3FDBF
57F5BF9DF0BF
3BFD7F5BFBDF
F9F1DF57F8FF
47FF7FDBFC7F
47FBFF93FD7F
DFF3BFB3F63F
D5FCBFB7FEFF
37F27F83F3BF
EDF93F8002BF
5DF95F3BF77F
A3F1DF5BFBBF
53F2BFF7F77F
33F93F27F77F
4FF33F6DF2BF
03F93F800F7F
7DF4DF2FF67F
BFF37FDBF93F
47F67F9DF33F
AFFD002DFF3F
77F77FD3F9BF
C5F4DFDBF67F
CDF4BFB7F2FF
7BF9FFEBF8BF
15F03F07FD7F
FBF2FF07F0BF
03F6BF0BFD5F
EBFCDFAFFF7F
83FFDFD7FF7F
4DF7DF9FF5BF
DFFBBF7DFABF
3BF7FFD3F23F
7BFDBFE3F6DF
CFF17F5DF87F
43FF5F17F17F
E7FFBF4BF4DF
75F6DF73F2FF
8DF53F400680
4BF8BF13F63F
2DFADFCFFB7F
63F8DF27FF7F
57F9FF6DF93F
39FBDF47FA7F
65FD3FA7FCFF
6FF2FF43FC7F
DBFF5F53F8BF
C7F47F9DFEBF
4BF07F3DF1BF
D3FF5F17F9BF
57FC7F03F83F
A0027F3DF3BF
0DF67F5BFE7F
A3FCFF73F97F
F5FA3F87F2BF
EFF1FF6BF9BF
C3F23F87F8FF
E7F4FFF3FA3F
27F9FF8BF93F
0DFB9F5BF7BF
53F25F0FF57F
85F2DFAFF17F
27F97F95FFDF
DFFB7F0DFE3F
3DFFDF77FE7F
E5FB5F1FF5BF
5DF23FDBF8FF
3BF7BF7DF5DF
67F6FF83F43F
77FCFF0BFA3F
AFF17F8BF4BF
5FFCBF9BF55F
D7FCFF3DF0BF
17FDDF33FF7F
C7F6BFFDF13F
EDFB3FDFFCFF
87FE7FE7FE7F
C003006DF0BF
A7F27F3DF47F
9FFE7FCBF8BF
E3FFDFF7F7BF
87F17F3DFCBF
ABF37FABF03F
000C7F07FC7F
6FF5FFBBFC3F
DFFDFF73FE3F
8DF4BFAFF07F
1BF57F8BF2BF
D7F7BF27FABF
AFF57FE3F63F
3FFD7FBDFADF
3FF7DFDDF27F
BDF0DF27F3BF
F5F0BF1BF1FF
6FF77F7BF3BF
55F83FEFF9BF
17FDBF0BF13F
6FF8FF2BF93F
D7FEFF33FE3F
B3F53F7FFB7F
1BFAFFEDF7DF
D3F43FE7FCFF
BDF0BF4BF07F
ADF85FEFF93F
8DF1DF9FFCFF
75F7DFDFFD3F
37FA7F27FEBF
6DF4DF6FFBFF
0007BFF3FABF
3FF80053F23F
F7FEFF23F83F
ABF6BF6DF4FF
43F7DF97F27F
2DFABF57FEBF
6FF1BF23F2BF
D7F67FEDF6DF
07F3FF13F1BF
5FFDBF43F93F
F5FDDF5BF87F
F7F6FFBBFE3F
FDF2DF97F97F
A9F83F13FD7F
35F3DF1FF7BF
79F83F97F400
83FE5F7BF57F
53FD3F9FF7BF
9DF0BF3FF0BF
E3FDDF97F9BF
0DF13F37F0BF
47F57F37F73F
EDF35F8BF67F
73FC7F63F0BF
13F93FCFFF7F
BDFB3F47F6FF
FBF4FFBDFB3F
BDFA3F97FA7F
F5FF5F87F500
CBF8FF4BFD3F
97F67FB5F3DF
5FF97FCBF0BF
97FF7F9BF07F
F7FF7FEDF5BF
83F9BFC7FD7F
79F3BFF3FF3F
FDFF5FD7F6FF
77F87FE3F0BF
A3FB7FEDFEBF
87FCDF97FFBF
FBFA3FEBF77F
7BF07F13F0DF
47F5BFA3F8BF
47FFBF9DFE3F
D7F67F1BF6BF
55FF3F57F07F
87F53F5BF0BF
BBF1FFF3F1BF
A7F2FFCBF4FF
2FF8FF8BF6BF
A3FBDF5BFEFF
D5F23FF3F2FF
DDF43FF3FD7F
D5FEDFF7FFFF
77FC8083F23F
03F6DF67F8BF
95F9DFC00F7F
5DF43F67FD7F
0DFDDF17F77F
F3FA5FABFB7F
2FF77FDBFCDF
DDF03FAFF57F
57FF7F23F13F
5DFD5FA0027F
8DF75FA7FC7F
7DFCBFFBFD7F
97F8BFD3FC3F
3BF23F4BFDBF
F3FEFF83FA7F
47F03F77F23F
E7F4FFDDF7BF
ADF83FFBFE00
35F93FCBF6BF
8DF0DFFBF97F
23F23F8BF1FF
87F97F1BF0BF
B3F7BF4BF2DF
FBF87F0DF5BF
55F13F2002FF
2BF9BF93F33F
FDFADFF7FA00
DBF5FF4BF3DF
6DF23FDFF87F
2DF4DF0FFCFF
F7FFBF57F23F
F3F97F63F6BF
8FF7FFA5FD3F
13FCBF1FF77F
30053FABF4FF
CDF5DF47FA7F
A3F3DF900F7F
0FF27F2DF7BF
2FF07FEDFCBF
83FA5FDBF200
19FF3FBFFD7F
37FCFFCBFB7F
EDF03F6FF77F
FBF67FCDF63F
BDFE3FA7FEBF
AFF6BFCDF6BF
AFFDBFEDF63F
35F9DF5009FF
BDFB3FFFF900
3FFA006BF43F
8DFE3F6BF1BF
DBF0FF7DF63F
67F4FF73FC3F
55FB5F9FFA7F
AFF100A3F73F
F7F0FFA3FABF
AFFE7F55F7DF
BFF57FE3FB3F
6DF7DF57FCFF
2DF1DF8FF4FF
8BF63FE7F9BF
3DFDDF8FF73F
0FFFFFDBF23F
BDFDDF3BFFFF
47F7FF2DFE3F
2FF07F57FB3F
95F03FD3F0FF
9FF8FF93F73F
7DF13F2FF57F
FBFD7FF3FCBF
5FF87F63FA3F
83F1DF1FFAFF
D7F0BFF3F47F
1DFFDFDFFAFF
EDF7DF17F2FF
6DF53F90007F
B5F93F40057F
2FF8FFCDF0DF
5FF3FF4BF23F
F5F65FC7F4FF
FBFF7F5DF3BF
DBF3BF6BFFDF
10047F47F4BF
C3F35F57FABF
0DF23FB3F7BF
5DFD5F0FFEBF
B0077FCBFD3F
27FDFFBDFDDF
BDFEDF77F17F
67F9FFCBFE3F
9DF63F17FAFF
35FB5F5FFE00
3FFBBF87F4DF
5BFFBF0BFE3F
9FFBBF83F53F
B3FE3FCFFE3F
AFF77FC3F33F
6FF07FE3FCBF
5DFE3F17F37F
97FE7F9BFB3F
ADFB5FDBF1FF
33F47F93F63F
75F2DFAFF67F
CDFFDF1BFC7F
05F43F6FF1FF
BDF33F40087F
CDFBDF87F57F
75F6BF97F9FF
87F37F93F33F
B7FDBF0BF2BF
1FF8FF13FF7F
ADFA3FE7F9BF
1FF4FF43F4BF
27FBBFC7FEBF
75F6DF6BFEBF
65F8DF0FF97F
9DFCDF17F8FF
6DFB3FF7FC00
BDFBDF7BF3BF
C7F9BF0BF0FF
3FF37FDDF8DF
F7FF7FBDFF3F
EDF3DFBBF33F
ADF6BF6FF6FF
17F2FF23FFDF
4DF1DFBBF17F
97F8BF93F43F
47F4FFADFE3F
7BF8BF2BFA7F
7FF0BF4DF0DF
37F5BF83F93F
A3F43F4BF17F
07FFFFDBFEDF
7FF53FBDFF3F
4FFCFFADF73F
FDF33F57FC7F
5003FF93FCBF
03F93F1FF67F
95F0DF7BFBBF
DDF33F2BF57F
5DF5DF7BF3FF
BDF7DFA7FA7F
CDFBDF13F07F
F3F0BF2BFBFF
2DF8DF9BFA7F
D7F5BFDBFEBF
C7F47F43F43F
0DF75F63FEFF
53F03F7BF1BF
63F83FF7F9BF
EFFC005BF8BF
FDFDDF67FC00
1FF2BF8BF1BF
0DF05F73FB7F
B5F83F87FCFF
F3F33F17FF7F
FBF3BFD3FE7F
75FDDF27F07F
43FEDF2BFDBF
8DFB3F2FFC7F
53F77F33F0BF
57F37F07F8BF
93F1DF37F87F
EBF9FFADFD3F
50077F3DF7DF
F3FCBFFBF87F
35F8DF2FF87F
6BFCBF8BF3DF
DBF6FF53F03F
77F7BFEDFD3F
BDF63FCFF9BF
03FC3FABFEBF
7BF2FFABF23F
1BF03F8FF57F
7BFA7F0BFF3F
0DF33FF7F9FF
19F65FC7F1BF
87FCFF73F2BF
35FD3F4002BF
8BFC3FCFFEFF
7BFCBFBDFDBF
13F17FABFBDF
87FF7F23F03F
37F3BF4DF53F
27F7BFF3FC7F
9DF25F9BF9BF
13FEDF5BF67F
07FCFF13F7DF
DDFCDFB7FC7F
1DF83FF7F27F
C7F2FF13FD3F
97FEBF1DF4BF
A0077FC3F3BF
27F17FB3FFDF
3FFEFF95F13F
67F17FB5FFDF
83F4BF3BF93F
FDF33FD7F5BF
ADF3DF9FFDBF
B5FA3F57F07F
B5F0DF57FAFF
2FFB7FA3FE3F
83FCDFF7F4FF
0DFF5F37F800
BBF67FABFCBF
17FFBF1DFB3F
4DF23FB7F77F
B9F9DF6008BF
15F03FD7F7BF
1DF8DFABF07F
E3F9FFDBFFBF
7FF87FEBF8BF
BBF3FFDDF4BF
27FFBFE3FABF
83F7DF4FFF7F
3FF6BFD3F4BF
67F67F33F1DF
D5F63F77FF7F
77F2BFD3FB3F
7DFADF3FFE7F
AFF17F8BF73F
8DF1DFDBFCBF
27FBBF2BFB3F
37F13F1BFF3F
E5FADF2BFC7F
500B7F35F03F
B7FF7F03F8BF
ADF5FF0BFADF
6FF6BF13F93F
15F93F0FFE7F
3BF37F03F1BF
53F4DF900200
DFF0FF03FC7F
BBF0FF93FC3F
CBF27F2BF9DF
B7FFBFA3FABF
55F1DF8FFCFF
6FFFBF53FB5F
63F73F97F17F
D5F23F2FF3BF
ADFDDF000DBF
47FC7FA3FE5F
0FFD7F23F53F
73F03F67F37F
A7F5BF8BF03F
57FF7FABFDBF
CFFAFF7DFABF
C3F55FEBF37F
4DF4DF87F97F
57FF7F6DFEDF
EFF57FB3F03F
D5F0DFB7F67F
9DF5DFA7F97F
9DF3DFDFF6BF
B5FC3FF40D00
FDF8DF8FFDBF
47FF7FD3F2BF
1DF6DFE7FF7F
9FFDBF6BF7DF
69FE3F600B7F
D7F57F5DF4BF
A7FAFFDDF5BF
FBFF7F73F3BF
F5F15FBBF8BF
AFF6BF03FEBF
1FFD7FC3FB7F
17F00053F73F
73FA3F47F1FF
73FC3FF7F000
DDF7DF2FFC7F
8FF37F95FCBF
33FA3FAFF57F
53F7FF53F6BF
1DFC5F33F97F
ABF59FF3F37F
73F1FF1DFFBF
EBF1DF83FEBF
F5F43FA7F3DF
97F7BFF3FA3F
67FF3F35F53F
33FF5FDBFA3F
75F8DFAFF9FF
45FB5F6FF7BF
3BF63FC3FBBF
D5FD5F2FF480
FBF67FBDFC3F
75F2DF3BF27F
C7F87F83F9BF
0FFDBFBBF2BF
5BF4FFDDF7BF
2DF53FABFFBF
23FF3F9DF1BF
DDF3DFFBF57F
B3FE7F3BF9DF
2DF63FBBF2FF
6BF67F1BF9BF
F5F43FCFFA7F
CFFB7F93FFDF
93F8DF7FF8BF
DDF93F47F2BF
87F77F7DF53F
6BF6FF2BF17F
2DF7DF6BFDBF
FDFC3FF7FDFF
95F75F1FF2BF
57F3FF43F7BF
D3F4DF37F0FF
3DF1DF87F6FF
DBF37FA3F33F
47FEBFE3FBDF
E7F07FABFEBF
B7F87FA7FA7F
07F17F43FFBF
D7FCBF15FB3F
77FE0023FD7F
37F7BF93F7BF
47FB7F6DFE3F
1BFDDF6BF87F
FBF4FFABF5BF
8FFF7F0BF2BF
6FF37F2DF7DF
D7F07F9DF7DF
65F5BF37F7BF
C7F4FF73F4BF
3BFB7F2BF93F
6DFEDF1BFAFF
B5F73FCFF53F
AFFC7F93F73F
0BF1BFBBF87F
39FF9F000B7F
8BF43F77F3BF
EDF55F2BF97F
93F23F9004FF
F5F15FB7F3BF
15F9DFFFF300
2FF9FFB3F1BF
B5F4BF73F97F
6BF37F1DFDBF
15FB9F2FF27F
03F1FF8BFF3F
67F3BF2BFCBF
3DF95F10093F
83F63F57F17F
D5FBDF1FFBBF
9BF37F2DF63F
DFF07F93F3BF
BDF5DF1FF1BF
13FDDF47FD7F
25F43FAFF7FF
8DF8BF6002FF
83FADF8FF4FF
00057F93FBDF
EBF9FFC7F83F
1BF87FF3FE3F
6BF67FDBF1BF
55F5DF5BF97F
55F2DF97F77F
3FF5FF33F1BF
2DF2BF17F6FF
45F4BFAFF000
B3F47FC3FFBF
33FA5F7FF2FF
67F07F1DFCBF
ABF87F73FFBF
2DFC3F8FF57F
43FADF6FF7BF
1BF67FEBF7DF
ADFD3F1006FF
8003FFA3FABF
EDF63FBBF93F
8FF07FDDF33F
13F33FE7F5BF
47F9BFDDFCBF
4BFF3F4FF47F
63FCDF0FF4BF
5DF0BFD7F97F
BFF7BF53F3DF
23FEBFF7FA7F
6FF6BF57F33F
2FF0FF67FC3F
ABF5FF2BFDBF
27FE3FA5F73F
0DF29F8FFBBF
EBFA005DFEBF
3DFADFA0013F
E7FD7F4BF4BF
ABF0BF37F57F
3DF83F6FF3BF
17F8FF33F1BF
EDFDBF07F7BF
55F33FAFF1FF
75F0BFDBF9BF
D5FF3FBBFA7F
7BF5BFDDF2BF
17F37F2BFEBF
DFF8BFEBF5FF
1DF1DFBBFCFF
73FF7F0BF6BF
7DF95FE7FE7F
C0097FE3FC7F
1DF35F1FF5FF
2FF07F4DFF5F
B5F5DF47F97F
9BF5BFE3FE7F
77F2FFEDF5DF
C3FD5FDBF000
A7FFBFBBF97F
63FF5FD7FD3F
FDF4DFBBF87F
BDF13F47F4FF
B9F1BFBBFA7F
CFF7FFDDF6DF
77F93FC3FB3F
27F4FF13F0FF
9DFDBFFBFDBF
27FEFF93F23F
27F5FF8BF1BF
EDF39F37FC7F
4DF3DF8FF0BF
C00AFF2BFF7F
43FE3FEFF27F
03F65F600DBF
73F63FBBF4BF
8FF7BF9DF33F
F5F0DFFBFF7F
39FD3FC00D7F
1FFC7F6BF83F
FBF9BFBBF7BF
97F1FFD5F5BF
97FAFF1DF0BF
B5FDBF7BF9BF
93F13FDFF7BF
17FF7F35FABF
DDF5DF07F47F
EDF3DF77F5FF
89FD5FF7F97F
EFFBBFA7F0BF
8DF23F00057F
CDF0BF80017F
B7F17F53F2BF
00017F1DF5BF
CDFD5F07F87F
75FEDF6FFA7F
C0077F3DF2DF
97F2FFB3F0DF
3BF9BF83FF3F
15F63F5BFD7F
7DF9BF6FF27F
1DFABFEFF37F
6FF2BF03FCBF
ABF5BF13F0BF
C7F37FF3F8BF
27F37F1DFFDF
37FF7F63F07F
07F97F8BF33F
9DF83F47F37F
1DFB9F6FFC7F
F5FEDFC7F47F
0003BFDBFDDF
3DFABF000D7F
CDFA3F4FFA7F
2BFCFF83F0BF
D7FBFF7DF5BF
F5FEDFC0077F
07F9BF8BF93F
C0077F83FE3F
4DF0DF9BF97F
0DFDDFBFFEBF
B3F53F100F00
F7F9FF13FA3F
7DFC3F07F97F
ADF5DFE7F4FF
15F3DFCFF6FF
2FFDFF0BF73F
EDF25F3BF47F
3BFDFF0BF05F
B5F63FB7F2FF
E3FFFF07F3BF
77FF7F7DFD3F
4DF3DF3FF0FF
EFF47F23F83F
87F5BF65FCBF
EDF83F97FCBF
CFFC0017F9BF
D5F1BF6BFC00
C7F2FFBDF47F
F3FBDF37F0FF
CBF9BFE3F13F
0FFFFF8BFC7F
97FF3F6BFA3F
FBF8FF8DFBDF
E7F7BFD3F4BF
B5F7DF9FF280
55FF5F87FB3F
0FF6FF6BFF3F
C3FF3FDBF47F
9BF7FFABFB7F
7FF47FDDF83F
D7F17FA3F8BF
6FF20073FFBF
2BF7FF13F1BF
2DFB3FBFFE7F
ADF63F0FF4FF
95F1DF87FF7F
E7FA7F67F93F
B7F3BF2BFF3F
C7FE7FB3F17F
DFF27FE7FB3F
17F3BF2BF1BF
EFFB3FBBF1BF
E5F0BF4FFAFF
0FFDFF9DF93F
2FF2001BF13F
5DF33F2FFF7F
67FA7FC3F93F
EFF4BFBBFC3F
57F57F63FCBF
E7F27FEBF13F
77FA7F1DFD3F
3BF67F3BF8BF
AFFE7FBDF4BF
3DFDDFE7FD7F
B7F17FABF1DF
DBF23FE7FA7F
6803BFEBFB3F
EFF17F8DFE3F
07F4FF9BFF3F
6DF6BF500F7F
ADFE5F37FD7F
9BFD3F6FF07F
A7FB7F6DF93F
07F7FFFDF93F
0FFB7F8BFBBF
BBF07F8BFC3F
5DF93F77F23F
ADF43F37F2FF
47F17FFDFC3F
55FD3F17F07F
B7FF7F4BFB3F
5BF87F03F5DF
17F9BF0BF2BF
6DF53FC0057F
2FFBBFABF63F
9DF3DFA7F1BF
F7F4FFC5FDDF
6DFF3FD7F77F
1DFEDFD7F27F
7FF57FD3F5DF
1006BF7DF9BF
2DF2BFBBFC7F
B7F5000BF3DF
C7F2004BF43F
E7FBBF53F73F
45F0DF17F07F
97F1BF53F6BF
DBFEBF43FABF
5DF0BF9BFAFF
AFF17F9BF2BF
97F27F73F73F
D7FDFF3DFEDF
F3F79F3BFDBF
13FADF67FCFF
85F73F8FFDFF
3BF8FF83F1DF
DDF73F9BF400
B7FC7F33F23F
A5F33F7FF600
0DFCDFE00C7F
FBFEFF13FBDF
47FA7F33F7BF
7DF93F6FFCBF
A3FEDF4FFB3F
DFFE7F3BFDDF
67F27F7DFBDF
93FADF800DBF
3DF2DFE7FBBF
75F03FDBF33F
77FAFF03F1BF
F7FBBF6BF7DF
03F7DFF7F000
3DFFDF4FFB7F
AFFCFFEDF7BF
EFF57FEDF13F
5DF2DF9BFA7F
0DF2DF8BF17F
B7FE7FB5FF3F
87FEBFABF1BF
E9F5DFA7F57F
5BF6DFA3F7BF
2DFD3F97F2FF
55FADF67FFFF
BDFA3FB7F07F
ADF0DFFBFE7F
57F77F67F9BF
53F03F4FFCFF
25FFDF17FAFF
9FFBBF75F73F
ADF43FC7F6BF
8FFD7F43FE3F
27F4FF4BFFDF
3DF5DFCFFC00
AFF27F63FA3F
CBF0005DFB3F
BBF87F2FFA7F
CFF17F13FD3F
87F2BF97FFDF
13F33F40057F
97F17FDDFC3F
CBFCFFFDFADF
B3F25F47F73F
FFF07F4BF23F
D7F27F13F3DF
2FFD7FFBF8BF
ADFB5F5BFD00
17FC7FE3FC3F
97F7BFD3F75F
95F63F07F0BF
97FA7F9BF9BF
7DF23F17FDFF
D7F7BFA3F6BF
3DF23F27FD7F
8000FFA7F73F
4DF83FA3F7BF
9DF9DF97F5FF
97FE7F43FCBF
1BF6BFC3FEDF
CDF03F07F5BF
F5F03F9FFA7F
2DF2DFD002FF
FDF7DFF7F1FF
F5FADF3BF8FF
4DF73FBBF2FF
6BF37F8BF0BF
47F17F43FADF
DDF9DFB7F3FF
8DFEDF3BF57F
9FFC7F4BF27F
DDFFBF2FFA7F
8FF8BFD3FCBF
55FCBF73F7FF
DBF3FF5DF6BF
5DF8DF77F600
DFFDBF23F7BF
9BF7BF3BF53F
9BF5BF7DF65F
3FFBFF1DF27F
CDFB5F9004FF
5BFE7F27F53F
03FADF1BFA00
DDF9DF6BF17F
7BF9BF13FDBF
03F25FA80580
9FF8FF6DFABF
2DF83F77FDBF
7DF13F3BF37F
6FF9BFF5F7BF
BFFEBF23FA3F
33F3DF5FF4BF
EDF3DFABF7BF
8DF0DF1FFABF
17FE7F73F23F
3BFEBF53FFDF
1DF03FFFF97F
CFF77F9BF13F
EFF87FF3F3BF
33FC7F93FE3F
2FF67F9DFABF
BFF17F5BF67F
A5F23FBBFBBF
DDF23F400E7F
55FE3F37F7FF
13FC3FE7FC7F
77FEFFEBF63F
5FFFBFBBF2DF
6FF9BF9DFEBF
DBF9BFD3FBDF
5DF1DF4FFDBF
3DFDDFCFF8BF
17FEFF2BF3BF
8DF63F3FF7BF
57F2FF3DF73F
3BFE7FFDFEDF
3DF95FE7FE7F
5DF5DF6BFD7F
77F37F5DFB3F
97FC7F53F3BF
D5FA3F8FF77F
1BF9FFE3FFBF
0DFB3FEFFF3F
DBFCFF3DF3BF
C7F37F4BF93F
FDFE3F0006BF
1DFADFEFF07F
5DFDBF63FDBF
73F53FE7F3FF
97FB7FE3F2BF
4BFCFFC7FEBF
D5F65FFFF27F
07FA7FBBF83F
43FE3F57F07F
400BBFD3F83F
7BF1FFF3F8BF
A3FADF1BF17F
1008BF63FBBF
AFFF7F2BF4DF
07F5FF63FFDF
C7F0FF8FFDBF
57F90013FA3F
C3F3DF8BF33F
93F03F87FCFF
FFFF7FC3F93F
6DFCDF47FF7F
FFF07F03FFDF
5BF80025F2BF
A7FE7FEDF47F
C7F57F6DF0BF
9406BF93FB3F
C3F73F9BF0FF
F5FF3F4FF27F
6DF7DF5FF87F
2FF87FB3F5DF
C7FA7F3DFFBF
95F6DFABF2FF
5DF5BF17F2BF
57F9FFABFB3F
300CBFC3F1BF
83F3DFAFF200
DDFD3F87F67F
93F03F9BF97F
75FADFAFF9FF
7BF3BFDBF1BF
A7F4FF33FFBF
6DF83F7BFFBF
9DF6DF37F400
B3FEBF83F3DF
97F7FF23FDBF
0FF77F93F93F
CFF9BF43F3DF
2DF0DF4FFABF
03F63F7BFF3F
8DF1DFDFF8FF
3FF37F0BF63F
8FF7008BF5BF
0BFA3F0FFB7F
F7FF7F43FBDF
3BF0BFFDFC3F
5BFB7F33FFDF
35FD3FFBF07F
93F03F2FF2BF
FBF97F13F6BF
DFF4FF7BF73F
7FFDBFC3F93F
8BF95FCFF67F
33F63F6FF800
0FFD7FCBF47F
55F15F17F8BF
75F4DF87FE7F
43F7DF3FFA7F
F3F2DF67FB7F
37FDBFC3F23F
7FF57FDDFEBF
2BFE3FF3FCFF
B7FFBFA3F8BF
BFF9BF03F9DF
C3F65F5BFC7F
85F7DF87F1FF
57FFBFF9F07F
57FE7FFBF1BF
DBF37FFDFA3F
9DFBDF87F17F
53FF3FDFF480
87FEFF33F27F
37FA7F7DFBDF
45F75FE7FEBF
DDFCDFD7F7BF
C7FFBF03FB3F
33F83FFFFA7F
83F83FC7F8FF
4BFB7FE7F0BF
3DF6DFB7F9FF
2DFB3F90077F
0FFA00CDFFDF
F9F9DF67FABF
D7FF7F7DF6BF
D00A7FA3F53F
77F1BF33F37F
53FC3FDBFE00
BDFFDF57FABF
5FF8FF9DF7BF
1BF3BF63FC3F
73F43FCFF4FF
A3FFDFBBF1BF
B7F2BF87F33F
ADF13FEFF4FF
2DFF5F4BF27F
F5F0DFBBF17F
B7F37F4DFD3F
BFF87F6DF07F
7DF2DF2FF9FF
3FFD7F1BF13F
100FBFE3F67F
17FC7F13FDDF
B7F27FBDFB3F
FBFE3F07FB00
ABFDBFF3F9BF
F5F15FA7FA7F
CDF9DF000080
D5F3DF8BFC7F
BDF35F87F200
5BF9BF83FD7F
73FF3FB3F17F
A7FCFFE3F43F
B3FEBFB3F1BF
B7F57FDDF27F
27FFBFE3FFDF
77F3BF03F13F
7BF4FFCBF67F
8FFBFF53F3BF
BBF37FBDF17F
6DFA3FE7FA7F
13FF5F37FBBF
33FA3F5FF47F
6006FFA3F13F
57F3004DFABF
F1F53FC7F5FF
37FCFF73F9DF
57F33F03F0BF
EBFF7F43FE3F
E5F23F47F07F
6DF59F47FABF
C5FEDF57FF7F
20097F75F9BF
4FF4FF9BF73F
17FE00FDF67F
93FBDFC7F7FF
DDFCDFFBFC7F
CBF17F13F7BF
47FA7FBDFE3F
4DFF5FEBF5FF
5FFAFFFDF73F
EDFFDF3BF3BF
2DF4DFB7F2BF
3DFADF7BFB7F
2DF73FDFF8FF
7DFBDF07F07F
63F9DF8FF37F
9DF6DF53FB7F
6DF6DF6FF97F
8FFC7F13F47F
55F83F57F8FF
95F5DFE7F5BF
F7F57F5BF5BF
77FEFF03F0BF
3FF17F2BFEBF
77FF00D3F6BF
EDF0DFBBF2BF
BDF03FDBF4FF
1DFA3F17FD7F
6FF8FF73F0FF
E3FB3F57FFBF
BFFDFF73F83F
D5F2DF3BF27F
23F8DFEFF17F
45F93F07FCFF
C3F7BF6FF600
CDF1DFABFBBF
D5F3DF0FF27F
1BF200EDF4BF
5FF97F53FC7F
9BFA7FE3F43F
ABF4FFF5FC3F
23F93F5FFD7F
DBFA7FA3F1BF
F7FDFFBDF43F
15FCDF37F8FF
CBFF7FFDFABF
4FFEBF03FDBF
A3F23F47F8FF
33F4DFFFF73F
DBF53FB3FB3F
1DFC5FCFF57F
CBF83F27FE7F
79FCDFC7F8FF
07FFFF8BF73F
C0053F9DFCBF
AFFDBF13F9BF
0BF83FD7FDBF
8FF27F23F9BF
7DFA3FBFF0BF
3DFD3FEBF87F
67F2005BFCBF
FDFC3F87FE7F
E7F1FF63FE3F
17F17F7DFCBF
65F5DF9BF07F
9FFBBF97FEBF
73FFDF07F07F
1DFDDF97FB3F
D3F1DFC7F47F
13F0DF47F2FF
0FF87FABF3BF
1DF7DF30007F
15F1DF57F0FF
C3F3DF4FF6FF
93FA3F7FF57F
5BF000C7FF7F
45FC3FFBF3BF
27FE7F13FFDF
3FF80093F8BF
F7F2FF0DFB3F
1BF9DF17FBBF
63F35F8FFABF
C9F53F97F27F
07F8FFBDF8BF
1FF3FF8BFCBF
1DFC5F8BFFBF
A3FF5F07F87F
ADF73FCFF5BF
C3FE3F73F7BF
E3FADF4FF5FF
47F1BF03F23F
15F6DF57F1BF
A7F1BFFDFE3F
83FB5F57FA7F
8FFF7FDDFE3F
0FF40003F9DF
8FF37FB3FB3F
6BFAFFDDF8BF
7BF7BF33FF3F
6FF9BFDDF3DF
63FC3FD7F800
83F13F4FFCBF
DFF17F8BF73F
3BFAFF73F9BF
DBF1FF67FABF
13F9DF37F23F
73F53F97FAFF
3FF0FF3DF23F
37F5FF8DF83F
3BF3FF93F4BF
67F1BF33F5DF
D7FA7FCDF8BF
C7F6BFFDF73F
B3F15F37F1BF
BDF3DFA7FABF
DFF27FEBF33F
A001FFA3FDDF
3BFDFF3DFBDF
8FF8FFA3FF7F
2FF6FF4BF4DF
D7F7DF93F3BF
9FFAFF6DF0BF
D7F200CBFBBF
FDF13F87FABF
8FF35F03FCBF
47FD3F83F2BF
03F9DF0BF87F
87FC8033FD5F
CBF9FF5DFA3F
47F57FEDF93F
69FBDFAFFAFF
87FCBFD3F5DF
E7FDBF03FBDF
AFF9FF0BF4BF
79F1DFABF67F
B3FC3FAFF87F
55FF5F4FF3FF
2DF9DF77FEBF
BDF4DF6FF3FF
33FC3F4FF2FF
37F9BF37FBDF
9FF67FF5FBDF
AFFAFFEDF7BF
C7F3BFF3FC3F
CDFDDFC002BF
63FA5F07F67F
6DF1DFF7F47F
CBF8BF6BF1BF
23F93FEBF97F
EFF17FD3F73F
6BF3BF2BF1DF
5BF2BFCDF3BF
5DF5BFDBF77F
27F67FEBF3DF
FDFDFF43F8BF
37FD7FF5FDBF
F7F8FF8BF73F
5BFDBF83FCBF
4BF85F000F7F
9DF95F5FFBBF
75FEBFD7FAFF
0FFFBFA7FF9F
BDF9DF4FFDBF
2DF53F2FF47F
7FFF7FF3FDBF
67F37FEDFDDF
43FB5FFBFC7F
BFFB7F53F1DF
C7F8FF07FFBF
EDFADFBFF500
B7F07FBDFC7F
83F2DF7FFB7F
37FCBFB7F2BF
0DF03F1FFBFF
9DF03FB7F5FF
A7F6FFBDF3BF
E5F05F3BF87F
53F13FAFF4FF
2DF93F4FFA7F
1BF57F93F93F
CFFE7F53FABF
15F85F8FF97F
35F53F37FB3F
5FF47F4BF2BF
C3F2DF27F27F
6BF73FADF47F
7DF6DF1000FF
65F93F7BFFFF
3FFE3F83F63F
F3FB3F47F57F
80097F95F33F
5DFBDF7BF77F
6FFA7F63F8BF
8FFEFF8BF2BF
7FFBBF23F03F
63F03FC809BF
6DF87F87F1BF
27F3BF45FE3F
E3F4DFDBFCBF
BBFB7F43FCDF
9DF9DF37FC7F
2DF3DF6FF0FF
A7F67F8BF63F
C5F1DF37F6FF
2FF4FF1DFF3F
43F6DF2BF6FF
DBF5BFE3F83F
A7F07F43F1BF
E5F7DFAFFD7F
2FF9FF2BF8DF
EDFB5F0FFBFF
E3FA3F67FBFF
53FADF1BFA7F
1BFB00EDF33F
EDFFDF87F3FF
43FD5FBFF7BF
E5F1DFCFF87F
79F8DF27F9BF
ABF4FF0BF13F
0DFBBF0FF87F
6DFDDF13F0FF
7FFBBF7DF7BF
97F97FCBFC7F
37FF7FD3F53F
8DF59F57FC7F
00007FCBF5DF
5DF6DFC7F9BF
EDFFDFCBF97F
53F15F57F9BF
2BF35FCBF47F
3BFA3FCFF17F
3FFC7FA3F83F
27F17F23F5BF
3DF5DF67F6FF
A5F1DF47F7BF
B7F47FE3F9BF
1DF4DFBBF1FF
47FBBF63F47F
45F23FDBFDFF
C0017FFBF33F
7FF7BF53F2BF
87F97F7DF43F
D7F6FF93F55F
C3FB5FBBFE7F
57FDFF2BFB3F
53F55F7FFEBF
E5FD9F5BFDFF
A9F43FF7F4FF
37F1BFCBFE3F
0DFD3FAFF37F
97FE7F9BFEBF
87FA3FBDFD3F
EDF5DF2009BF
A7F37F53F2BF
EFFD7FC3F5BF
8BFFDF7FFABF
CDF3DF5FFEFF
B008FF3DFDDF
37FF7F7BFA3F
EDF4DF3FF6FF
73F0DF8FF7BF
13F2DFABFA7F
D7F1003BF87F
2FFDBFE3FDDF
A7FCBFEDFE3F
67FE7F6DF9BF
33F0BF37F2FF
EBFEFFD3F75F
CFF2BFA7FA3F
05FBDF6FF300
C7FA7FA3F7BF
47F87FDDF2BF
77F000E3F33F
B7F43F43F27F
3FFA7FFBF2BF
8FF7BF7DF73F
8FF17F23F73F
9DFB3F57F400
BBF5BF23F57F
15F03F47FF7F
A5F9DF80087F
7DF6DF03F200
CDF83F67F97F
9BF5FFF3F6BF
6DFCBFBFF8FF
33F9FF4DF73F
4FF07F6BFF5F
2BFA7F63F23F
7BF67F53F33F
67F400FDF9BF
FDF9DFABF4FF
2DFBDF9BF4FF
DDFBDFBFF27F
63F23F17F47F
BDF2DF17F57F
77F5BFFDF33F
E7FB7F33FA3F
7BF2FF63F3BF
17F77F5BFF3F
B7F57F7DF63F
77F2FF53FF3F
37F57FCDF0BF
37FBBFABF1BF
EDF73FABF3BF
F5F93F3FFAFF
73FDFFFBFBDF
5FF97F0BF93F
7BFF7FE3FDDF
8FFEFF9BFFBF
BFFABF13F8BF
ADFDDFF7FF3F
A3F93FBFF07F
9DFDDFA7F57F
EDF13F9FF57F
57FCFFA3F0BF
C7FFBF93F9BF
17FDBF5DF43F
8DF2BF1FF67F
F3F1DFF7F07F
93FE3F5BFF7F
4DFEBF27FB7F
DDF6DF17FEFF
1DFEDFB7FEBF
6BFF7F53F2BF
1DF9DF77F2BF
CBF9FF03FCBF
F3F1BF2BF13F
FDF73FAFFEBF
7DFC3F57F2BF
85F93FCFF1BF
4DFFDFD3F1BF
07FC7FF3FB5F
83F8DF0FFB3F
9BFCFF43FB3F
8DF2BF67F37F
8BF2FFCDF43F
4FF7BF07FB3F
E3FC3F77FC7F
77F2FFCDFE7F
55F0DF2BF77F
A9F47F57FC7F
2BFC3F77F900
83F6DF3BF67F
13F15F8FFEBF
ADF75FFBFE7F
1BF93F13F13F
13F83F9FF8BF
4DFCBF57F57F
A5FB3FEBF8FF
93F3BF37FA7F
7DFEDF0FF07F
BDFFDF0FF47F
7BFC3F33FCDF
080B7FBDF7DF
67F87FF3F6BF
C7FFFF33F4BF
53F15FF7FD3F
8DFE3F47FCFF
9DF8DF8FF4BF
D7F17FF3F5BF
F3F03FB7F07F
53F8DF17FDBF
B0037F93FFBF
1FF9BFC3F1DF
27F5FF8BF2BF
F5F03F37F5FF
EDFC3F67F47F
3BFD7FABFDBF
5BF4FFEBFEBF
E7F87FB3FBBF
15F53F7FFDBF
77F7BFA3F93F
43F6DF87FB7F
7BF93F33F9BF
2FFF3F25FD3F
87F7FF93F23F
FBFBFF53F65F
80027F33F2BF
35F9DFC7FA00
C7FFFF0BF2BF
BDF9DF0FF87F
D7F33F63F9BF
25F8BF17F6BF
87FDBFB3F1BF
CDF4DF1FF5FF
23FF3FBBF3BF
05FABF0FFF7F
8FF000FDFABF
D7FDBF53FDBF
13FEDFEFFBBF
37F5BF33F87F
6BFC7F7DF8DF
D7F9FF33F0BF
2DF8DFD7F2FF
E7F67F9DFA3F
7DF0BF40077F
400C7F3DFFBF
37F000D3F53F
E5F0DF2BF97F
95F83FD7F17F
0FF37FE3F83F
15FFDF0FFBBF
33F23FBBF0FF
77F67F03F93F
07F3FF3BF63F
5DFDDF2BF2FF
6DF2DFEFFC7F
C7F27F9BF1BF
8FFEBF93FFDF
35F4BF9BFE7F
63FFDF4FF1FF
97FDBF3DF03F
CFF3FF7DFB3F
03FFDF8FFD7F
97F33F2DF5DF
53F900ADF93F
B5F75F0FF8FF
BBF8008DFFDF
3BFBBF6BF3DF
E7F27F9DFFDF
CDF2DF67FA7F
55FA3FC8037F
C5FD5F4BF87F
BDF55F07FDFF
37FD7F0BFBBF
F5FF3F9FF000
37FE7F4BF1BF
5DF4DFFBF27F
E3FD5F67F57F
45F0DF47F17F
9BF1BFABF43F
57F9FF87F43F
E5FB5F7BF77F
4DFC3F27F6FF
93F97F5BF53F
17F97F23FBBF
CFF7BF7DFE3F
B5F8DF7FFC7F
5DF03F200F7F
17FEDF13FDDF
57FEBFF9FB7F
B5F8DF77F67F
3DF4DF53F97F
FDFD5F67FA7F
5FF0FFA3F93F
A5FCDF07F500
BFF47FFDF27F
E5FB5F2BF2FF
AFFF7FA3F0BF
77FCFF3DF5DF
ABF07F4BF63F
7FF30013F95F
B5FFBF3BF17F
5005BF43F6BF
67FA7F8BF3BF
87F3BF9DFA3F
93F83FAFF9BF
D3F7DF5BF3BF
2DF03F0000FF
D7F07FEDF0BF
DDF63FCBF7BF
77F0FFC3F33F
F7F3BFBDF8BF
4DFABFB7F800
A3F03F4BF27F
37F87F2BF0DF
A7FC7F63FD3F
1BF87FDDF67F
B7F5BF63FC3F
6003BF0DF13F
83F5DFAFF57F
83F0DF1FF6BF
0FFF7F9BF47F
43F83F2BF07F
2BFBDFB7FC7F
0DF93F37F37F
17F3BF83FB3F
CDF1DFF00FFF
67FBBFB3F6BF
55F93FF7F4BF
9DF6DFB7FCFF
6BFCFF23FDDF
15FB3F97F2BF
2DF0BFA7FFBF
5DFEDFD7F0FF
5DF13F77F200
0FFC7F0FF27F
A5F15FBBFEFF
AFF27F73F2DF
97F3BFB3F7BF
A7F3BF1DF87F
0BF27F43F93F
EDF03F7BFA7F
B3FCDF17F57F
0FFCFF13F5BF
3BF0BFB3F57F
ADF3DF9BF8FF
37F37F6BFD3F
75FB5F27FE7F
8DFE3F4FF37F
3DF35FDFFFBF
4009FFD3F23F
2BF17FADF9DF
0DF23FC7F800
0DFCBFE7F0FF
7DFB3FAFF27F
ADF4DF67FDFF
2DF0DFD7F27F
F7F63FBDFE3F
F3F67FC3FEBF
83F2DF87FABF
33FF3F97F4FF
D7FD7F63F47F
A3F9BFEBFDBF
E9FF5FADFB7F
2BF37FDBF27F
E7F57FCBFF3F
4DFD5FDBF27F
A7FEBF93FF3F
EFFB00ABFABF
97F17F43F2BF
E3FBDF200A7F
2DF5DFFBFC7F
4FFFBF9DF75F
93F8DF6FF2BF
D3F35FBBF67F
E7F5FF1DF2BF
EDFABF2FF9BF
2BFAFF4DFFDF
0DF75F80053F
1FFF7FBBF63F
95F55FCBF6FF
C9FF5F7BF47F
7DF6BF6FFE7F
45FA3F1FFBBF
73F0DF17F17F
13F4DFCFFE7F
53F05F07F47F
B5F55F07F87F
EBF5DF67F2BF
D9FEDFA7F4FF
4DF5DFC7FCBF
E7F1BFE7F63F
47F37F0DF07F
83F43F4FF7BF
57FC00A3FBDF
BBFABF4BF33F
DBF3BF7DFCDF
53F2BF97F2BF
2FFEFFB3F8BF
80017F83F53F
D9F83F50097F
E7F77F67F13F
75F43FBBF47F
A5FEDF5FFD7F
37FF7FE3FCDF
87FF7F6DFD3F
EDF53F9BF3BF
A3F65F17FAFF
6FF97F8BF73F
43F2DF37FFBF
39FC3F8FFA7F
2FFB7F23FE7F
2BFADFA7F8FF
23FBDF97F87F
43FD5F9BF2BF
CDFEDF17F17F
5DFDDF7BFB3F
8FFE7F8DF8BF
8DFFDFC7FCBF
33F2BFB7F43F
7DFA5F67F97F
C7F1BFB3F8BF
15FDDF73FF7F
75F73F5FFB7F
9DF1DFE7FDBF
ADFF3F97FE7F
13F83FB3FFFF
A3F9DFE7F6BF
65F65FA7F17F
4FFBBF55F7BF
BFF0FF1DFCBF
87F47FFBFFBF
ADFB5F27F4FF
FBF0FFABF5BF
63F63FA7F77F
63F8DFBFFD7F
A7F0FFD3F83F
ADF43FF3F6FF
87FFFF33F63F
E7FB7F4BF83F
47F17F4DFD3F
5FF2BFADF63F
CFF57FB3F3BF
ADF99F17F87F
1FF4FF8BF8BF
23F3BF1DF33F
03FC5F67F1BF
8DF7DF13FD7F
FBFE7F1BFD3F
ABF97F9BFDBF
77F0FF67FDBF
B3F4FFABF0DF
B5F87FA7F33F
D3F53F1009BF
9FF4FFB3F13F
57F3FF33F9BF
BBF77F4BF93F
5DFA5F97F4BF
BDF93F4FF87F
7BFE7FABFD3F
65F5DF3FFC7F
3DFA3F67F800
6DFEBF3BF4BF
83FEDFF7F8FF
E3F0DF73FC7F
15F83FD7F9FF
93FD5FBBF1BF
17F4FFABF87F
1FF77F9BFBDF
57F4FF53FDDF
E7F0FFE7FB7F
4DF53F27FAFF
75FEDF97F8FF
FDFB3F0FFDFF
8DF1DF000EBF
7DF4DF73FCBF
4DFE3FEFFAFF
100B7FCDFBBF
87FAFF63F63F
8FF57F47F93F
BDF8BF5007FF
4DF43FBBF6BF
D3FBDFCFF5FF
A3FE3F37FE7F
7DFFDFB7F6BF
37FCBFE7F4DF
3FF7BFD3FC3F
5DFE3FEFF97F
E5F3DF00057F
F7F0FF0BF23F
EDF0BF5FFAFF
A5F55FAFF37F
AFF17FCBFC7F
27FA00C3F87F
DBFB7FEBF0BF
6DF73F3BFEBF
37F0FF25F23F
C7F37F1BF93F
7FF37F85F33F
6FF800DBF63F
85F85F7FF67F
CDFA3F0BFF7F
ABF87FF5F7DF
E5F07F1FF17F
C3F65F27FF7F
E5F9DF07FA7F
5DF03F67F47F
0FF27F53F1BF
83F43F8BFF7F
D5F6DFC7F77F
03FB3FB3F0BF
DDF8BFE7F47F
DBFF7FABFB3F
07F17F15FFBF
8FFBBF53F57F
B9F13F5BFA3F
A3F7BF77FF00
4FFA7FDDF4BF
43F33F600F7F
23FEBF43F17F
DDF7DF7BFA7F
1BF8FFADF53F
E7FB7F93FD3F
F3F83F9FF17F
ADFCDF7FFCFF
DDF35FFFFE00
57F17F2BF5BF
83FC3F9FF0FF
E7F8FF4BFEBF
9BF60053F7BF
97F17FCBF6BF
6DF1DF5BFE7F
5BFEFFBDF93F
F5F25F57FE7F
47F27F93F43F
B5F93F17F8FF
9BF93F5BF6DF
73FD7F8DFA7F
65F7DFD7F8FF
8FFC7F8FF2DF
FDF93F10047F
0FFE00ABFFBF
C3F93F0FF77F
CBFA7F9DFF3F
FDF15F3BF7BF
73FFDF57F97F
EDF1DF6FFA7F
35F4DF67FFBF
CFFBBF5DF27F
4DF59F3FF6BF
5BF27F85FDBF
4BF87F8DF4BF
05F93F7FF1BF
B5FE3FE7FAFF
3DFCDF8FF3BF
F7F97F2DF13F
FBF67F23F6BF
17FFFFC3FCBF
FDF83FD7FA7F
FBFCFF2DF9BF
4DF9DF97F2FF
BBFDBFCBF3BF
E7F07F63F33F
37F27FCDFFBF
CFFB3FF3F23F
47F97F17F13F
E005BF1BFDBF
CDF73FE7F5FF
CDFC3FC7FBBF
9DF75F800A7F
E5FEDF57F0FF
47F07FDDFCBF
D3FBFFC3FABF
D7F5FFFBFB5F
DBFCBFCBFF3F
8DF23FB7FFBF
C3F5DF2BF8BF
75FA3FA7F97F
75F8BF77F3BF
2BF47FD3F9BF
73FADFA002FF
0DFD3F4FF7BF
4809FF25FABF
EFFFFF5DFC3F
FBF0FF4BFF3F
93F53FBBF1FF
DDF63F7FFE7F
BBFBBFFDF5FF
EFFEFF43FE3F
F0037F93FA3F
2DF43F5007BF
F3F6DF2FFF7F
5BFCFFFDF1BF
C3F4DF87F47F
27F6FF33F87F
A7F37F4BF9BF
87F57F2BFABF
D3F9DF4002BF
63F5DF6BF5FF
2DF6DF0FF13F
ADFF5F7BF7FF
DDF9FFA3FD3F
A7F6BFBBFABF
35F55FBBFD3F
DFF3BF4DF9BF
0FF0FF63F93F
23F03F97F87F
27FB7F53F6BF
07F67F8BFEBF
A7FBFF13F83F
F3F97FA7FDBF
ADF75F7FF27F
C7F3FF7BF9BF
75F7DF8FF07F
75F0DF87F8FF
97F2FF1BF35F
8BF73F77FA7F
57F57F33F5BF
E5F03FD7FF7F
BDF63F3FF000
4BFABF97FADF
3FF47F83FC3F
13F03FBBFD7F
CFFFBFEBFE3F
EDF63F4FFAFF
87FAFF7DFBDF
2DFEDFB7F87F
47F6FFE3F0BF
AFF27F8BF43F
A7FAFFEDF03F
77FDBFB5FABF
93F63FE00A7F
FBFE7F0BFF3F
4FFBBFADF7BF
1DFEDF8BFDFF
2DF53F9FFDBF
AFF73F43F3DF
CBFCDF2BFFBF
BBFF7FEDFEBF
DDF73FFBFABF
2DFADFD00C7F
2BF73FB7FC7F
4DF9DF40087F
C0037FCBFA7F
DBFA7FE3FC3F
45F2DFFBFB7F
C7F2FF63F13F
B3F83FEBFB00
7BF27FB3F2BF
AFFD3FC3F73F
B3FBDF67FD7F
D9FBDF5FFFFF
23FEDFD7FEFF
7DFD3F1FFF7F
D7FCFF9BFA3F
75F0BFCFFCBF
E7F67FCBF6DF
F3FADF2BF1FF
9DF1DF07F37F
55FBDF37FD7F
EDF3DF5FFF7F
F7F4BF9BFBBF
CBF35F37F1FF
55F2DF07F7BF
EDF13F0FF77F
83FDDF4FF53F
43FFDFE7F3BF
93F35FDBF57F
0DFEDFE7FD7F
8BF2BF5FF47F
15FF3FEBF27F
B3F97F03F0BF
07FA00E3F3BF
ABF37FB3F47F
BBF800C3FCDF
CFFE7F43FABF
8FF47FEBFDBF
FBFF3F0BFA7F
97F37F4DFDBF
CFF3FF13F73F
BBF57FADF43F
67FEBF73F3DF
B7FDBFDDF33F
FBFB7F7DF1BF
0DF5DFF7F8FF
77F47FA3F83F
35FBDFE7F8BF
27F8FFDDFD3F
200400ADF73F
77FA7F8DFF3F
87FF7F63F6BF
B5FFDF37FEFF
A7FBBF0DF13F
8FFE7F4BF07F
BDF3DFE80800
00027F5BF1BF
2DF79FBFFD00
3BFBFF2DF73F
93F43FD7FAFF
07F5BFEDFD3F
73F6BFE3FABF
FDF1DF07F97F
B5F53F8FF17F
F7F4004DF6BF
5FF17FFDF85F
3DF73FCFF27F
85F65FE7F87F
0DFD5F47F17F
4FFDBFB3F53F
9BFF7F3BF4BF
1DFBDF27F87F
A5FC9FABF6FF
E9FBDF67F83F
5DFF9F6004FF
B5F5DFDBF87F
03FE3F0FFEBF
3BF87F0DFABF
75F3DF57F67F
2DF4DF3BF67F
6BF9BFB3F0BF
FFFFBFEDFEDF
F7FDFFDDF73F
9FFD7F4DFF3F
4DF03F17F7FF
E7F97F9DF13F
20027F13F1BF
2DF13F2FFEBF
77F47FD3FABF
57F8002BF5DF
13F6DFBBF67F
3BF4FFB3F8BF
B7F87F8BF3DF
C9F73FFBF2FF
43FCDFCBFB7F
2FF0008BFADF
6BF6DFBBFC7F
63F4DF5BFC7F
47F67F7DF4DF
E7FC7F8DF1BF
07FD7F6BFE3F
3BF20043FCBF
23F5DF67FFFF
1DF53F1BF67F
4BF07F6DFDDF
97FD7FA3FEBF
0FF67F0BF43F
D3FB5F8FFA7F
C7FDFF43F23F
D3FBBF0BFA3F
55F43F1FF27F
1FF6FF6DF53F
BBF87F9DF13F
D7F67F73FCBF
67F9FF03F8BF
1BFBBFFDFBDF
0FFFBF33F93F
CDF75F3BF17F
67F47F73F07F
BBFEBF2BF9DF
BFF5BF4FF83F
3DF1DFA7FC7F
03FE5F7BF7BF
2BFC7FBDF6BF
73F77FF3F6DF
CBF63F0BF47F
2DF9DF17FD7F
83FCBF4FFFFF
83F6DFB7FB7F
FBF3FF53FA3F
EBFAFF03F47F
17FC7F13F9BF
6DF3DF97F6FF
17F53FD3F63F
C3F25F00057F
9DF33FC7F27F
8FF57F03FFBF
3BF47FEBF33F
23F63F9FF57F
F3FC7F83F1BF
F3F7DFF7FABF
77FE7FEBF97F
0DF1DF480E7F
0DFBDF7BF9FF
77F100ABF93F
BBFDBFA3FFDF
B7F47F03F33F
73FCBF13F4DF
6DFD5FFFF77F
BBFE7F83F23F
F7F48013F53F
ADFC7F37F27F
E7FD7F93F33F
E7F77F43F2DF
35FBDF40027F
47FC7F1DFDBF
EDF93FC00000
51FC3FC7F8FF
D5F93F6FF57F
55F1DF37F07F
77FD0013F53F
5BF4FF53FD3F
F5FEDF8BF77F
B5F3DF4FF7BF
67F67FBDFB3F
DFF1BF83F53F
ABF73F7DF57F
EDFCBF87F4FF
77FCBFABFEBF
FDFEDF3BFA7F
35FD3FAFF77F
CBF2FF53FADF
880C7F23F63F
E5F6DFC7F57F
0FFCFF73F13F
23F6BF27FBFF
7DFFDFD7F5BF
BDFFDFE0027F
0BF8BFB3FA3F
1FFF7F0BFADF
CDFCDFD7F6BF
1BFCBFC3F6BF
BDF83F93F800
25FF3F5FFDFF
C7FFBF1DF33F
0DFC3FCFFD7F
17F00083F4BF
77FEBFDBFE3F
17F8FFD3F1BF
95F3DFCFFEBF
A5FC3F0FFFFF
9FF8FFC3FB3F
4DFB9F20057F
9DF5DF97F8BF
F3F8FFF3F53F
BBF43F000EFF
AFFFFF6BFD3F
07FCFF3DF63F
EBF57FA5FADF
7BF4BF35F63F
5FFCBF1BF73F
45F23FDBF7BF
E5F6DF77F97F
19F7DF9BF67F
03F3DF3BFEFF
F3F40043FFDF
23F9DF9FF57F
CDFCBFF7F77F
65F7DFF7F17F
97FA7F1BFFBF
BBF97F73F43F
75F0DFD7FCBF
5BFEBFC3FCDF
23F5DF27FFBF
47F3BFDBFD3F
0DFC3FF7FE7F
C7FC7F43FFDF
95F1DF0FF07F
CDFD3F6FF27F
F9FCBF8FFABF
FBFE7FFBFEFF
99F35F27F57F
A00C00ABF3BF
FFF27F0BFD3F
B7F73F6DF5BF
27FFBF0DFB5F
95F23FD7F6FF
77F0000BF83F
A3FCDF040200
79F63F17F27F
33F37FBBF0BF
EDFF5FE3FBBF
EDF75FDBF97F
9DF73F47FA7F
BBF4BF3BF03F
47F87F33F2BF
27FCFFABF0FF
07F47F63FB3F
35F75F80007F
E7F57FB3F83F
D7F7BFF3FE3F
07FF7F43FF3F
C3F5DFC7FF3F
EDFF5FE7F7FF
27F3BF23F5DF
8FF97F23F6DF
8FF47FD3F2BF
37F4FFD3FA3F
93F5BFCBFC7F
DDF93F37F37F
7DF23FB3FEBF
97F57FF3FE3F
6FF4BF83F1BF
0FF37FBBFF3F
43F3DFA7FEFF
35F1DF8FFA7F
E5FA3FCFF3FF
FDFC3FEBF0FF
9DF4DFB3F3FF
0FFFBFD3FBBF
4DF0DF4BF67F
53FEDF500FBF
2FFDBFFDF0BF
43FF5F57F9BF
77F97FCBFDBF
3BF1FFE3F7DF
59F73FAFF27F
B7FC7FFBF77F
E5FA3F97F87F
0FFD7FCBF2BF
6BF57FFDF1BF
77F5BF9BFEBF
EDF47F3FF97F
83F83F1FF5FF
9DFABF3BF27F
EDF5DFE7FF7F
5BF35F47FF7F
B5FD3F5BF8BF
47F2BF1DF87F
C7FDBFF5F83F
FDF4DFCFF87F
57F8FF43F39F
85F07F37FBBF
DBF1FF03F3BF
13F0BFF3F200
A7F67F33F63F
D9F8BF7BFCFF
03F4DF3FF0FF
35F4BFBFFF3F
EDF03F2FF97F
5FF1FF8DF93F
BBF87FA3FBBF
65FEDF47F53F
BDFE3F07F4BF
37FFBF53FFBF
2FFE7FCDF73F
43FA9F5FFD7F
7BFD7F8BF13F
1003BF63F4BF
A5FEDFE7FFBF
200EFFABFE3F
EBF27FCBF73F
D5F9DF6FFEBF
3FF47FCBF3BF
53FEFF63F33F
7DF35F1BF9FF
B3F5BF13FCBF
EDFD3FC7F5BF
E3FD3F1FFF7F
6BF3BF47FA3F
A7FF7F2BF73F
8DFDDF07FC7F
1DF4BFFBF9FF
E5F35FEFF17F
EFF27F2BFDDF
83F8DF67F97F
73F83F97F53F
3BFC7F13F43F
13F87F43FBDF
93FA3FC7FC7F
75FADF8FFDBF
F9F03F00017F
AFF17FBDFF3F
6FF200CDFEDF
77F5BFA3FADF
2FF8FF83FA7F
E7FABFEBF33F
ADF45F87F000
13F5BFE7F17F
DFF8BF3DF3BF
AFFE7FB5F2DF
2BF35F93FC7F
C00C7F2DF63F
05FD3FE7F9FF
2FFB7FABF13F
ADF3DFB7F07F
8DF85F1BFAFF
3BF23FB3F93F
67FA7F07F43F
FBFD3F33F63F
3BFDFFC3F93F
A3F9BF07FEBF
73F1BF75FEBF
7DFD3F3BF47F
000C7F33F93F
73FD7FA7FE7F
E3F99F4FF17F
27F77F6BFB3F
5DFF3FD7F27F
8DF35F1BFA7F
E7FBBFA3F1BF
15FCDF27F4FF
27FFFF33F8BF
ADF2DF5BF67F
ABF33F8FFD7F
ADFD5F67F17F
05F03FDBF6BF
CDF0DF4FF3BF
07F9FF4BF63F
9DFEDF47F6FF
5DF83F97F8FF
9DF23F17F8FF
DDFDDFBFF27F
2BF03FB00BBF
1BFBFF75F1DF
2DFA3F0FF47F
CFF3BF03F5BF
DBFE7FF3F7DF
C7F97F1BFA3F
9FF9BF0BF4BF
3DFDDFCFFA7F
47F00063F6DF
FBF17FD3F8BF
BDF2DF1FF8FF
B7FE7FD3FEDF
E3F1DFA7F87F
1FFDFF13F33F
EFFDBF33FD3F
97F27FF3FFDF
1BF1DF6BF63F
FBF97FC3F4BF
7FFCBFC3F63F
55FCBFBFF87F
FBF37FF5FA3F
93FE3F17F300
FDF13FD0037F
7BFFBF2BF5BF
FDF5DF3FF500
6FF37FABF93F
4DF73FA7F87F
0DFD5F8BF57F
CDFCDFB7F07F
4BF97F15F75F
5DF4DFBBFFBF
2FFCFFFBF83F
FDF43F9BFBBF
63F25FB7FCFF
FBFFBFF3FF3F
B7FCFF93FF3F
3BFDFF03FB3F
A0033FB3F47F
A3FD5F7FFFBF
3DFABFF7FE7F
8DF33FDFF3BF
37F57F2DFCBF
7BF27F13FA3F
5DF5DFD7FA7F
CFF9FF93FFDF
6DF75F5FF2BF
7BF0BF0BF8FF
65FD5FEBFD7F
4FF48053F83F
AFF2FF8BF3BF
09F23FE7F47F
FDFABF0FFC7F
A7F27F13F4DF
800AFFE3FC3F
93F83F97F07F
4BF19FD7FBBF
BDFE3F500B7F
D3FDDFE7F7BF
0DF2BF0FF17F
FDF8BF8BFABF
F5FA3F17F37F
1BFBBFA3F53F
35FEDF5BF4FF
63F6DFC006BF
93F15F2BF37F
FDF8BFBFF6FF
03F7BF97F7BF
37FE7F33FADF
39FE3FBBF47F
1BFB5F27F47F
FBF97FDDF2BF
9FF17F93FDBF
5FF8BF53F87F
CFF07F8BFCBF
83F83FF7F27F
53FBDF8FF07F
F5FB3F77F27F
CFFF7F8DF23F
BBF1BFFDF33F
1FF77F4DFEBF
0BF77F03F9BF
03FB5FC002BF
CFFBBF83F23F
4FF0FF0BFDBF
17F97F3DF63F
DBF47F43F03F
93FABF5BFB7F
EDF0BFF7F8FF
7DF0DFCBF5FF
8FFDBF83F9BF
9DF1DF10097F
53F23FA7FA7F
BFFC7FF3F83F
17F07FFDF5DF
55FF9F9FF2BF
A7F1FF0BFB3F
6BFD7FA3FADF
8BF57FCDF13F
17F03FBDFDBF
95F83FDFF57F
E5FDDFB7F5BF
2BF6BFBDFBBF
0003DFEBFEBF
17F47FD3F1BF
65F1DFBBFDBF
EFF0FF13F43F
ADF9DF57F67F
EFF37F5DFC7F
ADF59FC00EFF
E5FFDF0FFDFF
1DF0BFDBF0FF
CDF4BFE7F8FF
BFFF7FE7F13F
BBF47F43FA7F
57F27F2DF27F
63F6DF67FFBF
FDF83F67FA7F
53F2BF20077F
8FF70003FDDF
39FD5F4FF3FF
27FE7F8DF53F
FBF4FFE3F33F
B7F3BF23F7DF
17F3BF4DFCDF
15FA3F97F37F
07F0FFE3FFDF
6FFEBF03F43F
3BF47F2DF33F
3DF83FA7F57F
67F0FF3DFCBF
37F0FFDBF43F
67FEFF75FFDF
FDF73F27FF7F
E3FE3F27F2FF
27FB7FEDF53F
CDFFDFEFF400
C00AFF13F63F
AFFFFF6BFABF
3BF7DF17FFBF
73FA5F9BFEFF
5BF97F7BF7DF
83F23FA7FDBF
63F25FB7FBBF
55F4DF17F9FF
03FADFC7FAFF
37F07F5DFD3F
53F8DF47F67F
BBF8BF9BF33F
1DFC3F77F500
CDFBDF47FBBF
67F67F87F43F
03F55F4FF77F
2DFB5FA7F07F
97FB7F5DF13F
1BF5DF8FFCFF
D5F13F17F2FF
33F5DFC007BF
95FB3F57FE7F
0BF75F1FF87F
DFFA7FCDF37F
6DF75F67FE7F
1BFAFF33F9BF
7FF80023F0BF
3DF1BF27FEBF
2FFF3F67FCDF
2FFA0053F9BF
85F23FABF9FF
43F13F9FFB7F
1DF43F57F3FF
BFFE7F83FD3F
ABF17F19F63F
67F5BF8DFB5F
1DF0BF8FF17F
03F43F200000
A5FC3FA3FA7F
EDFCBF07F37F
8DF73F97F27F
3BF4FFE3F2BF
F1FDDF800B7F
9FF3802DF5BF
5DFEDFE7FEBF
A7F7FFEDF3DF
75FA3F37F5BF
67FCBFADF4BF
87F87F43F07F
A7F07F63F3BF
AFF37F4DF3BF
63FDDF57F800
9DFF3F6FFBFF
FDF8DF04057F
8FFABFF3FF3F
E3F4BFB7F7BF
ADFB5F900E80
3DFDDFA7FD3F
9BFC7FF3F6BF
C00A7F17F0BF
2DFADFDBF57F
17F6BFC3FABF
8BFEBF73FB3F
6DF03F7BF47F
57FD7FC5F3BF
DFF97F0BF2DF
75F33F27F4FF
D5F5DF2FF67F
75FEDF8FFBFF
3BFDBF83FE3F
1BFC7F63F5DF
23F5DF9FF2FF
15F79F7FF0FF
E7F8FFDBFB3F
9003FF13F33F
57FCFFBDFFDF
1BFF7FC5F13F
100F7FEBFBBF
03FDBF4BF97F
C7FFFFC3F5DF
A3FD5F8FF1FF
5DFF5F27F3FF
5DFB5F47FA7F
0FF73F73F5BF
F3FA3FAFF47F
67F2FFD5FFDF
F9F73F57FFBF
5DFF5F3BF3DF
EDF53FC7F3BF
77F27F35F13F
4FFDBF7DF13F
40037FA3FADF
F7F87F4BF63F
9DFDDFE0047F
5DF63FCFF200
D3FBDF2FF5BF
BFF47F4DF7BF
D7FA7FB5FFBF
F5FEDF4FF7BF
8FF27FADF7BF
C3F8BF47F400
13F5DFE7FEFF
75F39FDFF4FF
15F0DFA7F97F
17F1BFD5FFDF
ADF2BF3BFB7F
9DF73F8BF13F
43FB5F17FFBF
35F2DF77F7BF
23F53F57F33F
73F4FF4DF73F
75F53FC7F5BF
13FCDFCFF4BF
6DFFDF000A7F
AFFF7FB3FB3F
CDF5DFEFF17F
67FE7FFDFEBF
B7F67FCDF23F
85F35FF3FF7F
CDF55FA7FA7F
95F6BFD7F67F
4DFE3FCFF17F
95F05FD7F7FF
1BF15FEFFA7F
29FEDFC3FD7F
FBFCFF3DFA3F
4DFEDFBFF37F
AFF37F33FF3F
E7F07F13FE3F
9DF23F57FCFF
8DF33FAFF9BF
53F4DF9FF13F
1DF03F77F73F
0FF6FF5DF7BF
EFFD7F8BFABF
5DFA3F2FFBBF
B5F6DF77FEFF
EDFB9F9FFCBF
65F13FD7F9FF
6FF80053F47F
53FD5F2FFDBF
2FF57FDDFCDF
7BF2BF53FEBF
2FFCFF13FC7F
CFFDBF43FA3F
D5FC3F9FF67F
4DF23FBFF67F
B7FB7FBBF43F
ADFBDFC00E7F
E7FC7F1DF2DF
F9F2DFF7F67F
27FFBF93FB3F
B5FF3F87F6FF
FBF1BFF3F43F
EBFCDF67F9FF
75F13F2FF17F
D3F07F9BFABF
1FF0FF43F47F
FBF6FF65F7BF
77F3BF4DFC3F
E5FEDFD7FBFF
D7F4FFE5F33F
17F9BF2DF0BF
A3F3BFBBFC7F
37FB7FB3FBDF
13F77FFDFDBF
9DFD3F07F77F
1BF5BF43FEBF
17F2FFE3F9BF
3FF0FFCDF1BF
9FF0BF6BF63F
0DF4BF57F07F
37F6BF53F5BF
CFF57F33F9BF
DDF13FA7FC7F
9DF55F8FF0FF
95FADF97F4BF
5DFDDF7BF77F
9DF15F57F67F
B5FA3FCBFE7F
BDF17FAFF57F
0FF17FB3F67F
B5F15F67F6BF
ADF83F6BFB7F
97F47F6BF53F
DBF2DF57F4FF
D7F8FF7BF67F
C5FABFBBF97F
F7FA7F7DF67F
8FFAFF33FE3F
FBFFBFFBF63F
EDF13FF3F77F
2DF83F47F7BF
1BFBBFAFF47F
A9F9DF1BFEBF
4DF15FC0057F
33F15FA7FC7F
67FD7FEDFBBF
1DF85F17F8BF
A5F1DF8FF67F
D5FB3F5FF17F
B3F8DFEFF5BF
2DF03F3FF47F
AFF17FF3F93F
2FF87F23FBBF
0FF77F0BFBBF
F5FF3F6FF9BF
43FC3F77FBBF
5DF7DF77F77F
0DFB3FFBF07F
87F9FF13FB3F
6DFADF07F47F
EDFFDFFBF580
D3F63FC7F7BF
BDF83FEFF27F
7DF4DFF7F73F
63FC3F17F87F
43FF5F5BF2BF
600E7FEBF35F
D7F3BFE3F4BF
AFFB7F43FFDF
3BF87FE3F5BF
D7F17FE3FEDF
A3F3DFBFFF3F
83F4BF3FF3BF
27FABF23F3BF
A7FEBF7DF93F
35F5BFDBF9FF
5BF2FF1BFB3F
FBFDBF23F0BF
0006BFFDFFBF
87F37FC3FBDF
3DF93FE7F2FF
2FF3BF43F93F
FBFA7F6BF6BF
C5FA3FC7FE7F
67FFBF23F3BF
7FF73FBDF6DF
F3FF3F2DF93F
67F97F8BFB3F
7DFFDFA7F9BF
FDFE3F50013F
0DFA3F8FFBBF
AFFAFF8BF33F
57FDFF23F53F
1DF3DF37FDBF
EDFABF33F5BF
CFF17F5DFCBF
83F63F5BF400
D9F0DFEBFEFF
99F83FAFF2FF
ADF03FB7FEFF
5DF2DF27F47F
55F8DFCFF6FF
ADFBDF300DBF
EBF3FF4DFE3F
1FF6FFD3F7BF
AFF97F03F73F
27FF7F43F0BF
EDF63F67FF7F
9DF25F27F93F
6FFF3FFDFA3F
1DFCDF4FF1FF
4DF3DFBBF9FF
67FAFFF3F3DF
2FF57F6DF9BF
8DF85FF7F33F
D3F3DF9FFCBF
57FA7F27F5BF
BDFA3FA7FCFF
B5FADFB7F0FF
17FB7F43F83F
47FAFF53FDBF
BBF37F93F47F
5DFADFF7F300
AFF17FCBFADF
1BF87FE3F0BF
7FFD7FE3F57F
FBF8BF93FBBF
C3F1DF67FEFF
7DFF3F4BF1FF
17F9FF1DF7DF
1DFBDFC7F97F
5BF57F4DFD3F
ADFA5F4BF2BF
EFFA7FBDFA7F
17F17FEBF0BF
000A0053F53F
10053F87F73F
5BF5BFABF1BF
0DF03FF7FA7F
B5F8DF37FBFF
27F5FF13F8BF
D7F8FF43F97F
BDF33F0FFEFF
2007BFC3F7DF
E5FBDF200D7F
07F1BF4BF8BF
6FFA7F63FBDF
0DFC3F9BF0FF
90017F2BFA3F
2BFB5FE7F9BF
17F57F33FBDF
75F9DF17F9FF
9DF85F73F4BF
97F7BF4BF9BF
3BFBBF63FF3F
37FDBF93F2BF
63FA5F87FA7F
07FAFFCDF7DF
ABF8DFF7F07F
DBFC7FEBFD3F
BFF0FF6BFB3F
B7FB7FADF13F
2FF0BF4BF0BF
C3FADF87FDBF
C7FFFF8DFA7F
B7F97F0BFDBF
27FFDF53F0BF
7DFDFFA3F0DF
CDF83FA7FCFF
8005FF53F63F
E3FCDFD7F0FF
ABF9BFCBF43F
99F4BFDFF97F
47FBFF0BFADF
0FFFBF33F73F
77F23F43FFBF
DBF1FF13F47F
1FFE008DFBBF
17FCBF93F23F
FBFA7F9BFBBF
1DF03FFFFABF
7BF4BF8BF8DF
33FB7F73F2BF
43FD3F1BFE7F
97F17F2BFEBF
EFF87F0BF47F
A3FA3F77FE7F
DBFF7FA3FEBF
AFFE7FC3F73F
4BF67F8DF6BF
53F43F9BF27F
33F4BFAFF17F
B3F77F0FF17F
47F1FF6BF4FF
07F9BF3DF4BF
E7F07FBDFB3F
1BF6805BFCBF
03F13FAFF97F
77F4BF2BF2BF
9FFFBF5DFDDF
33F85F7BFBBF
BDF4DFEBFDBF
DBF7FF73FA7F
7BFB7F7BF1BF
AFFEFF13F7BF
9DF7DF0FF97F
73FA7FB3F75F
7BF1FFEBF23F
B5FFDF17F2BF
0FFFBFFDF77F
4BFDDFFBFFFF
6FFF7F23F8BF
F3FFBFB3F53F
400000A3FA3F
77FCFFEBFD7F
39FF3F07F07F
7FF4FF15F73F
9DF79F7BF27F
C3FFDFAFF7FF
C5FD5F97F9BF
9DFDDFD7F3BF
35FBDFD3F47F
37F77F63F7DF
B7F4FF8DFEDF
A0067F2BFE7F
F5F1BFB7FB7F
8DF2DFBFFCFF
AFF5FF7DF93F
2BFC3F7BF3FF
83F95F6FFDFF
15F9DFDBF1FF
E5F7DF17F67F
C008FF8DF7DF
3BF47F8BFCDF
FFF97F5BFA3F
B7FEBFC3FABF
F9FEDFB7FD3F
EFF27FFDFC3F
C7F7BF07F0BF
9DF83FB7F8FF
8DF7DF77FDFF
CFF37FF3F6BF
73F0BF5BFDBF
A7F27F0DF9BF
77F97F7BFABF
B7F9FF63FABF
F7F8FF1BF7BF
EDF4DF47FC7F
2DFD3F0FFFBF
8BF95F0FF27F
ADF33FBBF87F
A7FF7F35FD7F
A7FD7F73FD3F
93F13F27F37F
BDFF3F80047F
8DFE3F87F6FF
4FFAFFE3F0BF
8FFCFFDBFEBF
F7F3BF0BF2BF
F7FDFF2BF73F
0FF88083F43F
33FF5FAFF07F
BDF95F67F8FF
93F3FFDDFA5F
DBF47F8DFD3F
8DFE3F5BFBBF
37F3FFA3FEDF
17F17FABF3BF
67F97F53FEDF
ABFBBF3DFA7F
BDF15F100F7F
0FF27FCBF4BF
CBF57F9DF83F
BFF4BFFBF3BF
9DF5DFB7F67F
1FF4BF8BFE3F
57F07F5BF87F
00067F55F73F
2BF5BF03F1BF
B9F3DF97FBBF
35F3DF10087F
8BF80007F1BF
9DF43FA7FAFF
C5F6BFAFF5FF
B3F3DF97F3BF
B7F7BF5DFA3F
A5FC3FEFFDBF
35F4DF67F57F
B7F67F9DFA3F
5DF25F3BFB7F
A7F2FF03FABF
D3FA0083FCBF
CDF83FFFF87F
77F17F63F87F
4BF8BF97FEBF
57FC7F83F07F
EDFCBF8FF000
0FFF7FF3F6DF
CBFD5FBBFEBF
3BF9BFCDF83F
83FD3F7BFAFF
9FF27F43F47F
35F43FE7F67F
A3F5DF8FF8FF
57FDFF0BF65F
43FD5FC7F17F
700AFFF5F7BF
07F9BFDDF8BF
27FBBF1DFD3F
75F0BFAFF1BF
EDF7DF8BFBBF
1FF27F1DF3BF
0FFAFFADFFBF
E3F25F4FF77F
97FDFF5DFD3F
80087FDBF93F
700EFF9DF1DF
7BF77FCBF53F
9FF9BF6BFFDF
9BF17F73F6BF
1FF7BF63F4BF
7DF0DF47FF3F
B7F07FDDFEBF
F9F93FB7F0FF
BDF83F6FF07F
9BF97F23F83F
87F3FFE3FFBF
7DFD5F27FBBF
AFFFBF83F5DF
F3FD3F47FF3F
CDF53FC80F00
37F07F63F87F
ABF8008BF3BF
E7F4BFADFE3F
7DF1DF20087F
2FF0FF63FBBF
7BF13FA3FC3F
FFF37FC3FB3F
C7F9BF2DFE3F
F5FB3F7BFABF
A7F5BF5BFF3F
AFF07F4BF8BF
3FF1009BF6DF
95F83F77F0FF
C7F17F93FD3F
EDFDBF37FF7F
4FF47F73F83F
DFFB7FBDFB3F
6FF0FFC7F8BF
ADF35FCFFD7F
DDF95F200C3F
7BFEBF83F27F
37FAFFBBF8BF
F9F4DF07F0FF
EDFB3F97FFBF
17FFFFDBFE3F
83F33F07F17F
57FE3FE3FD3F
EFF8FF23F13F
65FDDFEFF87F
F7F57F93F2DF
0DF23FFFF27F
83FDDF27FB7F
6DFFDFBBFC7F
4DF7BF27FEBF
6FF77FF3F7BF
7FF07F1DFEBF
37F87F83F6DF
600FFF1BF63F
F7FB7F0BF93F
57F40043F9DF
03F4DFB7F0FF
6FFDBF55F53F
E5F8DF2FFB7F
C3F7DF6FF0FF
CFF7BF3BFE3F
07F07F13FEBF
8BF7DF67F47F
FFF47F93F33F
F7F87FABF4BF
300CFF35F0BF
DDFFDFFBFFBF
13F1DF97FA7F
8FFF7F87F27F
7FF57F63F83F
CDFF5FDBF67F
9FF50003F75F
3BF97F23F2BF
03FB5F6FFCBF
D1F75FCFF57F
28087F83F23F
4FF0BF9DFB3F
9BF35FC3F2FF
2DF5DF27F77F
CDF83F67F47F
03F8DF7FFD7F
B7F3FF8BF6BF
15F9DF97F4FF
9DF33F0FF07F
B3F4FF7BFA3F
17F77F13FCBF
89F45FB7F9BF
53F07F2FFDFF
FDFADFEFFEBF
7BFCBFABF3DF
87F0FFFDF15F
E3F2BFEFF7FF
4DF2DFBBFCFF
FDF9DFAFFF7F
77F77F87F13F
57F1001BF87F
13F5DFF7F27F
D7FFBF87F8BF
95F0DF10037F
4FFB7FF3FFDF
4FF9FF2DFC3F
B7F4FF67FCBF
7FFEBF13F75F
D7F9FF83FE3F
EDF65FBFF8FF
53F0DFC7F57F
25FE3FDFF1BF
17F5BF2DF13F
8FFF7F13FB5F
5FF1FF6DFEDF
4FFCFFEBF63F
4DF43F7FF5BF
CBFFFFF3FFBF
1DF13F0FF97F
2FFEFF2DF83F
BBF4BFC3F2BF
0FFEFF5BF13F
C7F47FA3F23F
8DF7DF3BFABF
8DFA3F7BFE7F
7DF45F5FFB7F
6FF47F5BF03F
A3F5DF87F2FF
6DF83F4FF17F
83F45FCFF37F
53F55F4FF6FF
D3F3DF8FFEBF
1FF37FDDF5BF
B7FE7F13F1BF
3FFB7FD3F8BF
FDFE3F37F97F
2FF8FFBBF2BF
59F4DF3FF07F
57F17F9DF2BF
ABFE3F2FFB7F
E3F43F97F2FF
4FFD3F4BFF3F
13F3DFA7FA7F
DBFB7F73F5DF
4000FF53FEDF
CFF8009BF27F
E7F8FF3DF5DF
2DFC5FEFF0FF
B7F57FBBF2BF
E3F3DFFBFDFF
6BF4FF33FB3F
3FF0FFE3FD3F
5DF7DFABFC7F
87F67FF3F47F
1DF0DF57F07F
0BFD7FE3FABF
F5F2BFEFF27F
1DFA3F57F1BF
4DFD3F97F67F
0BFF5FF7F0BF
75F0BFB3F2BF
CFF1FF55F9BF
83F23FB7FD7F
4BFA3FA3FCBF
1DFF5F77FA00
1DF1DFCFF3BF
C7FB7FBDF33F
B3F2DF93F6BF
C3F43FE7FDBF
E3FF5F97F2FF
8BF23FD00500
9FF8FF7DFE3F
BDF0DF6FF3BF
77F57FB3F47F
95F65F7FFD7F
25F7DFCFF000
E7F87FCBFDDF
8FF8BF2DF23F
A0057F4BF37F
2DF43FDFF0FF
F3F63F3BFD7F
37FEFF6DFA7F
77F9BFABFEBF
B3FFDFBBF4FF
A7FB7FB3FDDF
EFFC7FF3FF3F
37F20093FFDF
2FF2FFD3FE3F
35FA3F3BFA7F
93FC3F87FB7F
4FFFBF33F33F
8BF8BF33FB3F
23FEDF5005FF
67F37FC3FF3F
45F55F2BF6BF
5DF1BFEBF97F
15F13F87F7FF
3BFAFF43F5DF
67F27FEBF73F
4001BF2DFCBF
53FE3FEBF1BF
FDF1BF4FF8BF
A003BF8BFDBF
73F2BFA7F73F
0BF2FF93FCBF
BDFADF17FD3F
9FFC7FDBFE7F
0FF6FFDDFDDF
CDF03FEBF87F
BDF1DF5BFF7F
B5FFDF37FD7F
5FFA7F83F37F
05F59F7BFDFF
13F23FA7F200
83F6DFEFFEBF
4DF0DFFBFE7F
CFFB3FCBF03F
5FF3BF4BFBDF
43F63F07F800
2BFCFF8BF73F
87F77F03FC7F
95FC3F0BFD3F
FFFB3F5DF83F
35F95F4FF2BF
15F6DFDBF5BF
E7F6FF73F37F
D3FADF000E7F
0FF57F03F67F
7DFD5FE00C80
97FB7F8BF53F
07F800A3FE3F
FBFB7F73F7DF
DDFB3FEBF3FF
9FF6BF03F7DF
ADFDDF1FF2FF
3BF07FEDFD3F
9DFB5FBBF77F
2FF93FEBF07F
77FBBF4BFC3F
57F8FFC3F9BF
C5F3DFA7F400
B5F53FEFFABF
55F4BFCBF000
EFF40013FBFF
97F0FF9BF9BF
F5F6DF47F97F
8BFCFF13F0BF
B7FA0003FB3F
DDF2DFE0087F
27F3FF7DF07F
6DF1BF07F47F
83F75F9BF37F
D5FB5F47F37F
6DFA3FFBF4FF
A3F9DF7BFBBF
F5FEDF47FD3F
4FF33F5DF43F
7DFEBF47F77F
7BF73FAFF97F
AFF37FA3F77F
07FABF83FB3F
2806FF93F07F
23FBDFFBF5FF
13FF5FE7F33F
4FF97FBDF8FF
53F3DFF3FAFF
D3F5DF5FF07F
07F30023FB5F
FFF17F07F8BF
2FF37F9BFD3F
7FF97F6DF33F
F7F1FFA3FCBF
3BF7BF8BF33F
FBFF3F2BF37F
9FFEBF93F8BF
87F3BF33F33F
97F4BF9BFD7F
4DF5DFFBF13F
43F63F7BFA3F
E5F1DFDBF2FF
40097FE3F83F
9BF3BF13FDDF
D7FE7FEBF87F
F5F03F1FF3BF
FBFC7F1DFE7F
ADF43FF7F0FF
AFF17FA3F5BF
97F6FF0DF43F
95FFBF5FFC7F
2BF23FB7F4FF
8DFBDFD7F0FF
1FF77F4BF1BF
1FF3FF73FFDF
CFF5FF13FBBF
B7F67FCBFFDF
93F3BFB3F07F
9BFF7FE3FD3F
0008BFD3F47F
4DF73F17F33F
5FFD7FE3FCBF
8FF3BF8BF23F
F5FD3F6FF77F
C5FB5F17F3BF
83F23F77F33F
95F35FE7F77F
27FCBF7DF8DF
6BF0FFEDF1BF
15F9DF87F2FF
9DF83F3FF47F
5DFBDFB7F4BF
0FF3BFD3F8BF
87F7FFE3FDBF
B5F5DFEBFF7F
77FB7F53F7BF
E5FDBF17F6FF
DFF0BFC3F33F
C3F7DFB7F37F
F3F4FF17FDBF
43F03FABF17F
9DF3DF3BF37F
D808006DFCDF
3BFE7F5DFC3F
5DF1DF500A7F
5BF97FF3F93F
57FAFF75FABF
E3F53FE7FF7F
E7FE7FB3F43F
17FF3F93FF3F
FDF3DF37F2FF
6BF100C3F73F
FDF03F8FFDFF
17F0BFEBF03F
C3F95F67FAFF
DDF53F7BF67F
E5FF5F17F33F
33F8DF4003BF
35F43F67F97F
D3F97F13FDBF
7BF2FFD7F17F
33FB5FB7F47F
E3FFDF1FFB7F
EBF83F9DF67F
8BF3FFC3FDDF
5BF6BF0BFC7F
CDF3DF67FB7F
9DF2BF67F3FF
67F47F3DF8DF
2DF63F5BFAFF
880F3FABF63F
E7FE7F53FE3F
BFFFFF13F33F
33F73FE7FBBF
6DF8DFD7F8FF
3DFADFEFFEFF
BBF87F93F63F
BBF8FF1BFE3F
CFF1BF8BFA3F
2008000BFFDF
FBF4FFBBFDBF
6FF57FA3F87F
2DF03FCBFAFF
0001FF2BF63F
1FFF3F7DFCBF
E3F2DF1FF7BF
EDF5DFA7F9FF
4DF7DF0FF27F
07FDBF0BF13F
BDFADF67F8FF
97FCFF03F1BF
27F57F33FDBF
CBF77FD3FB3F
6DF1DF500BBF
D7F77F83F9DF
C3FD3F17F6BF
1DFBDF4FFA7F
03F1DF7FF000
75F23FDBFF3F
85F0DFA7F07F
CDF5BF07F0FF
27FFFF0BFC3F
D3FD7F73FD3F
4DF2DF67F1BF
8BFC3FBBF77F
87F7FF5DF13F
5DF83F57F07F
ABF47FABF6BF
A3FFDF0009BF
ADFBDF77F97F
37FF7F03FB3F
D1FF5FF7F97F
CDFA5F4FF1BF
8005FFA5F93F
5FF57F35FDDF
07F37FEBF0BF
75F55F9BF67F
0FF7BFCBF4BF
7FF27F37F9BF
37F17FD3FCBF
B3F2FFC7F87F
57F6FF93FB3F
CDF2DFD7F97F
4FFE7F33F53F
DBF5BF8DF3DF
47F87F0DF5BF
65FE5FFFF8FF
6BF43F77F27F
CDF4DF57FD7F
93F4DFA7F87F
5DF5DF7BF9BF
43FFDF57F1FF
0FF080F3F7BF
03FDDF880DBF
7FF97F53F95F
3FF6BF9DFCBF
9DF83F5004FF
B3FA7F4BFCBF
7BFEFFB5F4BF
15FCBF5FFFDF
47F47F83F73F
85F6BFEFF13F
6FFEFF93FEBF
53FBDFF7F97F
B7FB7FF3F4BF
03F63F27FC7F
33F3DF77F9FF
95FB3F7FFAFF
57F2FFD3FC3F
6FF27F7DF47F
FDFA3F2005BF
1FFA7FF3F83F
A7F17FA3F07F
47F07FCDF87F
77FEFF63FB7F
73FABF67F33F
2000FFD3F6BF
B3FBDFBBF97F
6BF17F93F3DF
1DFDDF2FF2FF
0BF75FB3F67F
F5F35F5BF37F
23F73FB3F7BF
6DFBBF8FFDBF
B7F000CBF37F
F7FFBF93F93F
1BF1BF23F87F
EFFEFF4BF0BF
03F2DF07F6BF
37F47FF5F1DF
03F7DF47F97F
5FF3BF4BF6DF
97F47FF3FB3F
DBF47FCBFBBF
40007F93FA3F
35F35F0004FF
A5F55F0FF17F
D3FDDF1BF47F
2DF13F87F4FF
B3F2DFCBF77F
0DFD3F1BF7BF
F7F23FFBF5DF
47F97F63F03F
C5FF5FBBFDBF
03F75F4FF07F
CBFE7F4BF07F
FFF6FF33FE3F
F7F0FF4BFABF
4FF27F55F7BF
AFFB7F0DF63F
9FFEFF0BFADF
20077F97F5BF
07F67F87F9BF
87FF7F3DFDBF
37F07F73FF3F
6DF3DFB7F27F
5DFC3FDBF77F
CDF03F77F4FF
4BF8BF1FF2FF
ABF5DFABF33F
1FFE7FEDF7DF
87FEFFB3FABF
2FF37F7DF23F
D7FA7FCBF93F
D9FDDF87F97F
2BF4BFD3F3DF
EDF35F47F6BF
4BFE7F33F23F
F7FC7F93F1BF
B3FF3F2FF9BF
47FD7FEBF63F
C3F1DFE7FBBF
8DF7BFCFFF7F
35FC5F6FFEFF
23F53F47FF3F
97FCFFFDFDBF
3DF83F0BF3FF
AFF37F43F03F
CDF2DF27F4BF
27FD7F87FF3F
B5FD5F73F2FF
9FF37FCDF0BF
4DF0DFCFFC7F
6FFC7FFDF53F
8FF17F5DFDBF
F7F97F93F87F
BDF1BFFFF77F
BBFBBF53F93F
87F8FF73F1BF
9001BF43F17F
79F53F1BF0FF
77FB7FBDFB3F
7DF5DF07FF7F
BBFCFFFDFEBF
B5FCDF07F67F
0FF3BF6BF1DF
95FA3FD7F47F
D9FEDFA00400
F5FD3F6FF37F
E7F47F83FB3F
FDF85F1BFFFF
43F5DF77F7BF
77FFBFF3F17F
A00AFF4BF9BF
2DF33F800AFF
C000FFD3F1BF
A7FEFF4DFB3F
4FFC00BDFE7F
03FE3F3BF47F
E5FEDF0004BF
03F2DF9FF000
87FCFF0BF43F
67F9FFF3F63F
0DF2DF47FDBF
CDF43FE7FA7F
F3F43F57FF7F
07F97FC3F83F
AFF77FD3F23F
BDF19F6FF000
CFF77F3DF13F
7FF4FF4BF53F
45FADF9FF37F
C3F15FE009BF
DDF5DF90037F
35FB3F13F67F
53F2DF17F0FF
BBF17F0BF7DF
5FF33FEBF8BF
95FCBF27FE3F
7FF1FFFBF67F
07FB7F03F23F
B7F73FC3F2BF
53FABFB7FABF
3BFFBF73F8BF
77F07F43F75F
2DF3DFDBF3BF
CDF25FCFF4FF
0BF37F9FF33F
F7FE7F9BF93F
33F2FFBDFCBF
B3F83F47F1FF
EBF2BF1DF1DF
93F0DF8FF0FF
07F67FF3F5BF
45F8BF97F6BF
87FA7FF3F73F
AFFFBFF3FCBF
3DF25F2BF2FF
5BF47F3BFF3F
03F33F57FA7F
77FEFFE3F87F
0DF43F97F57F
DDF13FEFF3BF
15F6BF13F3FF
ADFF5FEFFB3F
75F93F7BF0FF
2003BF63F1BF
35F15FF7FE7F
77FF7F7DFD7F
0FF900CBF07F
FDF63F57F6BF
55FBDF97F7FF
87F0BF0BF73F
67FCBF13F87F
3DF5DFFFFEBF
87FF7FDDF1BF
9DFBDF67F87F
CDF4DF6FF57F
87F67F8DFDDF
9DFE3F6FFB7F
8DF9DF33FFBF
39FBDFC7FDBF
55F1DFABFEBF
97FA7F53FE3F
8BFF5F3FF97F
63FE3FE7F8FF
2DFF5FBBFA7F
EDF23F77FA7F
D7FF7F2DF03F
0BFCBFF3F6BF
C7F4FF13F2BF
B5F3DFBBFE7F
95FEDF4BFA7F
4FFCFFB3F2BF
6DF33F7DFE7F
EFFC7FB3F63F
CFF6BFCBFBBF
53FE5FC7F4BF
75FA3FF7F57F
37FBFF03FEBF
07F9BF73F5BF
47F77F8DFD3F
03FE3F17FEBF
F7F6FFB3FBDF
EFF1BFFDFCBF
C7F4FFD3F1DF
BFF7FFD3FADF
EBFCBFA3F9BF
55F0DF07FB7F
3DF13FE7F87F
35F9DFCFF27F
3DFFDF400CBF
55FCDF27FEFF
BFFAFF95FD3F
600400ABF97F
37F5BF53FADF
CDF2DF8FF57F
BDF7DFDFF33F
95FE5FA7FF7F
3BF0FFA3F6BF
3DF5BFC7F0FF
65FADF97F67F
9BFBDFF7F07F
2DFEDFAFF07F
6DFC3F8FFE3F
C3F45F5BF07F
E0057F3DFF3F
37F0FF53FABF
8BF17FBDF73F
77F7FF5DF97F
77F700B7F7BF
EDFC3F2FF6BF
FDFE3FBBF1FF
09FBDF200000
3DF25F77F000
B5F43F1FF1BF
23FC5FABFDFF
EDF43FBBFFFF
5DF1BF17FBBF
2FF2FFE3F03F
19FBDF4BF47F
4FF5BF0BFB3F
8FF6FFD5FDBF
BBF7DF3FF3BF
6BF87FE3F8BF
3DFDDF97FE7F
EBF1DF07FDFF
27F9FF83FB7F
6BFFDF67FD7F
6FF87FABFB3F
53F2FF83F4BF
95FC3F980BBF
6FFB7F43FABF
B5F23F8FF4FF
97F1BFB5FABF
55FD3F2FFEFF
F7FA7F53F75F
AFF5FFB3FB3F
5DFADF5BFFFF
0FF07F13F4BF
CFFF7F03F13F
6BF37F4BF33F
B3F53F97FE7F
EDFB5FC7FC7F
4BF57FFDFE3F
9BF27F5DF6DF
0DFF5F3BF9BF
ADF1DF6FF1FF
DDF55F8FF87F
4BF6DF37F27F
ABF25F0FF77F
3DF1DFEFF17F
7BFEFFE3F43F
DFF57F63F83F
A3F59F7BFC7F
9BF4FFDDF3BF
A7FDBF6BFABF
6FF7BF23F53F
EBF77F53F63F
43F63F37F47F
07F7FF5DFB7F
1DF1BFABF8BF
EDFDDF27FC7F
ADFD3FA7F57F
B7F4FF33F4BF
27F4FFEBF6BF
B7F77FDDF07F
BDF0BFC7F97F
87F17F73F87F
6DF0BF9FF7BF
C00BBF65F47F
B7FF7F9BF9BF
C7F9FF5DF43F
2DF5DF17F77F
2DFC3FEFF87F
D7FD7FD3F63F
99FEDFE7F77F
67FBBF9BFFBF
69FE3F7FF27F
8BF6DFFBF67F
2BF6DF8FFB7F
27F0BF75FC7F
D7F37FEDFDBF
1DFB5F77F3BF
3DF65F680880
9DFBDF8FF47F
E7F87F47FD3F
43F7DFCFF9BF
CBF3BF3DF93F
2DFA3F1BFD7F
97F67F7DFABF
47F87FABFA3F
23F93F6BFF7F
B9F1DF4BF7BF
17F57FD3F53F
79F7DF0FFF7F
FBFCFF7BF87F
59FB3FF7FE7F
F9F9DF97F4BF
37F5FF8BF33F
0FF17F33F63F
35F43FF7F5BF
5DFFDF67FEBF
3FF67F6BF7DF
FBFA7F13FD3F
77FBDF23FB3F
EDF83F4FF8BF
A3FD3F47FA7F
2DFBDF2FFDFF
B7F17F63FBBF
67F0FF43F4BF
47FA009BF7DF
3BF97F2DFEBF
A7FC7F23FEBF
E3FC3F57FDBF
5DFD3F0FF0FF
97FF7FA3F13F
D5F3DF0FF1FF
3BF07FE3F1DF
2FFABF35F3DF
67FDBF63F9BF
A3F1DF2FF7BF
C3F7DF57FE7F
33FFDF57F1BF
ADF23F17F97F
93F7BFE7FEFF
9DFD5F900F7F
B3F9FFF3F0BF
9FFD7FABFB5F
77F97FFDF3BF
1BF6FF43F13F
77F0BF03F13F
9FF17F63F17F
1BFBBFE3F7DF
DDFB5F2BF63F
ADF93F2FF8FF
0FF9007DFFBF
77F8FFFDFA3F
1BFC5F8FFF3F
03F9DF6BFDFF
BDFB5FCBF07F
0002FFCDFB3F
EDFEDF77FEBF
6DF0DFA7FEBF
8DF93F4FF600
C006BFBDF07F
BBF7BF8BF13F
0DFDDF37F1BF
EFF77F7BF87F
05F55F67FBBF
13FE5F47FBBF
57F47F6BF1BF
9BFF7F7DF67F
FDF8BF7BFE7F
13F83FD7FFBF
EFF5FFE7FABF
17F1FFF3FE3F
17F6BF47F6BF
3BF3DF97FFBF
C3FCDFC7F1FF
17F27F5DF47F
A7F67F73F63F
9DFA3FABF73F
1FF6FF63FA3F
E7F30053F07F
9DF53F9BF0FF
AFFEFFE3FC7F
7BFDFF7DF23F
6BFEFF75FA3F
1DFA3FC7F2BF
6FF2FF53FD3F
C3FE5FDFF47F
4DFDDF5BF17F
BDFD5FCFF77F
0DF33FB7F17F
8007BFCBF93F
DBFF7FABF3DF
17F1BFF3FD3F
BFF5FF23F57F
C5F8DF4FF67F
13F2DF80087F
EFFD7F13F8BF
59F35FBBF3FF
37F7FF5DFCBF
D3F6DF7FF27F
C7F4FFABFFBF
17FC7FA3FDBF
03F0BFBBF47F
87F57FDDF87F
05FC3F97FF7F
00057F73FEBF
37F1FFDDFB3F
1DF1DFCBF87F
7DFCBFC00800
93FB5FFFFD7F
ABFE5F5BFC7F
35F9DFE7F53F
6DF8DF6FF47F
D7F8BF63F53F
93FD9FA009FF
CFF9FF3DF0FF
4DF03FDBF77F
3DFF9F57F47F
5BF47F9BF8BF
CDFDDFBBF2BF
7FF47F33FCBF
0DF9DFFBF400
0FFDBFB3F6BF
D7FC7F73F03F
45FCDF67F1BF
67F9DFFBFFBF
C7F57F83F1DF
400A7F8BFD3F
4DFF5F17F27F
5BFEFFFDF3DF
65FA3F9BF2FF
E3FB3F6BF6BF
55F23F4004BF
63FADF1FF3FF
37FB7F67F17F
EBF8DF07FEFF
15F83FF7F17F
1DFB3F27F8BF
8BF7DF7BFFFF
6BF9BF03FF3F
800CBF83FDBF
ABFA3F55FBDF
57F3BF43F5DF
83FC3F3FFB7F
F5F33FFBF4FF
8DF4BFBFFFFF
C7F5FFBDF6BF
2DFBDFA7F9BF
2BF0FF13F4BF
C5F6BF17F9BF
5BFE3F33F47F
EBFA7FDBF83F
67F37F63F0BF
DDFB5F4FF0FF
AFFB7F8BF87F
97F400CDF1BF
97F2FF33FF5F
5DF63F3BFCFF
7DF23FB7FBBF
9FFDFFADFA3F
EDF5DFCBF67F
ADFA3FF3FC7F
AFF13F43F03F
37F0FFBDF73F
5BF43F7DF5FF
03F93FF7F57F
B3F85F8BFFBF
67F87F87F2BF
200D7F13F1BF
0BF3DFEBF800
47F33FF3F4BF
87F57F33F17F
D5F83F57F2FF
73F03F57FAFF
87FD7F67F3BF
33FFDF27FBFF
03FADFEBF9FF
27FE7F6DF67F
F7FBBF23F4BF
67F67F03F2BF
A7FDFF8BF57F
FBFA7F33FA3F
9FF27F73FABF
1DF63FAFFF7F
8BFDDF1BF9BF
15FDDFA7F4FF
27FE7F33F6BF
3DFBDF57FB7F
63F5DF77F37F
4FF3BF23FF3F
55FBDFB7FD3F
F5F8BF6BF67F
CFF87F03FCBF
7BFC006DFDDF
67F67FCBF6BF
03F33F27F67F
B5F73F37F3BF
87FCFFC5FB3F
5DFB5F07F4FF
57F3BF53F83F
E7F4BF1DF63F
73F4DF6BF37F
DFFF7F23FDBF
2DF5DF2BF1BF
8FFFFFE3FCBF
8FF3BFA3F4DF
A3F9DFDBFF7F
500B7F1DF43F
E7F000D3F07F
ADFFDFD7F7BF
75F3DFA7F6BF
FDFB5FEFF7BF
3DF0BF77FC7F
13F95FC00FBF
8DF3DFF7FF7F
EBF6BF7DFE3F
BBF6BFA3F1BF
4BFEDF1FFAFF
07FCFF9BFD3F
EBF17FABF17F
9DF13F97F2BF
E9FDDF000B00
CDFF5F37F17F
BDF75FD7FDBF
2FFC7F67F23F
87F8FF4BFCBF
E3F6BF8FFFBF
A3FC3FA7F17F
97FBBFE3FE3F
75FDDF5FF0FF
5DFABFB7F7FF
7BF47F73FD7F
0DFEDF7BF63F
4DFBDF4FF5BF
4BFFBF37F6BF
9DF13F97F1FF
F5F8DFB7FF7F
C00AFFB5F63F
0DF0DF4FF57F
6FF07FF3FB7F
2DF03FCFF37F
FDFCBFA7FFBF
40017F8BFBDF
3DF6DF8FF47F
23F5DF580200
E7F97FFDFEDF
B7F5007DF03F
97F57F0BFE7F
C3F5DF1FF97F
2BF35F67FAFF
77F3FF2DFFBF
BBF87FABF17F
CFFEFFE3F6DF
35FCBF97FC7F
B7F1BF73FE3F
67FDBF5BF13F
7DF0DF7BF7BF
B3FB5F57F67F
3FF6BF33F07F
E0047F33F1DF
ABF57F33FABF
FDF75FF7FE7F
1BFDBFABF23F
55F8DF8FF37F
67FF7FD7FF7F
0FF4BF43F87F
05F63FAFF3BF
FDF1DFD7FB3F
03F65FAFF9FF
1DF3DF7BF67F
95FBDF87F67F
BFF7FFD3F1BF
9DF53F07F57F
0FFF7F63F17F
DDF33FB7FA7F
B0017F83F87F
FBF6FFD3F0BF
E3FF5F3BFE7F
93FBDF17F77F
27FBDF3FF47F
03F6DFC8043F
7FF5FFC3FCBF
DFF4BF93FD3F
03F09F2007BF
67FCFF03F93F
1BFA7FB3F83F
0DF5DFDBF2FF
E3F73F4FFB7F
A7F03F27FF3F
5FFE7F23F27F
93F3DFABFF7F
ADF8DF67F57F
FBF6005BF27F
A7FEFFEDFC3F
87F57FADFB3F
43F4DF27F9FF
75FEDFFFF17F
7DF8BFE7FBBF
37F10043FE3F
37FDBF4DF73F
17F47FB3F53F
67FBBF4DF3BF
200C7F6DFEBF
45F8DFF7F37F
CDF55FE7FF7F
DDF35F07F400
E3FDDFEBF4FF
4BFC3FA7F6FF
37FDBFEBFB3F
2DFC3F07F4FF
23F1DF2BF67F
CFFC8063F43F
EBFE0053F57F
73F4DFDFF3BF
B7F0BF8DFF5F
4BFF3FE7F77F
CDFE5FE7F47F
C3FB3F2BF1FF
33F67F7DFD3F
FBF07F73F2BF
27F9BF5BFF3F
F7F4FFB3F07F
7DFE3F8FF3BF
63FC3F9FF1FF
33F63FB7F73F
83F17F87FF7F
F5FA3F67FF7F
15F23F1FF47F
2FF77F23F43F
E7FF3FABF33F
3BF5FFC3FD3F
CDF0DFD0037F
77F0FF23FEDF
E3FA7F13F8BF
07F7BF8BFABF
F3FB5FC7FFBF
0FFDBF25F6BF
9FF2BF83F83F
D7F2FFB3FEBF
0DF93F0BF4FF
800900F3F8BF
EDFBDF7DF4FF
2DF35F080300
8FF3BF4BFA3F
8DFA3F57F6FF
67F7BFD3F5DF
6FFD7F4BF5BF
B5F75F6FF6FF
93FA3F8FF1FF
57F7BFBBF3DF
27F77FFBFE3F
97FEFF73FA7F
BDFCDF37FDBF
59F6DF27F5BF
8BF1BFC5FE7F
35F1DF6FF47F
FBFFBF8BFFDF
4FF07F03F03F
DFFCFFFDF57F
55F8DFF7F73F
DFF07FCBFFDF
6009FF93F3BF
73FA7F33F53F
6FF07F2BF6DF
83F63F37F07F
F5F93F77F67F
FBF8DF33F87F
DDFA3FE3F8FF
77F2BF8BFBBF
93FF5FE7FA7F
ADFD5FEBFEFF
DDFFDFD7F47F
63F15F97FCFF
53F55FCFF87F
E3F53F2FF6BF
E7F6BFB3F37F
0FF6FFFDF3DF
A7FABF73F3BF
03F0DFAFFFBF
1DFADFC7F8BF
8FFBBFC7F5BF
EFF17FE3FDBF
7DFCDFD7FEBF
A7F57F5BF33F
03FC3F0FFE7F
ADFDDF57F4FF
37FCDFF3F57F
3DF85F5FF3FF
3DF0DF47F4FF
9FF8FF3DF93F
6BF8FF13FF3F
65F13F7BF8BF
5DF33F57F2BF
77FB7FABF4BF
D7F17FEBFEBF
6DF0DFA7F4FF
4FF17F53F6BF
9DF5DFBBFF00
ADFA3F4FFEBF
ABF63F7FFEBF
B0040043F5BF
77FE7F23FABF
9FFEBFFDF07F
AFFA7FCBF1BF
97F4000BF53F
EFFEFF8BFDBF
8FFD7F2BFABF
05FDDF4FFD7F
FBFC7F03FB3F
E5F3DFEFFE7F
D7F8FF03F7BF
73F0BFC7FEFF
15FDDF1BFBBF
9BFD7F6DFFBF
FBFD3FEFFCFF
05F0BFF7F57F
A7F57F2BF5BF
77FDBF6BF43F
99FE9FBFF47F
97F27F6BF2BF
05F4DFF7F2FF
95F8DF4FF3BF
AFFA7F53FDDF
000ABFF3FFBF
2DF8BF9FFBFF
0003BF5DF5DF
6DFD3F27F37F
8BFA3FDBF9BF
F5F63FEBF8BF
CFFFBF7DFFBF
3FFB7FBDF03F
E3FCBF7BF87F
25FF3F8FF97F
93F0BF6BFF7F
75FF5F8FFA7F
57F7BFBDF97F
FBF7FFA3F9BF
37F2FF3DFCBF
D3F43FE7F6FF
4DF5DFEFF800
BBFDFFBBF93F
37FE7F7DF37F
4DFDDF87F4FF
27F0FFE3F63F
B3F37FC3FDBF
6FF47F6DFC3F
63F03F77FBFF
DFF77FD5FBDF
3FF97F6BFBBF
83F0BFA7FF7F
1DF13FDBF67F
67FCFF33F53F
8002FFD3FB3F
D3F0BF33F13F
87F07FC5FB3F
7DFCBF27FA00
F5F6DF2BF2BF
9DF03F0BF67F
3FFDBF23FBBF
0DF33F0FFBFF
37F0FF83F63F
53FE3FBBF9BF
BBF4FF83F03F
63F3DF4FF0FF
0FF47F7DFD3F
87FBFFFDFADF
93F5DF57FDBF
47F97F23FA7F
6FF2FF6DF9DF
D7FCFFE3FB3F
AFF80053FA3F
ADFE5F5BF3BF
43FBDF9BF07F
1BF7BF17F03F
95FE5F6FFE00
EDF83F07F77F
D5FA3FCBFDBF
4DFE5F4BFC7F
83FBDF27F87F
45F5DF37F17F
09F35F6BF4BF
37F17F43F53F
8FF3FFFBF6BF
EBF67FB3F03F
D7F9FFABF9DF
C3F1BFEBFD7F
6DFBDFD7F47F
87F87F4DFB3F
8FFBFF9BF5BF
63FE3F67F27F
97F0FF9DF6BF
43F15F4FFB7F
0FF43F13F47F
A7F200ADF93F
4FFABF3DF83F
63F95F2BF2FF
BBFEFFCBF73F
47FDBFBBF8BF
67F6FFEBF93F
DBF0FF53F0BF
37F27F3DF63F
5BF75FA7F33F
1DFDDF9BF1FF
0DFDDF3BFD7F
5DF1DFB7F13F
FDF7DFA7F1BF
F5F03F97F9BF
E7F47F43FD3F
43F15F0FFAFF
1DFF5F17FB7F
9DF2DFBFFD7F
F7F8BFBBF2BF
E5FA5FF7F5FF
0DFB3F57F67F
3BFE7FE3F2BF
77F7BF37F13F
A5FCDF2FF97F
5BF0BF63FE3F
7BF67F4DFCDF
55FB9FD7FF7F
07FE3F93FA3F
07F8FFBBF87F
97FCBFA3F43F
77FB7F07F1BF
D3F65FEFF87F
79F75F07FBBF
3DF4DFBBF97F
17FCFF13F8BF
23F1DF0BF2BF
DDF3BFE7F57F
43F6BF47F73F
FDF7DFD3F0BF
17FFBF75F73F
FFF2BF4DFF3F
ABF4DFB7FDBF
EBFD7F53F2BF
EDF55F1BFFBF
B5FF3FC7FBBF
DDF63F6FF4FF
DDF43FE7FD7F
07F8FF5FF3DF
EFF87F63FD3F
1DF03F0FF67F
7DFEDF67FBBF
B9F9DFF7FB7F
63F7DF37F67F
43F53FB7FAFF
EBFC00ABFB3F
9FF17F1DF7BF
23F9BF83F6FF
ADF43F37F3BF
A3FF5F63FA7F
DDFC3F000B7F
6BF47F23FB3F
7DF9DF97FF7F
D7FC7FE3F1BF
CDF2DFDBFB7F
50037F8BFC3F
B5FEBF47F47F
9DF63F9FF3FF
67FCFF53FA3F
45F3DF5FFEBF
DFFEFF7DF73F
3DFEDF6FFFBF
07F7DFDBF9BF
53F9DF97FD7F
BDF1DFAFF9BF
65FD3F8FF67F
4DFF3FF7FCBF
4FF8FF73F73F
67FDBFC3F93F
53F83F77FA3F
DBFCFF13F47F
D3F9DF07F7BF
37FE7FADF33F
8FF2FFFDFDBF
6DFC3F37FCFF
73FC7FE7F9FF
EDF65F3FF8FF
D3F8BF87FD7F
C9F7DF0FF67F
97FCFF93F43F
27FCFFDBF63F
53F0DF5BF4FF
17FF7FEDF93F
9DF47F87FA7F
9DF23FD7F3BF
25F6BF1BF07F
33F83FB7F1FF
2DFC3F2FF93F
43F17F37F2FF
F7F3FF93F53F
53FEDF77F1BF
5DFCDFCFFA7F
B7FB7F6DFC7F
B7F17F23F03F
4FF4FFC7FBDF
BDF95FBFF600
73F6DF0FF67F
EDF8DF67FD7F
07F57F03F9BF
DBFBBFC3FCBF
C00AFF13F4BF
17FD7F33F83F
75F35FEFFE00
3FFE7F73FFBF
87FD7F33FDBF
DBF8FFCBF17F
E5FB9F97FD7F
6FFEBF53FB3F
43F7DF73F5BF
3DF8DFDBF1FF
45FF3FA00B7F
59F03FD7FE7F
73F63F9BF2FF
43F63FDBFA7F
D7F000ABFF3F
D3FABF97F4FF
53F63F5BF3BF
4DF5DF27F7BF
2DF5DFEBFF7F
A5F13F9FF3BF
4FF9BFEBFDDF
CFFF7F23FC3F
E7F77F03F23F
BBF97FABFCBF
EDFE3FD7F77F
9BFAFF1DF7DF
47F9FFB3FE3F
9BF18043FC3F
67F7BFC3F03F
4001BF8BFE7F
CDFCDFDFF67F
7BF97F23F9BF
BFF47F6DF2DF
7DF63FC7FAFF
CFF8FF73FDBF
C5F5BF27FBBF
1DF5DF9FF8BF
800D7F03FADF
6BFF7F4BFADF
5DF5DF47FCFF
4FFCFFA3FDBF
C5F9DF6FFFBF
53F4DF67F7FF
93F9DF7FF4FF
BFF400E7FABF
0008BF2DF2BF
C7FCFF73F3BF
5FF400EDFDDF
13FF3F87FFBF
13F4DF87F97F
97F17F53FBBF
B7FE7FBBF2BF
8DF1DF8BF5FF
15F6DF7BF97F
0BF55F87FFBF
C7F0FFBDF23F
EFF8BFB5FE3F
53F5DF87FD7F
