E6FEA7F4801880
AC019C036FD0FF
F80208021FD5BF
D4017805BFC200
DA02D00B1FD800
A1FC0BFA401640
7FFF98063FD87F
22FD2BFEE03280
54FC8FF1403B00
1A0178005FCCFF
EC01C0005FC9FF
45FEBBFAC00840
3AFD5BF4000000
66FF77F9901FFF
D800680ADFE200
65FCFDF2FFEC80
5A014802BFEEFF
09FC27FCE02180
CDFC57F9201200
DEFCC7F7103880
E6FCABFF200E80
4902B0045FE3FF
F203AFFBDFDF7F
EBFCFBF83FEA80
5E039406DFF27F
2DFCCFF6A01100
C7FE90019FFE7F
C5FE9BF4FFDA00
8CFE87FFA00980
D3FF1FFFFFDA80
5200A8066FF0FF
30033FF7FFDAFF
3601FFF6EFCB7F
E8009FF15FF17F
53FE07F8603600
640138065FDDBF
AAFF17FC602B00
6C0328013FE000
5A01980C7FF9FF
BAFF57F0801400
9300BFF05FCFBF
8BFD87F3D02C00
D8FFBBF7E033FF
2202A0043FD17F
7AFFABF4600880
E103A00E9FC4FF
9101280F7FE0FF
87FF480E3FC5FF
EC0334073FF57F
590178007FF97F
D4013808BFD5FF
B8FE200E3FC080
6202600F0FDFBF
7EFCD7FE601900
2802C004DFE400
BAFE1FF34023FF
7A037003FFCCFF
8EFFBBFBC012FF
D101A00EAFD97F
EFFF100CFFD17F
65014805EFC180
720147F13FF400
94FF100AE00E80
22039806601C7F
400004047FFA00
36FFFBF2E00480
08033FFA9FEAFF
FBFC4BF4403500
DDFF0FF6A02700
23FDA0051FDD00
EAFC37F9E00600
A601B0085FC77F
9FFF2806EFD67F
3201200B9FD600
9403480F5FD300
F602A40F401FBF
4E00200A1FE1FF
0DFC8FF3C03CFF
78FC0FFB801B80
0A01C005A0107F
E6FD47F5601E00
D7FE50017FCDBF
6A03080E9FD200
7302C00CEFD8FF
3AFC3BFBC01280
120070029024FF
11FFDBFA201AC0
8203600E5FFBFF
A6FC8BFD001D00
87FC47F6C00180
24FE17F3201840
D4FF97FDE03C40
56FD6BFDC00F00
A2015005AFF400
8D014801DFE7FF
0503D801401000
E1FE8FF1800D00
99FDBBF92003FF
82FFB7F1202D80
9DFE73F0A00BFF
6A0228095FD27F
26FE87F23FF200
2A00B004DFD200
DFFCB7FE402D00
F1FE37FD803400
1A01700D5FFE00
B003B0069FF4FF
2AFC33FE003880
BEFCE7F52007FF
9600A00ABFEDFF
9A039FF0802A00
C1FDC7F7403680
2E0224035FF97F
6C02140FDFF3FF
37FD6806FFC97F
5501980FEFE57F
8DFFFBF1201100
D10270031FD680
50027FF63FC600
D001780EFFC600
B9FED7F38001FF
5603E80F1FDF7F
1EFF9BF7202BFF
2EFE27F9201D00
CC03A00A7FD000
D00198077FCC7F
8C00E00BDFFAFF
A40038063FDC00
FCFFDBF9E019C0
1900300F1FFC7F
C7FD4DFC500480
B60094065FDA7F
EA027FFEEFEE7F
B2FEB7F2C02340
C1FFFBFE203700
F4FDBBF8801440
880248097FF200
A2FEBBFF601C40
9202880F3FD000
12FE53FC102F00
8201F80FFFC200
7EFE57F2A01680
13FE97F4A005FF
620218033FE1BF
8EFF9BFAFFF080
A4FDFBF2202980
E2FD2BFAA0337F
EC01FFFEEFC5FF
9FFF0008002AFF
D10108039FCEFF
85FC5FF1200100
81FE33F6402900
2DFF53F7E01FC0
24FE7BFEE00080
5EFEC7F5BFFFFF
E8FCD3FCA03F00
58FF5BF0A02880
FA01D005001F7F
54FD27F44001FF
A4002FFC7FE67F
8A012805BFF77F
FE00C001DFC4FF
2DFFFBF0601080
A401BFF11FC57F
F2026FF62FD1FF
1003C80F6FCD7F
E4FCA7F4101980
52FD3BF5C03F80
0EFEAFFCA00D00
CBFDC0000037FF
ED021004FFF1FF
61FC07F77FDA00
55FFE7F8E01980
A9FDCFF5000300
CE001007BFDB7F
8802880B3FDBBF
3BFCE0043FC000
25FEBBF08005FF
6D01580F3FFFFF
92FC3BF1402380
9DFFE3F6400BFF
8000380E6FC200
95FD63F7401D00
3700C000DFDFFF
79FE27FCE02E40
49FFE7F4803F00
1900E80BBFD37F
2CFF5FFA103B00
1C024006FFE700
88004805002D7F
7AFC87FF502680
C6009006DFC9FF
5603E8021FC6FF
E7FC80039FC700
C9FE37FAE00B80
94037807AFE080
56032804EFE700
6A02B00D1FE4FF
42007FFCEFF200
1401500DBFD4FF
BDFD3FF1001B80
CAFCABFD400080
A301A8011FE87F
68021003AFC8FF
89FF1BF5401580
560228093FFDFF
61FE6FFEFFD700
68004C0B80267F
BCFC73FAA00600
B7FE200FFFC17F
7C0284035FC27F
42FCC3FAE029FF
49FD7BF4202D00
31FEEFF5801080
0EFC27FC5FEE00
D3FD13FE802300
C9FEE7F3203E80
B1FD97FE203CC0
DAFD47F76025FF
5200B00B3FFA7F
BCFCD3F9E03000
FAFDDBFD200100
2C001FF91FD4FF
9103C4029FCC00
15FCE7F0703000
D802A805BFCB00
3EFD4FF8203840
3EFDF7F0902100
8401DFF9FFC4FF
3FFD780F9FE5FF
CA01D0083FD47F
E401240A5FD600
DEFDF7FC201100
4EFD87FD102200
FE02A006C030FF
D5FC33F8202200
D200680BBFD400
0D0258073FE4FF
85FE9FF8300600
32FD27F7801AFF
C2FDDBF5801B00
A4002008DFE77F
C002C80CBFDF7F
B101E00D000000
C101900B7FF07F
1903D7F75FED40
EFFE97F9E01D00
2500280BEFCC00
42004801BFCEFF
4401280D3FC600
68FC7BFC801A00
3502E008401B00
94FD9BF5202280
79FFF3F8DFE900
C8012802802800
71FC8FF3901A80
5C02780CBFCEFF
D5FF0FFFC00380
2903700DAFE47F
4201C80E3FCE7F
E7FE77F59FEB7F
58FFEBFA800100
60FD07F8E00F80
EBFC08015FDAFF
AA034002DFEBBF
4AFD77F2901F00
9AFE6BF1DFE280
E803200C8015BF
0803E807EFD97F
2FFFB80C7FCDBF
E2030006403FBF
B3FC8FFDC02C00
5FFE57F5202780
FAFFE7F9101F80
960040027FDE80
CDFFB3FF003700
31FCCBFA200F40
AA02C806DFC2FF
49FC87F0D01A00
35FE63F7C01700
31FFA3F0E03300
7802B801FFF9FF
09FDA7F7903400
45FEC7FDA00500
3F7F5BF0100700
E8FEAFFA602900
090388052FC9FF
EFFF500B5FD500
EA0188063FF6FF
7903000EBFDCBF
01FD5BFCC02E80
4F7F2BF3801800
4AFEEBF7801480
3C006402CFCDBF
0EFF33FC800FFF
74FEA7FD401780
2BFDB3F64037FF
0BFDBBFF7FD380
C7FD18091FDEFF
05FD4FFF001A00
7BFC6BF9C001FF
8A00E0062FF97F
EEFC7BF3801680
8600B804FFFBFF
BA033006001BBF
9003E805AFD77F
31FD7BFD201100
64FF67FB401700
7A0078023FDDBF
1EFD07F7801680
FAFC27F2FFD800
9EFC27FD000C00
F0FC5BF9FFF0FF
D4FCEBF5101A00
FFFDEFF50018FF
F3FFB7FF803C80
2401EFFFBFDA7F
3AFE87FFC03B00
FBFF0004802A00
01FF87FDFFDF80
49FD47F02003FF
DA003004803A7F
A9FEF3F8600400
79FE33F93FEDFF
9DFD2FFE801A80
79FDD7F3402A80
B402D00A9FCBFF
ECFC2BF2200FFF
D5FDDFF7FFD700
5900840BDFEAFF
F0033FF81FC3FF
4C00B803BFF5FF
DEFE5BF5C006FF
6003B80B5FC17F
D001F3FAE02C80
24018802FFCF7F
7FFDE00ADFF07F
E6FE1BFE200840
A5FD37FF103C00
1E034404DFFBFF
C3FDD7F8C03100
16FDFFFDA01940
EE0104099FD47F
33FEEBFE203080
1302500D3FF400
DFFE90073FF3FF
4EFF6BF5400900
43FDC007802B40
FEFEDBFEC00440
11FE4FF2A00E80
FEFC9BF2C01580
7FFEE00E9FE27F
BFFF48075FD800
B600E80ABFF500
86FDEBF6C03E00
5202700A80027F
5AFCDBFD803600
A10210083FF57F
42FFD7F3C02640
4803C00D1FCFFF
60015008DFDE7F
49FFA7FE002F7F
E602E006BFE4FF
3EFD73F0001FFF
5EFD2FF5901180
BEFECBF2402480
E2FFA7F6A00980
47FCABF07FED80
980188035FF9FF
700370063FDAFF
BA00400F7FC4FF
A7FD07FF802800
210194081FFF7F
E9FE5BFDC03CFF
0902600F5FFF7F
EEFDEBFBE03DFF
9CFF7BFB401180
920060063FEEFF
3A03480B1FD8FF
03FC48063FE200
05FE87F7102080
61FE2BFBA02900
6FFE8809DFC47F
6FFFCFFF3FD6FF
C60188038005FF
C8FEDFF8402880
34FD1BF2A01640
E6034C0FDFE4FF
4A000000602A7F
4802900CEFC5FF
F1FF6BF37FC480
E3FF3BFF901B7F
7BFE1001FFDDFF
7E01280EEFD2BF
02FD57F32036FF
BAFC9BF9A00200
F9FDCBF1C02580
3DFDC00E1FEA00
48027FFA002C00
EA02D0047FECFF
DC00F80A3FC100
A4FFF3F9FFC4FF
53FC57F3101FFF
BA03BFF09FE6FF
DE03E00BDFD3FF
F3FC200B6FCB7F
85014805AFD100
E9FEFBF93FCE00
EC001009EFE100
A601BFF1DFF17F
B6FFDBF2202C00
5102480EBFDF7F
3202A00C6FDEFF
51FD17F39FFA80
B6FDF7FD801100
11FE6BF6803CFF
F4032804803900
B203300D4009FF
FAFF87F5000700
D0FD67FAA03C00
1AFEBBFDC01700
A7FFE0063FD600
040348089FECFF
65FD4BF9C03E40
66FDCFFC202500
36FF2BFA401000
06FE87F4E03D00
6402A80AFFE8FF
D9FD67FA900B00
59FC1BF5400F00
97FF700B0018FF
410148061FF400
2C03600E7FD1FF
700050063FECFF
9AFDABFFE02280
FFFFD001BFF97F
62FCFBF1202E80
5200180D3FFDFF
7602080F5FEAFF
DCFEABFD403E00
4AFFEBF4602580
57FDFBFA003200
4EFD57F9101780
DFFD700BEFDB7F
FFFD180CDFE97F
9CFF6FF9201E40
B6FDABFE201580
29FE0FF8202700
1102480A5FE37F
4A005800BFD37F
7E028FFFDFFF7F
73FED0076010FF
12038000AFFEFF
D9FD4BF9900E00
36009000BFC47F
9801B80EEFD07F
8A00AFF90001FF
C3FF0FF3002800
67FDF8091FF77F
3C0340077FC77F
15FFF3FC603280
64FFAFFF2013FF
F600EFF17FEB7F
E9FFE7FC202440
EDFFDBFB4024FF
63FFE3FB202B80
1DFC8BF58002FF
FFFD3007DFD27F
17FD9809BFE17F
380230041FEA7F
A7FE58031FFAFF
CA03000B1FD1FF
D2FDD7F1FFE800
3AFD4FF2C025FF
DC02C80E6FDE00
3AFC300180217F
EAFDCBF3FFF6FF
6302680E5FC0FF
B60048097FFC7F
E6FE07FC801180
4A00400E9FED7F
67FEE80D7FD67F
AFFF2809BFE6FF
6003080B002100
500010016FD080
24026007BFF17F
66FE07FAC01400
F903880FAFC5FF
B6011FFEDFEDBF
7C03980E000D7F
6C03A80BBFFFFF
21FD8BF7A009FF
8DFDB7F8FFDC80
3CFFD7F3C02B00
DFFF40089FCD00
9DFC2BFBBFFF00
880347F22FEFFF
D900D0078030FF
5601880AEFE57F
85FD5BFA7FC100
39FFB7F1401F00
BA01ABFE5FDE00
4CFC7BF7402280
96FF5BF3600300
900360045FD0FF
BC03900A9FC8FF
F2FCDBF9203840
0800F7F1400F00
5FFDF8097FEC00
5A0230033FFD7F
84015801801E00
7903B408BFF000
00037BF1803900
89FEE7F6403900
69FC9FFE7FE3FF
B40368075FC9FF
D5FECBF3201100
AAFCE7F5E03300
0E023803BFC000
AAFC97F25FED00
A5FFD7FA7FD180
B7FED7FEA03E80
D6031FF5AFCBFF
120358031FF57F
38034FF53FE9FF
5802900FBFFD7F
6BFF87F9601BFF
3EFC8002C01D00
C402B005DFE600
F80214085FD17F
6101A0003FCC00
82FF8FF8600980
D203E7FA3FF47F
2BFD8FFAA01B00
E80190053FEC7F
BFFC7BFF1035FF
5DFF8FF3500C80
3C02C8017FD1FF
C403080A3FD8FF
A203AFF1DFC0FF
3AFEF3FD80077F
600148047FFCFF
86FF2BFC502D00
4CFC9BFD402180
32FEF3F7A01600
A103A80FBFEBFF
E803FFFCBFCEFF
22FF7BF8E03C80
11FCD7F8402C80
42016007AFE27F
1001D00B9FE97F
00FF5BF9002880
1A02E0085FDEFF
3C00A0027FF3FF
3CFFEBF7803300
E3FFDBF8E03600
DAFE13F1A00C00
DAFE17F2FFD840
24FDF7FA7FFD00
7801200B4FD7FF
DDFEDBFB6038FF
100177FFE037FF
320360097FDEFF
96FC4BF3E03940
9EFFFBF1403800
F203A006EFE27F
A60038059FCA00
DBFFABF37FCFFF
AFFC10020029FF
8200780680137F
BE00F003C0367F
79FFAFFB403840
66FE57F3801980
1903700A3FC87F
D6FF4BF5C00280
AC02B7FB002880
C9FC8BF3A007FF
42FFF7F7902000
B9FF07F9E02B00
A9FF87FD601400
2001BFF6BFF77F
B20074085FD5FF
9FFD7FF81FF100
7002F003FFC880
5DFDFFF3BFF37F
AC03D00F5FF200
8AFEB7F7402200
69FC8BFA400700
CC0040046FC5FF
CFFFC005001CFF
B00010097FEDFF
1CFF97FF4000FF
BCFFD7F8401EFF
7CFDF7FD500600
C803CFFCDFDCFF
8EFDF7F2A02F00
52FEC7FF801A80
B400A80BEFCFFF
72009805FFE4FF
1202A00DEFD800
4A027FF2FFF7FF
15FE0FFF7FC940
F1FC67FF401680
18006FF3EFCF7F
700224025FE27F
DE03E40880197F
6BFEC0095FC100
1CFCF7F1802580
DCFFDDF2602F00
4CFC6BF95FC680
34FFAFF4203EFF
6503C80A9FE57F
F602A8005FF33F
2102C0001FFE00
40015FFC7FCB7F
A1FF2FFC202680
E401A80E8026BF
6C00F00E9FCDFF
92FE3BFA003580
0100E8076FCD7F
C4008808FFD4FF
780210019FF900
88FC77F2901F7F
9602780E0008FF
0E01200BBFD27F
D6FEAFF4A03E40
B400480B9FDD7F
4601C8025FC5FF
E9FC7BF7103540
E0FCB7F9603800
8C0098089FC6FF
7C00E809EFCCFF
8EFEE7F3803200
AE01D0087FCE7F
E1FDC7F2200E80
8DFDB7F4203F80
4C03D8073FD8FF
2EFC07FCBFFC80
BDFD77F42009FF
B2035FF37FC77F
E601300F6FF5BF
BAFC53FFE01E80
DCFC6006FFCC80
A90004033FFCFF
16011007DFCC00
59FECFF0E03580
86FDD7FE603600
4601D8025FE1FF
6000280EDFE37F
AE017003EFF4FF
9402A00F3FD2FF
4AFF17FEC03280
6C0308041FD4FF
7E018FF43FD300
65FC6BF0203D80
44FD9BF8203F00
F401C0085FF680
13FFA7F7A03900
22FDE7FF7FE600
2A002800DFF27F
4801E0033FFDFF
ECFCAFF5202C00
4BFD30073FCDFF
7C01D801EFD2FF
0200A409DFF9FF
2E00680E1FDAFF
FEFE67FAA00780
4A00C001FFC1FF
5C029009FFFEFF
4C01CFF10004FF
A1FD6FFE803CFF
DCFC6BF1FFC680
D5FCA7F0D03700
DDFFBBF7A00680
96FC1FFF400080
B2FD57F6600300
E501A00B7FE680
D201BFFFBFE27F
6FFC2807DFE6FF
BE007008BFDC00
A202F80200337F
1C01C4041FF67F
0BFFC7F0601380
DAFCC7F6803880
E902A8036FDC7F
06FFB3FA003200
01026009AFC4FF
5C01940E5FCC80
5AFC5BF9C02800
F103900FBFF3FF
71FF17F2800800
DEFD07FCF02D40
780188089FD2FF
2EFD97F8C03200
7AFC0BF1C01080
B90108032FF3FF
8EFE3BF08011FF
DFFCBFF0DFED7F
F2FF97F78030FF
9C0170025FC7FF
7DFECFF3802FFF
F2FFFBFEE019FF
3AFCFBF0403AFF
AAFDB3F6A03900
75039805DFD57F
6EFF17F20037FF
F6FC9BF1602880
1AFC2BFD400800
4A035005FFCD7F
DDFE2005E01180
1EFE17F5C00180
28022803DFE0FF
5CFCEBFD8021FF
47FC5FFEBFD2FF
DEFEBBF9201600
B5FD5BFAFFCD00
3E02C80E3FF57F
C9FD73F1E01080
DEFEA7F1FFF080
6CFD27FA101C40
FCFFFBFD002280
E0018FF7600200
39FDB7F9BFCE80
D0002FF7203F7F
21FC7BFD201D00
5603A0015FF1FF
A5FD8FFFA03600
CFFF5802803EFF
900248015FD5FF
3D00E80CFFC17F
7DFD47FAA01F7F
65FC2BFF600400
A4001FF2DFE9BF
91FF3BFBA02100
B3FD9802DFD0FF
9902300C7FD9BF
75023FF1DFD300
9A021803DFF57F
CA02C0019FF27F
4CFC2FF3C01840
54FF9BF8602BFF
20007FF81FEB7F
EBFC900DDFC5BF
000057F93FE0FF
420188017FFC7F
C4012809A00FFF
82FD1BF2A03B00
F000F00FAFE57F
7C0304041FC53F
41FC47F13FE9FF
2DFF2FFE202180
6502980CDFF67F
72FED7F0BFE840
02FE9BF0203180
3FFF8000CFF880
B1FCEBF1A00CC0
A803180CFFDB7F
6BFEEFF0102400
D0019002EFD47F
35FF67FB401880
47FD3808DFDE80
FC01A008EFFBFF
B400F807DFE200
91FD87FA8019FF
F8007FF780177F
1DFC47FE4010FF
71FDEBF6603540
A2FF67FE7FCF00
9200B0005FC5FF
660037FAAFD47F
74FCFBF2E00440
5401D00DAFC100
45FDF3F3400000
DC03700CCFFF7F
0A0328051FE7BF
61FE77F6C03480
F6000FF33FD7FF
8A0367F71FD07F
96FE47F37FF2FF
1EFF97F2403300
D600B0037FC3BF
79FFF7FAFFC440
F8FE87FC801080
D4FDC7F1200F00
E5FEEFFBC02D7F
4AFC0FF6A01880
8BFD37FD7FC380
DFFCDFF75FE780
3201680DBFD4FF
C5FDB7F4803D7F
2DFDE3FE802500
74FEFFFBD02480
CEFCD7F7401700
8A00680F1FC7FF
D201F004FFEBFF
FFFC08083FFA00
D0FF0BF9BFD380
4AFD7FF1102DFF
3C0044079FD7FF
5603E8073FD000
677DD7FCA00480
D2016409DFFC7F
4BFF67F34006FF
AA0218037FF000
C403F00A7FF300
DE038007BFF100
0E0390095FFFBF
B9FC6BFBC01DFF
A6FD57F7001C80
A20318077FD5BF
2FFEA00F7FEDFF
30009004FFE200
1601D40A00097F
F1FC2FFC2021FF
45FCFFF6902D80
9E02800F1FC000
61FEF7F8400000
66FF4BF1A00300
CCFF67F180177F
E40148053FFCBF
C4008803003500
36FDEFF9E03500
20FCEBFBA01480
AE0108067FE1FF
AAFDB7F1A01D00
CCFCF7F2903B00
0AFC67F5801E40
89FD37F1A03B80
4801880C7FC2BF
FDFC8FF8BFFA00
15FD6BF2C01DFF
87FFC8079FF7BF
4EFC57FE402280
BAFE9BF4C00480
4A002803AFC9FF
A4026806000F7F
E1FE33F9201900
E302E0023FE800
06FDF7F5201F00
8DFCF7F4A01100
53FE6BF8E03B00
4DFD5FFB503440
72FF17F4001F00
AE0170011FDCFF
CCFD2BF9FFF880
240228029FC100
680290063FEA00
13FCA7F7202D00
2AFCCBFA7FFA80
2CFCE3FCE01000
1200140F3FC700
29FE57F0A02A00
B000780BFFF07F
CA0360081FFAFF
1602280C3FF9FF
B301980ADFE4FF
8A03C4075FEBFF
45FD5BF7C01040
27FFD00D2FCE7F
DEFE77F7803FFF
27FE67F22011FF
E400E408FFC000
89FD97FEE03900
2AFE73F6002300
C20100003FC4FF
1FFE30005FE100
91FCC7FCFFD900
E603680CCFCD00
9301B405EFEE00
A800000A3FC07F
30FC9FF1C00DFF
F0017000EFF57F
6800D808DFCB3F
A9FF7BFAFFF400
29FD0BF1003FFF
4EFFB7F9201480
1E03A80C9FD17F
76FCA7FA102E40
62FEBBFDC00640
380070092FFC7F
8AFD97F2601280
76FC37F5400380
1C00B8031FEDFF
720118097FE4FF
A402E8075FDDFF
41FFDBF2A01A00
12FFC7F3002C00
080398017FEA7F
9400E00BDFC2FF
4801200D3FC8FF
D6FE87F9802F00
DC03480D9FD97F
59FE3BFE600200
F900C40A5FDDFF
0EFD6BFDFFEF80
56FD67FBE02080
FA0220072FDF7F
4C00C00A5FE77F
BA02E8000025FF
5E0340049FFEFF
9BFC7806EFC17F
610068096FE6FF
8800F0096FE7BF
990320011FD8FF
26FCF3FF200700
EC012801DFCFFF
59FDCBF39001FF
32008008DFD57F
EE00880CBFF600
C802B00DEFEAFF
49FDA7FE100700
3AFDA7FC3FCF00
D1FCCFF3C01100
61FD8BF4E0137F
AC001FFCBFC600
E9FDD7FAFFE180
1C03CFF59FD9FF
2E00940FBFE1FF
BC02240C5FC100
5800ABFFBFEBFF
DC00D0045FD1FF
7A00B80580177F
550170073FE0FF
66FE0FFC302A80
A6FC27F1101000
8603B0089FECFF
D7FF500DAFE000
30000006DFEA7F
29FE87F0400800
66037FF79FE37F
16FC7BF0A029FF
81FE4BFB102040
F0FEA002A00500
1FFFB0073FF200
7BFE4FFFC00700
41FF07FDC03080
16FD3BFA602140
1802E80F403D7F
E00287F8202AFF
500288019FF67F
A603680700357F
7503F0019FDA7F
6E0188013FE6BF
1202980D3FE57F
F803980ADFD8FF
2A03580DEFD97F
5203700AEFD47F
F0FC53FEA033FF
C1FD9BF9C014FF
5101E00B5FFD00
8DFECFF6BFCE00
0800A403CFD3FF
C200C4097FCAFF
01FF0BF2C02980
EFFCE8043FC57F
A3FC2BFDC00FFF
2801AFF46FDF7F
A3FE87F0C02B80
6FFE88093FCF7F
E602180C9FDCFF
FE0040061FD2FF
790058077FE27F
3802D00C003CFF
FFFC8FFD801A80
3EFF73F9C01700
D6FCC7FDC03480
05FD23F5E03000
0BFF07F1003780
1FFD67F93FC980
01FDBBFFE00280
E5FD57F5002800
60FF67F6003EFF
6FFF7FF07FE5FF
7402E0003FEF7F
F9FDFBFE202E00
BFFE480FDFC700
F000C80ADFC6FF
277D97F9C01F80
DA0377FF5FF17F
99FE78035FC1FF
95FC3BFC603C80
50004809FFF37F
A9FE0FF0E02500
FA03AFFC6FDB00
9CFF9BF8203700
7A036804EFF77F
8CFC87F8A02680
0FFCC80B000E00
2401180F6FF7BF
72FDBBF9103BFF
8CFCFBF8A012FF
46FFF3F7002C00
BFFDA7FCC001FF
C602F0099FCAFF
E20388060034BF
88004808FFF800
B2FDFBFCC00040
540020079FEA7F
A603D004CFF1BF
36FCABF1403980
5E0108028014FF
0803240ADFD2FF
6C03B8057FE77F
9A01C80CDFFFFF
5AFF4BFBE03E00
5AFFBFFD402E80
1EFE67F5903F7F
73FD27F6FFE300
69016FF0FFE4FF
02FF4BF2BFE780
B90018001FC6FF
4003A000403EFF
4C00380B3FE77F
F00018009FD800
EFFC300F3FF3FF
B0FD87FA401180
5C01E8023FD9FF
F000680CDFCD7F
8AFC6BF2200F00
EC01480F3FF37F
D2FEC7F0401200
7AFFFDFE402FFF
A903B806BFC2FF
3003880ABFC57F
9E03CFFD1FE000
87FC1BFAC01100
E5FF1BF3C00B7F
45FE7BF6FFE240
70FCFBF8BFD100
DEFCCFF8FFF5FF
FFFE100FBFC600
0A001FFDDFDA7F
FAFC13F5402A40
59FFC7FFFFE000
EEFF0BF4C01A80
6603FFFA3FC9FF
AB0090083FF8FF
220348057FF000
EC03C005BFC400
C3FC7FF3200A00
6200300BEFE200
99FFB7F8201A00
11FE27F4A00240
41FDA7F9501700
5602F00B3FED00
9400280D5FC3FF
CA0250000008FF
61FEB7F4101F00
4903C8085FF27F
DE00F80BFFEFFF
E6FEEBFB401A00
11FFCBF0C02300
3C01480B3FEE00
4603E40E3FE4FF
FA02B00E7FD3FF
300118045FD0FF
DFFC08095FC97F
26FCDBFDE00300
76FCDBF6E00300
CFFF9BF0403A80
B102E00E6FE100
51FE6BF1000400
9402680E5FC200
29FE67F1400E80
F001140E6FC07F
5CFE27F5603880
4600CFF51FDF00
E6FCA7F6DFF600
C503FFF26FE3BF
3EFE57F8002F80
610080056FC5FF
1FFC84003FE77F
690120077FCC7F
1202EFFB7FFAFF
C202E409CFD8FF
540398073FD6FF
AAFC4FF2C01880
8FFCD0008039BF
26FD57F2C02EFF
8E037805FFC57F
23FF4C02FFF4FF
F603480A5FC800
47FE1803AFD57F
44FD3BFD101780
51FF93FE502400
9F7E6FFB903100
D100CC057FE7FF
0EFD57F2800700
EC03FFF6DFFEBF
2BFCC80D20127F
9DFE87FAE00200
9AFD5BF2901800
D603E801DFE17F
CAFF1FF87FE2C0
CEFF9FF8400D00
FC03880A5FEC00
4DFC4FF0E03380
F4038803DFD17F
AFFCFFFABFECFF
8C02D009C02B7F
6C02C00BDFCEFF
5C03B00D7FDD7F
E3FF33F8FFFB00
25FDCBFD901C00
B40358049FDA7F
4000500E401C7F
99009804BFF4BF
6AFCE7FA301A40
28FFB7FDFFCA00
31FC27F9200DFF
D002100B6FEAFF
7EFD1BFA802E00
72FE0BF2A03A00
AE029405EFEFFF
1001B0061FF3BF
6D00240CAFEC7F
1AFCC3F1E01A00
8C031007BFCD7F
1C02D806000CFF
6C02040C3FE87F
94019FF9EFDC80
02013808BFFDFF
74FE97F2E01180
BC01D00C9FC47F
15FF4BFCBFED80
A3FF47FF201A00
11FDA7FB803E80
E001EFF37FE6FF
BA02E00FDFD700
EAFD57FC801600
7200B001FFF4FF
36004FFADFC0FF
8EFDD7F4BFD040
38FC9FFFE01C00
F200180E4FD73F
84028409DFEA7F
D20144081FCCFF
920378056FF4FF
75FD07F3901880
32FD77F2802200
8800C7F6801D80
F5FC2BFC401700
86FF53F4001F00
12FD17FAE00DFF
1401300100027F
DA008004DFFDFF
3FFEC80AAFDC00
FAFEFBFE603080
E8FD33FA602700
6CFD67FE100E80
9A01B007FFFD7F
35FC77F6103C80
8E02480A0005FF
0203B0093FE1FF
BCFEC7FD200C00
EE01B003CFF3FF
3103A40C2FEC7F
BEFFC7FE400F00
17FCCFF9602D80
C5FC3BFF401040
6601C80C9FCC7F
BD0208095FFE7F
79FFDBFB602E00
D7FEFFF11FDDFF
380130057FE400
25FCB3F49FFD00
300344027FFD7F
73FC48053FE17F
EAFF3BF4C02880
7801F0075FE9FF
91FDD7F8E00D00
19FDBBF4202000
E1FD1BF3400DFF
6C015FF04FE900
A1010C0A7FFAFF
4201A0083FF9FF
D400A00D5FC1FF
72FDB7F09FFF7F
64FE97F9C02300
B203A00C000AFF
C100FFF05FDB80
C200DFFCBFCAFF
46FEDFF07FF900
44FC17F9200780
2802680BEFE67F
CA00A804FFCAFF
8802900BBFCDFF
E8039802BFF57F
91FD67F1C02D00
7AFD5BF9A00200
49FECFF6801AFF
43FEE0079FC8FF
2BFDDFF06029FF
C403E805801AFF
ECFFD7FD400F00
0002240A5FDAFF
3E0288022FEB7F
1400B806001000
6EFFC7FD100180
C3FEFBF1E02480
6800B80BDFF8FF
B000A802EFD200
86023004BFDFFF
0DFC87F6BFDB80
AFFD880B1FF4FF
17FD07F3803F00
9DFE2FFEA01E00
9E01A80980077F
9002A00D7FECFF
4903200CFFF5FF
F2FEBBFB600000
9AFCD7F0E033FF
9AFC2FF7E037FF
7802440A7FC100
7400100A6FFB7F
7401A803FFE0FF
91FC4FFA600040
CCFD87F7403E80
1C03440EDFF400
CEFD57FD7FEDFF
AEFC1BF8FFF300
17FC4000EFD37F
660350092FECFF
BA00A4031FF27F
1603D80AFFF4FF
3FFF140B00077F
C9FE6BF4903FFF
89FD27F9C022FF
E4022808BFF5FF
09FE57F0C015FF
DA01FFFA9FC5FF
4F7F93F8000D00
49FF17F8D01300
C401D0037FCC00
49FFA7F74011FF
A200D0057FE000
4600980FDFEAFF
DBFE87FD600880
02FF37F9500EFF
81FFDBF0C03F00
EC0140095FD400
6BFFA00BDFDCFF
98FCBBF37FEE00
F6FE2FFB200BFF
19FF87F77FFF80
0FFD8008BFC200
87FCFBF4A01FFF
DC02DFFA5FC3FF
C4FD67FFBFCE80
6201DFFA5FC900
D403940CDFDA80
2E02D0011FC200
2AFF9BFEE02FFF
30019FFB1FD4FF
29FFB7F4800180
D403D00D9FC2FF
F1FFC7FD902E40
ADFD4BFE0015FF
0AFD2BFFA03E00
7E03000E5FD07F
5FFFF003FFD4FF
E402480BDFCA7F
3CFED3F4902B80
1C0348035FE77F
1C02280EDFC3BF
5600B009EFE87F
3E01EFF87FD7BF
D2FC07F0802900
89FF2BF3903E00
2C010FFB3FFEFF
69015805BFF200
7802E40DFFFD7F
F0011FF67FD27F
7A0053FF7FFB00
7AFF3BFDC01100
B00090002FDCBF
160098045FDCFF
4C032006BFD000
71022006DFE4FF
36FD0FFA201BFF
11027006FFCB7F
04012006DFE57F
89FE3FFCA02E00
66FD63F57FC600
DCFD07F6002E00
7002A00C3FE8FF
CFFEC8026FC400
ECFEFBF3000A80
ABFDAFF3FFEE00
460100097FFE7F
D20160023FD900
EBFE8FFA101500
D900600A9FDE7F
5E01700CC03E7F
FC03900B2FE7FF
02020800EFCE00
F0FF63FF200480
B4008802DFFAFF
B6FCFBFEC01500
0EFEBBFB600B00
37FEB000C020FF
4EFDFBF4A00640
10FDEBFDE00300
3002C009DFF3FF
29FFC7F2103300
050188013FC100
27FC1001DFF27F
1400E80F00177F
F602580C3FDF7F
100168093FF97F
98012006DFE600
44FFEBFE003400
65FE77FAFFFA80
F7FF00099FC6FF
6FFC4408DFD200
55FDDDF9203D00
5AFFE7FC100580
2C03D80D9FC8BF
D9FD53F4602E00
BFFCF00D2FE1FF
F602A004BFE100
28FEBBF9202980
410110046FFE00
5AFC3BF5E01000
3FFCA7F2400000
D7FDD0046024FF
0EFC9FF9A033FF
34FC2BFCC03780
2503040A5FD900
EEFC4FFB200C00
EEFCB3FF202980
1C03A40F7FF5FF
0103F00FFFD47F
3A03E006BFC0FF
500260073FD6FF
52010809BFCCFF
D6FF07FF603E80
89FC17F3400080
A4FE4FF0001180
DBFD5BFAC01D7F
E6FC27F07FC300
B6FEC7F6C03780
B8FFC7F5A03C00
44027800DFE07F
D201F805DFF47F
06FEC7FD403C00
6A03B0065FE9BF
B4004801DFDFBF
9AFF0FFB7FC400
3EFF0BF19FF580
0CFC0FF0202500
0DFCBBFD003C80
10036FFD5FC0FF
71FD47FDA02B00
B7FC380ABFD4FF
70FC8BF17FE780
36FE17FFFFC300
C9FF37FE601300
FC007FFC9FD5BF
5801280F7FF47F
EA01B00DDFFBFF
FAFD87FE803040
2EFFCBF9A03E00
C5FE5BF76031FF
8CFF6BF5802F7F
AE0030035FE97F
CAFC3BF6600D00
86FE17F1400900
2602A0031FCFFF
8C026008EFDFBF
1AFF27FBC0377F
AA00680BEFC27F
FA035008DFC600
FE02900140277F
E6032009DFC3BF
2A011403DFDAFF
D2000C011FD6FF
C603AFF95FF77F
8402340C3FC800
5EFDBBFAA03740
2AFDD7F32007FF
5EFC800F600380
9802E4077FFBFF
FFFE4FF07FFABF
40FE7BFFA02700
41FC8BF4C02100
740110037FF4FF
BAFDDBFEBFC880
8FFDDFFEFFEC7F
EA004401DFCE7F
5400200B3FD1FF
6DFD37FA000640
2A0204016FF800
66FD87FA202200
A602480FEFE87F
15FCC7F740037F
260218009FFA00
C20078073FC37F
31013003EFE07F
7AFC67F8A03EFF
E4FEABF5000D00
CAFF9BFC601A80
C2000005DFC2FF
6FFC700DDFC07F
4A033FFA5FEDFF
7402240FBFC8FF
A400E00D003DFF
E60110079FF8FF
8601480E3FE37F
1BFDBBF6E03080
8BFF6FF9000E00
3AFD97FCA01FFF
F8FE07F2603980
03FF080D0037FF
86FFEFF5BFC940
13FECFF07FE880
2EFD3BFD600B00
560320074FD5FF
CA02E80F9FDDFF
35FEBBF8C02B00
D9FC7BFA800680
76FE23F5200300
96FD9FF3503D00
1001C409403DFF
D1FE73F6A01000
4302B00C5FF600
6D0080039FF1FF
D103FFF1BFC9FF
69FCD3F5003F7F
74FE6FF5402B00
A7FF6FF1E00380
8DFC97F5A01E40
69FC07F77FFE80
84FDE7FD40137F
3E0330033FC4FF
A9FE27FAA01A00
D601900FDFC7FF
A9FF47FD000780
BC02500B00197F
5C005FFB7FC5FF
F1FFE7F9E01B80
55FCF7F5A02780
1E007805EFD5FF
D7FFA00ABFDC7F
1C021FF02FE97F
C7FC0FFD000380
6C01F80F9FE3FF
16FD47FAA03200
4BFD3BFAE02000
2EFD67FAFFD640
20031803DFDFFF
7E02F806A020FF
0601C006AFD6FF
EBFF300E9FDC7F
B3FDF00C3FC87F
55FCCBFFE01780
BCFD57F1200080
3202FFF2BFDAFF
A102DFF5DFE3FF
A9FFFBF4C00980
940170085FC2BF
CD035000BFD9FF
41FCE7FCFFC140
EBFC5BF6003C40
B402DFF7DFD200
4EFD1BF3C03800
3DFDD7F6003680
B203AFFE7FE17F
760028029FF4FF
95FFEBF9200B00
0603600FEFC080
1503800B7FECBF
7A011005BFD700
8402A80C1FDF7F
B7FCDBF7C02240
880184073FD87F
2DFF47FAA01680
62015801EFEB3F
920368031FE080
EBFDABF8E01440
AFFF04019FDAFF
F6033001DFF7FF
73FCEBF39FC700
0C031801BFF77F
6201480DFFFCFF
DC0150036FE6FF
B6FF27F4E01700
BA0024014005BF
89FE9BFF600400
E602200D7FFEFF
9C033FF77FF080
BB7CB7FD603C00
0402B0066FE3FF
4C00B0053FDE00
32FF3BF3102F00
200198067FD300
DEFF47FA4033FF
23FD0FF0502F00
5AFC1FF6A01B80
CBFE5FF91FCB7F
46FD2FF1000440
2901A0025FD0FF
2DFF7BF6000AFF
98FD57FDC00600
A301580DDFD600
35FDCBF2A01900
F1FF9BF8203C00
0E01F8021FD400
F3FE37F7100440
2EFE37FDA02D00
4C0208057FF3FF
6DFCD7FCFFE980
6AFECFF6900E80
DBFF8006001000
F400C4065FF17F
6001280F1FE0FF
46FE77F190257F
8C01C00EFFE77F
C2013006DFFB00
86FF37F6200E00
62FF8BF8BFD140
2C0184061FE6FF
88FFCFF6803980
900030077FCABF
B6014FFBCFD07F
3203DFF5DFD67F
D9FFBBF4FFF4FF
68FEE7FCA01300
02FD1BFF803980
FEFC8BF1200F00
BBFD3001FFFFFF
00022404FFD1FF
B6FCABF5C02980
AC02640B6FF8FF
FA01980FFFEF7F
BAFEE7FF101B00
1101DFFBBFDFFF
3FFC08090009FF
E002C801FFD200
5801E00B1FDDFF
8102780A2FC57F
D200F004FFCABF
46FEBBFAE03B00
C2FF3BFDA02B00
41FCBBFC803FFF
98033FF7BFE1FF
EAFE07FF7FE080
89FE6FF7401700
6603580AEFD6FF
EEFECBF0202BFF
8201200C9FDFFF
9DFF7BF5C00E80
9403500CBFD200
0401E80E4018FF
5A039FF91FD800
0BFC1BF9901540
BDFC0009FFD000
E7FE9804BFF500
C4009FF2BFDD7F
5803700ABFD3FF
B0026BF3C01200
9BFC0804BFC0FF
0AFEB7F9601300
79FD3BFC402080
4201FFFADFC2FF
420158017FCF00
48036801FFE4FF
F1FDF7F4A036FF
0D0254063FE500
E6FF8FF4801300
C7FCC804FFFE7F
AC0008045FE37F
ACFFD7FDE02A00
DA023000BFF2FF
A1FD47FF200D00
DCFC07FFFFDC80
D3FF33F9C02080
A6039008BFC4FF
95FC57FF201480
48FC9BFC003380
3A039FF2DFC8FF
AAFD53F0203CFF
A902E805BFD0FF
0E02D800EFD47F
4D00A80F5FDEFF
96FC4FF9A021FF
180020069FDE7F
FAFD0FFC5001FF
63FF4FFF003640
5202A80A3FFBFF
3AFC7FF9C039FF
8100380C2FEDFF
94009406BFEBBF
29FF87FD801600
56025FF8BFC8FF
4C00A809BFC800
9FFD200D1FC1BF
62FD63FAC022FF
DAFF97FBBFFBFF
27FDBFF87FE9BF
EFFD440F9FF4FF
06021FFDDFD67F
8602000D6FEC00
9FFE5004BFE1FF
62003FF47FD1BF
1A024006BFC2FF
7E03D80EBFE37F
58029BFE8036FF
FC025FFF3FCCBF
66FD97FA202FFF
81FE1BFD802100
CC01FFF1DFCD7F
3202D8045FD1BF
91FF6BF2BFCA00
17FF8000201100
9C025FF9CFD17F
8AFC47FE902840
56FF0FFBA02880
7200240FF7CAFF
13FC17FD203E80
39FD17F2A00B00
C1FFD3F6103200
6203DFF6EFEAFF
0BFC27F5101A40
25039C097FE77F
180310003FF7BF
11038FF53FF87F
1F7D37F87FDDFF
E80100079FE8BF
E002400880377F
5AFC3FF2301180
4603E800CFFCFF
0601E808002AFF
D00378056FE1FF
5FFC580040357F
0D026807EFF17F
F9FCCBF7C00300
71FF5FFC600540
DA037000DFF1FF
0FFF8009DFC600
E8FD9802BFC8FF
71FDC7FF3FD500
72FD67F9002000
FE01400C0024FF
5101D0040038FF
85FECBFC301880
99FE37FFA014FF
A2FEBBF0C03100
220250023FD37F
380010092FD3FF
0E01880A5FC17F
29FFB7FBE00080
BCFD6BF5A01240
51FCA7F1A03900
5A01B80DBFE47F
8C02C0047FDC00
0C00D8055FF8FF
2AFD27F4603900
CA01E80A6FCB7F
DE00E406DFCD7F
79FFD7F8903380
96FD8BFB2015FF
88FCA7F2C01FFF
4C02C001DFC0FF
16002000DFE07F
F4FF8BF9002040
55FFA7FFC01F00
0200A8059FDF00
8C00A800FFFFFF
DEFD3BF7BFC900
08FE53FA602880
DBFCC80D7FEC00
CEFE17F8603080
79FEDFFDC00B80
05FE6FF8202580
9EFEE7F7200E80
0EFE2FF3FFEB00
3BFC7BFEA03C00
E103FFF13FC07F
ACFDB3FE202C00
5C01A00F7FEB7F
F90120025FFDFF
1BFF37FD000080
DC0170099FC4FF
36FEEBF97FDD00
4A02C804EFCF7F
90038805BFD2FF
13FEE3F6FFF600
CC01080A7FE3FF
81022FFB9FD3FF
CAFCF7F27FE980
200310073FE4FF
4A031000DFC97F
29FF8FF11007FF
C9FD7BF43FDC00
91FEFBFAFFC100
7EFDC7F66036FF
9BFD47FBC00480
C3FEC8007FCB7F
A00128069FFCFF
6601980D801200
D1FC3BFA600800
3CFED7F9900880
5BFC07FE102680
8C02500F7FD3FF
1A02840CBFE5FF
0BFFB0055FD000
9C02980ADFC97F
88FCD7FC203480
A9FCA7FCE00B80
610148005FFB7F
7DFEFBF4C00BFF
8000B00BDFCE7F
E1FD17F8A00C80
BC02780BEFE97F
120124081FEFFF
68030803DFF1FF
0A016FF53FE600
68FFEFF57FF140
A60180025FE17F
76FD13FA102940
D201D0035FC17F
E7FDE7F29FFC7F
1100C7FCEFDC80
21FC9BFFE01FFF
7A000FF4003BFF
9203C808DFF1FF
94028801AFC200
8603240F3FCFFF
E6006004001CFF
FEFF7BFCA023FF
F200600D1FC6FF
4A0208047FC2FF
3002300DFFD57F
F1FCB3F6901C00
7201900BFFDF7F
6EFD8FFCE00FFF
09FD07F1802C00
280044071FC0FF
ECFDE3F9003A00
64FD33F8FFE580
C2FE73F1301200
AEFC7BF7003F00
DC0340071FEBFF
27FDBFFD00217F
3001A003FFF000
64FDF7F0A01E00
1C00E009DFCBBF
560238005FE57F
DC03C8073FC100
16FD9BF6A01C00
3003C00C1FEBFF
ABFD6FFB6FE9BF
DBFEA807BFC5FF
F8FF2BF0101980
79FC47F3802440
58000FF2EFD900
9203B00BBFF27F
1003F80F5FC1FF
4800C0031FC3FF
D6FEDBFBA00280
86FE5BFBE00600
ADFC2BF5402580
EE03D0059FDFBF
08FEC7FEBFEBFF
500090001FEEFF
8AFF9BF1E01C00
EDFC6BF6A00F80
A101C00DFFCBBF
F403A809EFF6FF
4AFFF7FA401FFF
4CFFB7F3C00100
8BFCE7F0400AFF
87FC90099FE3BF
28007005FFE800
0803E80FDFFFFF
BCFCDBF8C02200
E6033007AFDDFF
5C0354077FFD00
41020805EFCA00
480290043FCF00
0000EFFCAFC400
6102100F8FFDFF
6AFEE7F3003D00
D202040F7FCEBF
5C01F00BC03A00
3AFDFBFD402F80
01FF27F2102BFF
8C00000B3FF000
F6FF2BF6E01880
34FF4FF9002C00
D9FE4FFC800500
28FDE7FC102CFF
90020801EFE0FF
0EFC7BF7800480
17FF700CDFFB00
82029FF11FF87F
D40258011FCA7F
63FF3BF6403D80
AC026808FFDF7F
11FF07F3801400
FFFFD00FCFE6FF
F3FED3F0BFCD80
1FFD6008FFC500
A503380AFFD57F
4CFF67F1C03500
3AFEE7F80027FF
2D02A80C3FF8FF
FFFE3FF98FCFFF
06FD97F7003680
2A023802DFEBFF
0C03E808DFECFF
4A0358019FE000
3FFF90015FD2FF
A9FD1BF0A00B00
2C03FFF75FF17F
EC02900FDFD200
6801A8035FF9FF
D6FE57F4C01180
AEFD6BFB2009FF
FBFE8C087FD7BF
5AFDB3F6102380
5EFFE00C200840
FEFF0FFEE01AFF
8CFDABF9FFDD00
B6FEB7F4D02840
7EFF87FFC02380
2E031808EFC200
39FD07F0C02580
EDFE17F7803A00
1F7DE7F00013FF
9C02AFFA1FDCFF
9BFD400AC009FF
EC03F807DFD37F
51FCF3F7A01F00
0603B00DFFC8FF
03FC8BFC403080
440330011FD100
02FC0FF3D00100
3DFD37F63024FF
FAFECBF87FC800
8DFF47FDE01280
4600880B5FED00
E3FEC7F3203F00
D4FCE7FDE02BFF
8AFC3BFD402240
B7FC380DDFDD00
06FD2BFED01440
6E03D00F9FC000
BA00E0093FF07F
5BFC97F7BFC700
82028400FFEE00
55FD47F7002200
1A031FF36FF3FF
39FEFBFA200D00
3A02E003BFF100
190098073FF2FF
57FCB3FBEFDC80
12FD0FFE800100
3FFDC00E1FD2FF
1502D00D5FFEFF
C1FE8BF37FC300
8102500F0035FF
F9FCF3F8A00B00
E6FF07FB3FC200
DAFDCBF3000280
89FFF3FCA03A00
A6FE4FF8A03E80
98020008EFE400
D2002406BFE400
C3FE6FF8601D00
6EFCD7F6C02700
520298099FCBFF
E6FD57F9403100
B1035FF63FDD7F
0CFF17F5102800
EA01300B3FDF7F
02013FF17FFAFF
7EFF47F9E02900
BEFC7BF8A02D40
19FF3BFEE03240
D203A807DFEC7F
5EFDFFF4C03600
91FF1BF68015FF
57FD38045FC17F
1201C002FFD2FF
80FD0BF6A01A00
290044042028FF
EC00F0073FFAFF
41FDD7FB803400
2201480FAFC1FF
A8033807CFFD7F
4CFCEFFBFFF9FF
43FF680DBFD3FF
D800FBF6C01840
B0026FF53FDC00
E200F001BFE000
C50278099FF1FF
1902C80A9FD800
E8034808DFDCFF
01004FF9BFD8FF
55FF5FF1E02A00
BBFE7BF9A00E00
18004001DFC9FF
3A03400C1FFA7F
96029FF88017FF
790128035FF6FF
577FE7FD401B00
84002009FFEAFF
0601D0039FF4FF
8302EFF31FC3FF
DA016008EFD900
B7FD3006DFD77F
71FF27FFC03980
BCFE27F7402C40
05FEC7FB601A80
36003800FFCD7F
3EFC13FD600F80
F7FFC80BCFCBBF
71FC6BF5FFF800
12FCD3F8C01280
4C006806FFE6FF
780358055FD8FF
90033401C002FF
F7FC0FFDFFF6FF
35031001000D7F
25FED7F5A001FF
B2007FF9001B00
EDFC2BFAA01700
96FE6FFD000EFF
CAFCBBF9400000
0400F80D9FDE7F
E6FF9BF63FDCFF
F1FDCBF8A01A80
46FCFBF9C01F80
4500E803002000
0C00E009DFC77F
DEFD17F0A03340
C101D808EFE200
71FD07F4A00180
E6FDDBFBFFDC80
41FEA7F3A02C80
E3FF67FDA00480
18FFF3FFA02D7F
B2027FFD6FC600
37FC080080297F
56FF77FE0013FF
D300C00F5FE67F
6AFDF3F5FFE800
4602E40E0032FF
BAFD67F6C01880
A200300ADFF67F
8900240B7FE1FF
9EFD4809201E00
6203FFF400397F
CDFFA004D005FF
61FF37FB003100
E9FC87FA8003FF
ABFC43FD202DFF
C400C8053FCAFF
8DFDDBFEA02700
4AFF33FDD02E80
49FD3BFDBFD880
AFFD77FBFFC480
55FD33FDA027FF
B5FCFBFC202300
11026808DFE8BF
3400040BFFCCBF
E803080F7FFA7F
740080047FC400
CC03B8037FEB7F
F401380E802E7F
6800D8003FE800
ED01A0040035BF
3D033803EFDA00
25FD37FEC03080
F3FFA80DDFE3FF
9C0348065FC67F
66FC67FDA01280
2E035806AFEEFF
AA01E406400100
8602A8013FEA7F
5C015FF4EFD000
7C02600B9FFFFF
5401DFFBEFF2FF
79FCE7FE203980
9C002801DFDFBF
79FFABF1203840
11FDCFF6C03140
A803F80ABFCCFF
55038FF1DFC5FF
53FE47FF2009FF
6EFE77FCFFF180
B40128005FCBBF
E9FCCBF7600080
01FEE7F6A00400
D1FC000CC00100
6EFE4BF4E01980
DE02F8037FE37F
0CFDD7F1E013FF
25FC27F07FC800
3A02D8096FF7FF
9801980FFFC880
800157F0002200
13FEE8013FF47F
91FD2BF87FC3FF
8DFCCBF6FFF980
4AFC5BF9A03180
4C01E8039FD7FF
690328049FFAFF
DBFC37F2403780
FBFFA8061FC0FF
E301E0001FD000
52FCDBF8800D7F
0EFCC7F6801B00
DDFE3FFD102000
14FE47F6A00300
51FFCBFB800E00
4C03BFF55FF800
8EFC47F7402880
95FE7BFA7FF700
93FEBBF1800400
FCFE3BFAA018FF
E6FF4BF0400100
EDFC2BFCC03AFF
75FF47F07FE600
5602380A802DFF
1EFE4BF5802280
98037FFB9FEAFF
8601B4083FD2FF
F00284073FF77F
09FC57F9600100
0602F40DDFDFFF
7BFD6BF3C00E00
D600CFFB7FEEFF
1802DFF53FED7F
4DFFEBFE500580
97FDD00B7FD37F
79FD7FFB901D00
89FEE7F9603800
E200BFF15FEBFF
2FFD6002BFFF7F
B901780E800EFF
49FC0BFF201C80
E402980F00227F
31FFDBF9C00180
2DFCBBFB4032FF
4C007FF6000FBF
DA01080C3FF3BF
79FE97F0603880
A0FD4BF4102240
5DFC3005BFE67F
AAFFDFF8FFD77F
490064003FF57F
EEFD6BF9801C00
41FD1BFBE03D00
EAFEDFFA200DFF
E10088091FD5FF
BFFD6006AFF27F
8DFECFFCE01E00
B3FE9FF47FFDFF
5801200F3FFFFF
F1FC0007D00500
11FC07FC203200
9600900B1FCBFF
C5FC67FAE03500
54FE87FA403500
920278073FDA00
1401A8079FFCBF
A9FF37FF001B00
D802A0048006FF
9C00BFF63FDFFF
75FC8FF7C00BFF
96005408EFD6FF
6AFE37F2C01D00
31FD1DF2C03880
EDFEA0077FCBFF
6CFF0FF6201680
7EFE7FF3A01780
2201F00DFFDA00
7E00C809DFC1FF
DDFF57F1200E80
F5FC8BFD403200
1201400A1FF8FF
75FDC802DFD47F
6C03980C9FFD7F
D403100ADFD87F
1A0008005FE3FF
27FCE00FDFF27F
15FD6BF9F03380
EDFFD7F5C02240
AC0000033FC47F
59FEBBF8C01900
1202F40BBFD1BF
0101E0045FE17F
8003680BFFC8FF
68013005002DBF
DE00400CBFEDFF
AA02400CBFDBFF
54FEC7FDC01400
58FCA3FAC01700
9FFEF00CAFFF7F
6203100D7FDBFF
77FFD004BFEB7F
1BFC5BFB7FC280
6AFEABFD103D80
4601FFF91FD2FF
E60240039FEBFF
580347F80038FF
BE0328061FF6FF
DAFE87F8803D00
D4FEBFFAA00100
D202C805DFDEFF
A5FFF3FCE03F00
C8038FF09FEDBF
B6FCCBF9001580
0803A801DFC500
6E02B00C9FEBFF
29FE27F2401400
8902D00E001F7F
C402300C8032BF
A1FDF7F5203DFF
B6FC73FBC01700
5E02A40000147F
B2005001DFF8FF
8C00D0089FD17F
5BFCA7FBA00900
55FE5BF0100480
A6004006400700
FC0088062FE37F
8103880EBFFFFF
D6FF8BFDC01A00
E201E00A5FE97F
CEFCABF2C02F80
87FC3006FFE4FF
FE0210065FCDFF
6803E4021FF47F
15FC67FF40277F
8C00800B1FC9BF
D80244051FF3FF
0602D002BFD7FF
0FFCBFF3AFCA7F
7EFE0FF2BFCE80
A77D2BFE201EFF
52FE5BF6001C00
D601F806FFE4FF
460004047FD97F
29FCDDF9C02800
42FF27F6202680
1A02380B6FD600
5A0388095FFEFF
4102B008BFDA00
6FFC800D9FD6BF
FA00C4069FE27F
AAFE57F5C02780
2603D0025FDB7F
F0008FFE9FC57F
48009FF7BFD9FF
9AFC57F1A02400
BCFF8BFB402F00
8FFD83F6EFC040
11FD5BF5502840
68FF97F5FFE080
51FC3BFB401300
56FC77FEA03000
E2FF73F3403400
6C00900ABFC07F
F8FD4BFA201480
22031FFABFE9BF
460268089FDD7F
21FC57FF403600
22FD67F0400880
CAFDCFF5C01080
1A03540400187F
0AFE27F3403F00
A1016C073FE400
F603D0044FD4FF
66002009FFCF7F
9600E00F3FDDFF
6DFFAFF6BFCD00
7502200C3FC2FF
28007FFEBFD9BF
25FE57F57FF200
A6FF2FF7C02C80
AD008004AFE9FF
E603300B1FC0FF
E2FD47FE1029FF
3803C8039FDAFF
56FE2BF8A02A00
1A027FFA1FF07F
B4FFD7FE403A40
C9FF8BFDA00E00
AAFDC7F9FFE080
D5FD50002FF800
94030809BFD17F
F4FC9FFBA03B00
82FE57F1000880
4C033001EFEC00
1FFE70079FF4FF
86FE6BF5DFE280
E6FC97F27FE380
35FC97FB202400
9DFE67F7C01BFF
3DFE17F26FD600
E2FFEBF5101200
23FFD7F6C00F00
36FF67F6A01880
41FFBBF7A02480
8000F80B001FFF
DCFCB7F8003E80
47FC5BF31FE180
9C038403FFDBFF
1A0388027FFAFF
D7FE880E7FDE7F
140370091FCF7F
B600300ABFFCFF
AFFC58083FE200
DE010804BFCBFF
92007001EFFEFF
82FE77F9400A00
AAFEC7F8400040
740018005FF8FF
3EFCEFF220077F
BA013006BFC5FF
E5FDBFFEE00A00
26FC47F43FDBFF
A20184059FE9FF
6FFC07FDC00180
D60174036FF5FF
B7FCF7FAEFF2FF
35FCC7FB901500
A601F004EFF3FF
F1FCC7F04034FF
1C00C001FFFF7F
8AFD0FFA601C40
BFFC2808DFE2FF
3C00E0005FF7BF
B2FECFF5203BFF
090260053FD600
11FDD7F6C03700
AC0148061FE4FF
14FC63F5902580
4C0020002FD3BF
F001680CBFED00
F401C80C000C00
3AFF17F7101180
31FF9FFA403600
0BFDDBF0FFC480
04FCB3F1A02180
5C003BF4401940
09FD93F8FFC980
FC03A007DFE500
DEFEA7F9802480
7EFF37FCFFE300
58FFDBF4402A40
EEFC77FC000E00
D8FFA7F2500080
B5FD07F6402700
9A03A8055FC2FF
4202B00EDFEDBF
A502280F3FF0FF
980390023FFAFF
19FE73F4202480
400040021FCEFF
6901B0021FEFBF
BAFE5BF9002140
880390039FCE7F
2EFD47F0203280
6FFEF80DBFDC00
4DFD20029FD9FF
61FE07F1603200
C1FE6BF74030C0
790017F0DFCF7F
9AFC27FF400280
1900A001BFE100
D601B8040038FF
9DFCA7FBA01F00
F803C8081FE8FF
8BFE57FE403680
1403180E5FF200
8401D80FEFD6FF
8C0030042FD57F
DFFEA7FB403600
1EFDCBF84011FF
C800BFF61FCAFF
0E00DFF8FFC6FF
B9FE37F1002A00
45FC6803EFF87F
17FE9FFA1FEE00
4E003FFD3FFE00
2801900FAFE1FF
B4FE5FFC902FFF
8E02BFF340257F
5D01900A5FD77F
A303180FBFF7FF
BCFD7BFF202B00
E3FC07F01022FF
2203FFF7EFEEFF
F2FF17F0003A00
B6037806DFE97F
8200900C2FDEFF
EEFE1FF8000D80
7801B8061FDE7F
E803B80D5FF1FF
32FE2FF2A02A80
96FF73FE200000
B7FC28075FF6BF
9C02D80B9FFA7F
7EFE6FFBE02680
87FE500BFFE97F
8BFC13F6FFE900
06FEABFBD00040
B1FC47FE402700
89FCAFF8903040
E6FC8FF0803780
51FD47F13FDF7F
8200C804BFEF7F
3E004FFF9FD6FF
5E027803003A7F
D5FC50021FEB7F
82FD97F2402E00
ABFD500B8018FF
9601F80DFFF33F
78013FF55FD000
29FE2009E02200
12FCEFF0C01A40
45FC9BF2C01A80
6C01080FCFF47F
FC01B409FFEDFF
5E030002CFCFFF
1402F0095FD3BF
96FE5BFE400380
8E0324024FF5FF
E5017FF37FCF7F
6A022FF8DFF6FF
6EFFCBF00035FF
7603100DDFFAFF
5BFC6806FFD700
F800600EEFC9FF
BC01D00ADFEE7F
9FFD63F3401B80
8DFFF3F1401100
A800E800BFFA7F
180348005FD77F
1AFC07FC803880
73FDC7FB9FCD00
3AFF57F06025FF
41FFFBF1E01000
A001880EDFC3FF
C503D0033FD77F
19FF27FBA00100
1202240A001000
5EFC17FE102440
BCFDFBFB403B00
B000E4055FCAFF
1601C8095FDCFF
6201D80D9FDF7F
00003800DFEEFF
3DFF37F3603500
94FFDBF4C03C00
0EFE8BF9102B80
EC01A80EDFE800
FEFEE7F8202A80
82FE3BF4BFD280
A7FD740EEFFEBF
A1FE5BFB9023FF
6400E00E003100
D3FCB0081FE1FF
85FC6FF0C01F80
160018075FDE7F
7BFE880E5FCD7F
7403780BBFC57F
7A01700B9FF8FF
7BFD97FE100F00
C801C40E8036BF
1A0228043FCD00
2AFF4FF0401F7F
3101FFF9BFDD7F
450000035FFFFF
F5FCFBF33FF900
17FF3007DFCFFF
DC0368026FD37F
AFFE600D6FEB7F
ABFE30085FCCBF
97FD9FFFDFD0FF
BF7EC7FD002F00
C503340ADFC9BF
D401CFF9FFC6FF
72004FFF1FED7F
5E0084012FC57F
5002C400002DBF
42FEEBF9200480
5CFFC804802B00
220118035FE27F
91FC77F34006C0
800378009FCA7F
21FC13F3E00A80
BE00C009DFC97F
DD015803DFE3FF
39FDDBFCA00B00
320260021FF7FF
A4009803EFCB7F
B202A802AFF27F
D7FC87FCA03EFF
3FFEB802DFC400
FEFE17F3202E80
E9FF1BF1E017FF
66025002DFF600
BE01E8019FD000
B1FEC7F3801200
2E038FF7FFF7FF
08030804BFFB00
CEFDC3F3A037FF
DEFC8FFC201480
F5FF57F2FFC000
B10188091FF3BF
CFFF24025FF9FF
8A025FFADFC500
B5FC27FB801C80
6202F00F5FE9BF
F603A8032FF5FF
4BFDEBFC601080
7AFD6FF8C03600
ACFEAFFA200DFF
420198037FEFFF
E0FC97FB403480
76FDDFF1DFD940
FC0010027FD1FF
A6FFA7FA000300
A603D7FCEFDC7F
910037FD9FEB7F
94FD0BF5600D80
69FFA7F1A015FF
AC01DFF4BFE000
280398049FDABF
2FFE00021FC67F
46027FFC4FF27F
0FFD87F5602DFF
8C01080C9FF4FF
8E026007DFE47F
A600000FA026BF
30FCE7F2C035FF
ECFDB3FF903480
A903D0093FCAFF
DC02F0035FE5FF
EBFE880D5FC77F
E1FD27F0603B00
FAFF97FB802480
15FC73F0000240
A8FE47F1202E40
7202140BDFDBBF
42FFB7F6800980
C2FD4BF3900600
E000D7F7DFF4FF
2EFCB7F2E00680
9A0328047FDEFF
12FEF7FFFFEBFF
6EFDA7F8402280
FC03C405AFC700
2602280EDFEFFF
2202840E5FD7FF
CBFC1FFE203A00
31FE17F9FFDA00
2FFCC8038FE4FF
19FDA7FD002DFF
5C00500B3FE27F
13FFE7F38029FF
120268071FC17F
38FDDBF4A01D80
42029FFE0036FF
2C0390005FD800
76FDEBF0E01A40
03FEE0086FD9FF
52037005BFE0BF
FC02DFFFBFEFFF
CDFC67F9E01300
8C015808EFC500
FFFCD800EFED7F
C603680D5FC6FF
F6FC6005603500
1AFC47F7903400
3C021004DFCA00
C1FF07F1E02180
8201C8035FF87F
B202C4017FEC00
81FC0FFEBFE800
83FDA0021021FF
F6FEF3FF000180
C1FF7BF3C00DFF
C90228069FE200
B3FF70099FD280
8AFE6BFDA03BFF
76FE07FB402200
91FC97FF000140
CC01180F9FE4FF
860144049FC300
EEFDE7F5FFE400
A5FE07F0400540
CAFF37FE602F7F
57FF6807DFC9FF
C602440240057F
0FFE7FFF4FEB00
B1FE27F6000640
B5FC13FCBFC300
790008021FC17F
20FFE7F0C00680
3BFF1BFAC00D00
A3FE9BF9601B00
D2FD17FC5006FF
B40108087FCD7F
CC0158013FFCBF
5CFDFBFBFFF2FF
4A02180CBFD97F
EC019003000100
8601780B2FF57F
120308043FCBFF
7203CFFD5FFAFF
A402A8065FE57F
BEFEC7F8E03E00
A6FFD7FF401D00
3A03E4085FDE7F
C7FE58016FC0FF
9901CFF61FF2FF
BC00D40C5FCAFF
280050016FE37F
B60170007FC77F
9A007FFD5FF180
42FC9BFA201D80
18028FF85FCDBF
F403A0036FCBFF
22FF53F1400980
3A01100DFFE37F
40010805000BBF
0FFCA00C6FE77F
D201E800FFFD7F
59003000BFC8FF
FC012804BFF400
E801A407BFE6FF
7000C806400F7F
B4FC2BF8002900
CFFF88089FE07F
5DFD0FFC401F80
79025FF7BFEB7F
96FD67F3200C00
89FC27F5BFD1FF
B4013800C01E00
7800D00C0029BF
46004807CFF7FF
84027FF93FDC00
31FEFBF29005FF
2C0277FE2FC8FF
AE0310004000BF
400358037FC980
41FCE7F9001300
8D0168009FFBBF
57FFA7FB901100
5C0190041FE37F
61FC6BF9FFCF80
E60228035FDE7F
6C00880B6FF400
58FE87F4A00E80
0C03600DBFCEFF
EEFD17FDA02480
BDFED7F0EFE440
E10058045FD8FF
BAFFBBF4FFC000
9DFC9003C02C00
51FE1BF7101B00
D7FCD7FFA01480
1A01580F2FF2FF
4900580EAFCAFF
FDFD47F53FC900
85FFFBF6C03640
42FFF7FEE01C80
AA03E8066FDAFF
EA0104069FDB7F
2603CBF8800500
42017807BFCB7F
76FC63F9103000
62FE67F1502900
5FFEC80D1FF3FF
3403B8023FE100
9103600E0013FF
2BFE07F6201080
8EFF97F9603B00
4FFDDBF3B039C0
29FC3BF6603B00
66FC57FDC036FF
29038FF32FF1FF
FC007808EFE3FF
D001E0083FE2FF
B8027FFF403CFF
8A01D80C7FDD7F
85FE2BF8402D80
4E01F00ABFD57F
F5FF2BF0A021FF
DBFE7BFA202C00
61FF00064029FF
0C032407DFEE00
1E00B0075FCD00
B403380C3FE9BF
3C03E002800AFF
6AFFEBFCC02940
55FF1FF6BFDC7F
89FD1BF77FE480
E001500F2022FF
81FD47F3603100
E6FCB7FEA01300
E500080F5FE4FF
E102A00C5FD27F
1A01100D3FFBFF
B5FC97FDC03800
DEFCCFF2903980
AEFD0BFD401C00
17FE8BFC3FD400
06FE37F8801300
1103280D3FE37F
F1FEFBFCE02900
C2FC77FEA03900
A9FE6FFA7FEC00
9BFFC009DFCB00
2503180E00107F
9AFD87F8600B00
F501100FDFC17F
0BFCF80F0014FF
2A03A8023FCC00
66FC4FFCFFC080
940080041FC1FF
FAFD9BFEE02000
91FDE7F1803480
DAFE07FF803080
A0004BF6A02100
C203E008BFFEFF
42FE37FFA008FF
C2024C0FDFEC00
FAFF0BF5801200
9EFFA7F2A01D00
8A03EFF1BFD200
41FDB3F8FFEA40
C1FD47F6103FFF
780090066FE27F
0800300D6FC200
34034803BFDA00
4DFEA7FF401000
9801D8089FCD7F
47FEC8009FFF7F
AAFE7BF6902580
F5FCD7FE7FF980
0BFF57F5500300
0C03D00D9FDCFF
1FFC47F7200080
81FEB7FC7FFB00
B002A80A3FCA80
25FDE7FC200800
4E00F003BFC17F
AE000008DFF3FF
9BFEC8023FD57F
B001D409DFC97F
2CFC4BF5FFDF80
E7FE300A5FE67F
9E02F00BFFE5BF
99FEEBF9C027FF
6A028803EFF100
6200AFFFDFF2FF
E9FD0FF2FFDD00
F6FF3BF0803600
51FC9BF57FCDFF
09FDEBF2C00300
15FE6BF0400280
49FC6FFD000B00
8AFF7BFA200100
48017404FFD17F
960110031FC400
1BFDDFF1DFFDFF
9EFC17F3102000
A80308086FD77F
7BFD4FF33FD8FF
CBFF100C7FE5FF
C201600E5FCB7F
E5FD73FBA01E00
56FCD7FEBFFE00
BAFDB7FB400280
7202D8055FDBBF
3DFFE0099FFAFF
2CFE33F0301280
11FE2BF7FFE380
DDFED00E7FE77F
57FC7FF9C02F00
B401D80DEFD87F
4602200CFFECFF
37FEFFFD002C7F
AE03F004FFD3FF
800387F3C0367F
49FC8001C03600
CE0130081FF27F
FA03F80A3FD400
FE023808BFE67F
24013801BFD3FF
0101680F5FD6FF
A6017FFC5FCCFF
2C0110058031FF
67FD180A003800
F7FD98061FC87F
42039FFCDFCE7F
26FF37F3500E00
4FFF2FFA80017F
FA033FF75FF07F
3000E80A9FC87F
3EFDA3F9A02A80
19FD57FD202840
0C0228045FC67F
2EFDDBF4202500
320208046FE4FF
DBFD6FFF003700
6203A002EFD2FF
F503DFF6DFC97F
65FE27F0402940
BEFE4FFDFFE480
3403280500167F
B401AC0D3FE600
FC009FF39FD1FF
7FFC0BF76FF980
66FE47F4600E00
1CFCEFF41FE100
29FEE7F6600500
34027800001AFF
52FFCFFA400DFF
45FEBBF1600700
D20360013FF37F
EAFF07F2200940
2E02A803DFE37F
E4FD47FAC00B00
9802B0007FD27F
A501900D9FCB7F
860004034FEF00
6AFD17F1002880
D7FDA00DFFE2FF
EE01F00F3FE400
9FFFB8045FF2FF
A9FE67F0A00A80
8EFC37FFA02600
39FE47FEC02080
42FC17F4603D00
79FE0400FFE2FF
A1FD53F9FFCF80
7501CFFDFFC800
7200500A1FD67F
7200A00A5FC2FF
E9FCE7F5002840
5202C80F401C00
1A00C40D7FED7F
4BFE9FF7203480
52FC5BFF400D80
53FF57F480037F
A2FD47FBBFF800
91FCD7F9A00F00
ECFC97FCC00780
B601A006BFECFF
DE02E800DFD57F
40FE87F7E023FF
0602DFFDAFF37F
E1FD5BF9C02C80
79FEDBFD3FF980
61FFD7F7600580
22FDD3F0A03740
B1FDE3F6FFE880
56FF7DF1E02400
58FEBBF5601A00
CDFDA7F4A01580
D9FC7BF94013FF
06FE47FAE02FFF
35FE9FF2A02F00
96028800AFFD00
8A02D8023FE600
89FFC7F48001FF
11FCABFA402DFF
C6FDA7F2502D00
E2FE87FCBFEBFF
1C010809BFFDFF
9EFF63FF001C80
D4FD6BFF602E80
6A036003EFD8FF
84000803FFC1FF
9202C40E3FD880
D803B00FBFF800
9A00740AAFF2FF
7BFE70093FC900
18003807EFFEFF
A1FD77F9D015FF
44FD77F0FFC880
DEFCEBFDBFC300
BA00600D0035FF
D400280C1FC87F
990168053FE17F
5A0030001FC97F
84FD17FC200980
65FDDBF2A02A80
61FC53FA903AFF
1C0038047FC200
EA0130055FDFFF
2EFC0FF1000480
EAFC47FCA01580
8EFDEFFD402280
1FFD1809BFC280
AA02200B3FD17F
31FD800C201BFF
B2FED3FD802480
0402F80777F97F
0A009FF41FC200
7DFE2FF8FFC480
6C02BFF36FC97F
F8FF37F9201380
85FF67F1C01200
CAFC3BFA103E80
DE01B005000B7F
B77F47F8601F80
D00137FF002C00
C50108076FC97F
2001DFF15FC3FF
D901B80C1FC97F
B602B0081FFE7F
0CFD6FFDC03D00
6DFD27F3C03180
BCFDABF2A0237F
0CFF37F7C005FF
05FE47F6A02580
D6FD67FDC025FF
820318026FE1FF
3003300FFFEA7F
42FFCFFDE02A80
AE00C40DDFC47F
CEFF8003401D00
A901B80CEFF800
C5FCCBF5101000
AC03DFF91FD9BF
66FE67F94013FF
A400700CFFD77F
FBFCC0069FDA00
88FCBBFAA00B00
DEFCF7FC603000
0AFEEFF38013FF
85FC13FC100980
720130013FDF7F
94FC27F4801240
46016FF71FEA7F
08037FFEBFF37F
23FEDBF1E038FF
B8FD0FF07FEE80
67FE1008DFC600
68FE1BFC403A00
A1FE27FE401EFF
DA005FFC1FC600
9C03280C1FC8FF
C2029FFE8005FF
5EFD67F47FD400
DC02A80C3FE97F
A9027004EFF0FF
7002EFF6003E7F
CFFE57FF402780
89FD87F3202800
06FCDBFD101D00
0FFE5FF6BFEB00
590140035FCFFF
F000F0047FFEFF
D2033000BFCCFF
1CFF2FF6C02E40
4A0220037FCDFF
FF7C8BFC400900
CEFF1BFDA00980
F60098089FC37F
0400C00D9FD3FF
4C02F00C3FEFFF
8203D40BBFC3FF
5203EFF02FCEBF
95FE53F5C02600
4101A80ADFFB7F
E1001001FFE3FF
0603FFFF401000
6C0270043FDF7F
B002EFFB7FFB7F
44017FFABFDBFF
1A00400F0036FF
F2FE7BF4603B00
CEFDFBF5202A40
05FFABF6400580
3E010C06BFFAFF
1002880DDFCA7F
E8003FF23FF200
88009009DFE8FF
CD004005BFE6FF
E6FC77FE203780
F602A007BFE87F
7402C40E6FD77F
3EFF07F1001880
3AFEFFFC903480
41FC37FEA01140
A9FD4FFCBFFA00
4C01AFF59FED00
B2032802EFD5FF
6801400A9FF27F
A80178049FDE7F
7D02F000FFDB7F
B6FD17F3C01980
39FFCFF9002F00
E1FF5BFCC03300
7001FFF26FE800
5003D804DFF37F
41FCCFF8A02080
7200F804DFE77F
EE0290000000FF
06034FF11FF6BF
5C002FFE9FCF7F
C5FF53F7E02380
C601C8011FD67F
6400E0069FF880
FBFD58065FF7FF
4EFE97FA002580
49FD97F6602DFF
77FF64017FFBFF
43FC4BFA801600
26FE0BFCA03300
E9FF57F57FF480
8201B8055FC77F
EC01A4069FD8FF
05FC3BF6200B40
16005FFE9FEAFF
36FF6BF1100300
23FD1BF8E01400
EA00400F002800
42FF07F32013FF
91032804DFF8FF
2FFD700B5FD07F
8202280EDFC4FF
5C02F808FFE77F
990318073FDDFF
56FF4FFE000480
D9FDABFE603300
1001F00BFFE8FF
27FE580DFFCF7F
7002C808FFF0FF
3E0168066FD77F
C0036800BFD0FF
CDFC97F6402000
ECFE37FA003A80
F203C80B5FFFBF
6E018806BFCE7F
8A02F0091FCF00
7002F00CBFEEFF
1AFFEBFB503DFF
66028FF0BFD8BF
7EFDEBF0802B7F
81FEEBF0201C40
6CFE0FF7E00D00
41FE73FD4023FF
DC037FFADFFABF
12FF8FFC203680
15FCFBF04009FF
7203C80AEFD67F
C1FDD7F8401880
B600D007EFCEFF
44FF77F5A01680
61FC17F7A01780
CEFECBFA200300
6FFC040C8039FF
12FF77FC201100
EC0148087FFC7F
160380039FF200
C9FCFBFC200480
72FE1BF9601100
79FDFBF4E03D80
02FCA7F5602BFF
B9FD6FF4602D00
B9FF4BFAE00000
5EFD0BF4601F00
9FFF9FF92FEDFF
CA0250032FDA00
E9FCF3FE002C00
A502180DFFEB7F
7FFF3809DFD5FF
B402B0053FC5FF
95FF07FE100500
4FFC7BF4A03BFF
8A0170045FF900
3FFF67F87FDBFF
C403C40AEFE1FF
F6FEBBF7100D00
BDFF1BFE8035FF
6603B0034021FF
39FF1FF2A028C0
72023FF43FC37F
E9FD07F4401F00
5101B001DFD8FF
ECFEEBFB401080
F90050017FE77F
99FC17FDD01BFF
61FF3FF7C00A00
F102F001BFD600
0A0008097FCC00
62FF2FF0C01400
E503B4041FF7FF
F9FEF3F7C03300
4402C0051FDCFF
D1FDAFFAC03480
EA03E408EFD2FF
21FF17F2901B80
46FDA7FF203900
8801D40DBFF380
68038402BFDFFF
8C0120025FF27F
5CFF4BF9FFF880
6DFE9BF2FFD280
5CFE7BF3802000
7000FFF75FF47F
27FF280EDFDF7F
2601300ABFF47F
FC03880F3FEF7F
8602900E9FE0FF
81FD97F7C02880
F602900C5FFFBF
16FCBBFF400C80
4C03D00CFFC9FF
55FEABFAD01400
5602C802403DBF
05FD4BF0B03300
BFFFC0026FFC00
2FFF9FFB3FEFFF
41FE8BF3402880
01FD9BFA801B00
6EFE07F4901A40
D4017FFD9FCE7F
F102E0049FEF7F
14001002FFDD7F
B8FE9FF4601C00
B000380F1FF6FF
E1FE07FAE03580
F5FECBF2E02780
C102500F9FDEFF
39FE33FD400280
8DFE33FCDFD0C0
5CFECBF4600800
E801F40E1FC100
9AFCE7FBE03080
600390072FF0FF
6C00D80A3FF3FF
86FD0FF5603180
49FFE7F12035FF
68021FFAFFFBFF
D3FC500ABFEA7F
780138047FF5FF
DE03B80DFFD57F
4603200FBFC7FF
81FD5BF1601000
3C01700ADFF1FF
AA0238019FCC7F
7801B00DDFDE7F
E603980BBFE97F
BEFD07FB801880
13FC4803BFFD00
49FE0005201E7F
C1FFD3F6802C80
A6FF4FFC802D7F
F3FC87FBC03280
42FD17F9A01600
4883C80D9FD4FF
CEFF87F97036C0
8FFD0403DFD27F
A3FC780DFFC0FF
ACFF7BFC800C80
3101B80B2FD37F
ABFCCDF27FF7FF
E1FC17F4C014FF
92018003EFC000
2A02E809DFC5FF
42FDBBFB601A00
66FD0FF2201880
F8017FF25FEB80
51FE47FE203680
32FCC7FE901AFF
12FD87F1600080
6E012FF23FC3FF
8401E80E5FEFFF
66FCA7FC400100
BC029005DFC77F
69014805DFF000
2C0048005FD4FF
84020804AFF9BF
59FEE7F1402C80
67FF9BF9201900
0A00C80AFFF6BF
3801180A7FF97F
540000039FCEFF
240004065FEF7F
01FE1FF3C024FF
B103F801DFE5FF
B3FFC7F5801600
92FCD3F2503CFF
4A02FFF95FCCFF
41FD47F9FFEFFF
32FEA7F0C00DFF
CE0248047FF57F
59029004AFE67F
D5FF5BF8403F00
61FFB7FB201E00
47FD500C5FFF7F
5A019FFEDFF9FF
3C03E0019FCAFF
DAFFFBF0602600
CE03FFFD1FC9FF
9A03100FAFE47F
FEFFABFB401AFF
82031FF3BFE47F
22038FFA9FD900
21FC7BF0C01D80
41FCCFF5402280
9FFF8000001F7F
C9FED7F9C02D00
D600800580007F
F401E802FFDBFF
34FC27FFA02F00
BA001807CFF57F
A9FC2FF2101800
1EFE73FDE03E80
A0FD6BF7602840
0C02A80ABFC4FF
16FCA7F9C01580
5CFCFBFB102700
B000700EBFC7FF
55FF9BF6802280
C9FF5BFAE01000
F6FFEBFC203200
10036FF68008FF
52FDB3FC401840
F201D004FFC3BF
31FCBBF3302F00
4C02780E5FC67F
E201C00E7FD200
1C03C401FFCEFF
0602880CAFDC00
87FC000CBFFC00
80FD17FA503480
E1FF57FF403080
080018053FC5BF
BFFF33FB7FCA00
C9FC2BF0403CFF
C6FECBF4A03B00
FA02A80AFFC4FF
16FD87F7201780
B9FD5BF8402100
E9FC67FEBFDE00
7402F80BBFD5FF
E6022FF3BFEF7F
9201680A5FC17F
F1013808DFFAFF
2002080E3FDF7F
B2FC3BF6801900
82FF07F3000100
4CFF47F8803680
7EFF9BF0E00480
96FCB7FEC00480
78FC7BFB2016FF
CAFCC7F9A006FF
7FFD30007FD67F
EEFC87F7202D00
91038403DFF6FF
F4FEDBF1BFD880
0EFFEBF17FFE00
B403DFFA6FFDFF
A8037006AFEF7F
B200C4059FD900
C402A4041FDFFF
46019FFBEFDB7F
3100280F3FC9FF
4A02900D4FF97F
3801D00B9FF17F
CEFFFBF1C03F00
D1FC00008002FF
7401880DDFEB7F
46FCE7F9801D40
72FDC7F63FCB00
1202DBF69FD100
0AFE6BF07FDC80
93FE9BF9C00300
70000405DFEFFF
F5FE73F1400540
F4FFD3F1A00A00
FCFC37F8FFC680
1EFCFBFE0017FF
62FE73F4BFC680
B5FC97F9903500
D9FEC0017FCA80
FAFF2BF3C00C80
CBFD97FBA03700
6EFC17F6202400
6EFE73F5D02E80
D7FFC0046FEB00
800168043FE5FF
5EFE9BFD401900
60FC27F0803000
420170083FF2FF
7BFCE7FA7FF640
C7FFA4086FD97F
EEFF87FF3FDB00
A6FFEBF5802600
F202C8023FD6FF
9101980CDFEA7F
EDFF4BF9000F00
97FE27FC802100
FDFF87F5A03600
A202A801DFE5BF
1803E007DFC880
BEFEAFF9A00B00
CAFE37F0C01C80
5C03EFF35FE67F
4AFE1BFCA00080
39FD4BF6003880
15FC37F97FDDFF
93FE3BF6E01380
67FF6808BFEE7F
6403F00FEFE0FF
6FFD500A0012FF
0401D8017FE9FF
EE02040BDFD2FF
51FD53FD400700
D403A40C7FC0FF
10001FF27FD3FF
AA00900B6FC97F
C6011804DFF1FF
43FD8FF7601880
8C03FFF27FC8FF
69FC3BF5FFCA80
52FEBFF5602680
5A03A808000FBF
99FD33F3FFCA80
A403540F3FFDFF
9AFD07F3400E00
18FE47F6203BFF
62FDBBF8100700
4AFC37FBA01980
C9FEDBFD801D00
C202A80D80137F
BC037008EFD2FF
77FEA7FEFFE7FF
2D00C00C7FD9FF
1E00C803EFD0FF
66021000DFC57F
1AFC07F3802180
C40188045FE7FF
23FEF00E5FF4FF
D6FCCFF2801FFF
BE0278079FD5FF
F403C0055FD2FF
3802080D9FCAFF
DAFD27FD600E00
2A0090039FCEFF
B600C40A801F00
2AFE2BF8603B00
42017407FFE580
DC030001400BBF
BA03580FEFD77F
9AFCAFFD202D00
C1FEE7F7403E80
EBFE3BFD003A00
55FC7BF1201880
43FE6BF2201980
6BFD47F9EFDE40
4401200000177F
83FEABF3803A80
F9FEEFF1903480
80FDFBF4100180
1BFDBFF2C00200
D00324033FE67F
0CFE17FFA01840
30033005BFE800
99FD4FF2102880
61FD0BFF203180
52FC47F2500880
5E01D806CFC080
FE0238007FEAFF
AE03A0047FDD7F
31FF5BF8600900
9C0198093FF000
9000E807BFC800
1F7E3BF4BFDE80
6FFD4FF21FEEFF
A6FE0FF0801480
B2FD0004603E80
BE02100BBFF37F
CFFDBBFE803100
F9FD5FFCE00500
F9FF1FF0901EFF
E0001FFB3FEC00
EE00480E1FF2FF
800138059FD9FF
65FE17FE001EFF
1203680DBFCEFF
B2006000400CFF
B2FEB7F4A01340
A3FDD7F4E02480
49FFB3F4701D00
ADFD87FEFFCC40
C5FC9BF7401E40
02FEA7F3C00500
A2FFFBFA403FFF
8C01240A9FD47F
F5FC73F9902400
F5FEA7F0C03B7F
CEFD6BFFFFCF00
C2FD4FFB800A00
3200900300307F
B6FC33FE602C40
59FC0BF9700020
8EFEE7FB602A00
A4036FFD1FCCFF
EAFE77FF200240
FEFC8FFC002E7F
39FEF7F6202000
6BFF4BF8C03E80
7102DFFFAFC07F
3E01600E5FDAFF
2EFDBBF0403040
C8FC5BFC803E00
0CFD1FF3301900
120158081FF33F
5A02BFF3FFC1FF
15FDDBFD803680
6800E0097FD2FF
6A022807FFC07F
A200E004BFF4FF
3FFEF0026FD07F
38FE17F9502B80
E6FF27FCE02F00
6EFF17F4200500
2CFC17F6C01880
450290047FF0FF
2DFD47FBC02EFF
8C02900BFFC2BF
50FE67FBFFCBFF
36FEC7F46038C0
0203B0049FD17F
1C03B0004022FF
82FE5BF7000080
52FD1FF0E015FF
4AFD5BF4FFFB00
D60377FE1FD0FF
B803B40AAFC97F
FF7EDBFC5000FF
18FC97F21009FF
80FEAFF6C025FF
6CFC4FF1C03000
F2FEB7F6802300
4802280F9FD8FF
1000FFF17FE07F
5AFC5BFD800900
59FE2FF8C00900
54FE17F8403C00
E8013007DFC67F
600350094004FF
F0FFA7FD503300
28027002DFFCFF
7EFD3BF6C02380
9600700ADFF0FF
7AFD400B3FD3FF
AA01B001403A00
8203C40CBFCBFF
DA03480CFFDF7F
AA02600B9FD0FF
C4FC0FF0DFD140
9EFF27FF8007FF
A5FCEFFE601100
C5FF3BFEB00440
980290024014FF
40FF67FFD015FF
DB02900DFFC7FF
9A00240F9FDBBF
B403240BDFDFFF
9A003803801B7F
B80120006FF77F
1103A00AEFFCFF
DFFFB000BFF6FF
59FD7BFE603400
82FF6BF1600E00
16FC87F3301100
15FFB7F87FD7FF
B2FF7BF4302C80
BE0110017FF17F
76FFD7FCBFF8C0
51FD1BF5C02D80
0FFDE801AFD8FF
0201800F5FCAFF
9FFEE80DDFE200
CC00400E400400
780220037FDE7F
DAFE07F0B02D00
720018093FDBFF
6C02BFF01FE300
8403700CDFC4FF
BA0208051FC1FF
B80350013FC77F
BFFD98059FE67F
FAFF67FC801B00
C9FECFF8FFCC40
AA0008031FC9FF
EF7F5BF12012FF
89FE9BF37FF3FF
B2FD9BF8800140
A201480B3FF27F
85FE7BFBE00600
E801C8023FED00
34000801DFD57F
4102900800177F
B001B00B9FDC7F
FE01040FDFCBFF
B9FDBBFC402E80
0901280B5FF77F
E6FDB7F5603FFF
7001DFF3801E7F
8A01BFFF3FCB00
1000C802FFDB7F
E5FFCBF4103C80
BEFD93F5103D80
DCFFC7FFA035FF
6C01BFF5BFD5FF
F8FEB7FAC03200
A8023401BFC6FF
A5FCABF0C01B80
5C0098089FCFFF
2E01C404BFDEFF
2A037001000BBF
EAFD2BF3801600
E7FCDBF9FFC900
59FD9FF37FCC40
EC00E00F5FDFFF
92FC9BF1A01300
A9FE4FFE503A40
FEFDC7F8401380
3401D0071FEAFF
7603A80DBFCC7F
8601B8000001FF
44009FF400027F
AFFCF004400F7F
920384068002FF
64FE2004A00F00
96FEE7F3C03280
3102B0011FC9FF
290064059FD7FF
6602AFF4FFF400
9AFF37F3800E00
72FC8FFB0025FF
0401780F5FE800
B001280E1FE7FF
C400EFFB7FFEFF
76FD73F6FFE900
2BFD7FF1FFC000
8E03900D401A7F
83FD24095FD27F
CFFCD80E6FD17F
16FC9BF1B01D80
7A03C804EFF900
49FE7BFC800EFF
66021008BFE0FF
86024405EFCFBF
1803FFF49FFD00
F801C405DFD200
FDFFA7FDE00C80
4BFECBFEE00E00
E40388073FD000
F9FE47F73FDC80
63FF680C9FF0FF
BDFF47F65FCD00
720008025FF0FF
F6FF7BF5C03A00
47FC70079FE4FF
B201F808AFFCFF
A6FEF7F4103C00
260094075FCBBF
D5FC6BF0100C80
FCFDBBF2D03400
0C0348067FF0FF
C002B00EBFF5FF
B002E804FFC080
8AFEBBF9802F00
7A0127F99FFF7F
56020803C031FF
0A013FF6003800
E2FDEBF2602880
15FEBFF8E02C00
320198013FC97F
D9029FFF3FF1FF
FE00000E9FCCFF
30FE6FF0901300
E5013404BFD2FF
56FE67F22032FF
4A0308099FC600
2E0384043FC0FF
38FD5BFF403880
E202F80D1FE3BF
36FC3BF62037FF
5EFFE7F4101480
C400700B803200
14039006BFFAFF
23FD6802BFFB7F
45FC07FF800C80
0AFEA7F4603BFF
3BFD47F90002FF
2A00C80DEFEDFF
4403280E9FCC00
52FD07F7000D00
1A028405EFEBBF
71024002EFC200
44FC97FD402980
3AFE77F09019FF
A7FDC009FFF97F
D00098073FFAFF
7BFE80014005FF
AEFDBBF2E03E80
5AFF2FFCC02380
F9FD17F7601F00
BFFE58099FD3FF
240130006FEFBF
540297FF6FC8FF
58FC37FC202480
E40158061FCBFF
5FFEFFF5EFEB7F
A9FD97F5203800
07FC5002BFDC7F
06FDD7F57FEAFF
A500B0045FDB7F
D1FC67F3C03FFF
71FD4BFDE031FF
E101240C5FC77F
7DFC97F6FFCB00
69FDB7F4C03380
15FC7BF77FCAFF
A5FC3BF3A01200
7200500BEFCFFF
340300091FF2FF
C9FDFBFB803100
6AFD2BF6C03540
B6FF800F400A00
A1FC2FFF803E80
0401D0031FC97F
10FF27FB601200
01FEB7F4203A80
A20188071FC77F
AE039FF05FF57F
1D02B807DFE8FF
48029402AFDB7F
DFFD08093FF2FF
C1FDC7FE402CFF
8200900B00297F
06FE7BF7203BFF
36FD37FE102E00
07FEE00A7FE77F
41008003EFE8FF
DC02F8025FE1FF
09FF8BF8600040
2202480A5FD9BF
A6FF67F8E02C00
54FE3005E030C0
1EFC07F6403700
71FF77F7602840
5A02C00C003D80
9EFDBBFA7FEA00
71FD1BFF203E80
9100680B1FE87F
83FCABFE903940
0802F00F5FFA7F
65FE83F0603B00
2601CFFD7FD47F
AC00C8063FFE00
C5FE77F9603400
6A01C80E1FDFFF
B2FF7BFBFFD980
2601480EEFE57F
35FD5BFF7FE600
E9FD1FF7403940
3902D7F23FCFFF
89032808FFEEFF
4C03900D2039BF
8E0320079FC67F
F201840A5FD47F
8C00BFFFDFEF7F
CC00F009DFFDFF
42019809EFF37F
4AFFCBF2E01200
9DFF53F1C033BF
51FC4BF72037FF
C40017F3801300
39FFC3FFC00300
56FDB7F3C02100
8002D002FFCFFF
47FFD8036FE1FF
B401300EDFC3BF
9E0310009FF77F
7DFC2FF9603080
BC02100F5FE17F
D7FE77F0FFC040
C801E80F8013FF
37FC50018017BF
E9FDF7F1400B00
E6FF07F66007FF
CA0204002FC1FF
FEFF57F1401F00
B401A00BDFE280
0400040D3FFFFF
B00028036FC9FF
240310043FE97F
65FE8BF3401900
9EFFA7FC801280
160128049FDEFF
21FF23F5A01480
ED02880B1FF87F
D0FC67FCC03040
4A016C0B9FE67F
DAFDBBFB403CFF
4E02240C1FCAFF
51FD47FF803180
E80130011FC7FF
51FCFBF1402F80
65FD04005FCFBF
2DFC200AFFF77F
8901240BEFC6FF
BBFF10051FCF7F
6FFFA4011FD37F
6DFC1005400A80
450308056FE07F
2103300F9FFE7F
BA001FF91FCB7F
990110029FE77F
2600400D5FDEFF
7EFECBF1200C80
16001FFF1FEDFF
76FFDBF25FF780
F40190029FFB7F
5C03500ECFEB7F
FA009809BFF600
F6FDE3F3202040
B200380E1FCC00
AC03680EDFCF7F
7803D8097FC7FF
C2031003DFC800
C902D0043FCEFF
02FF33FCFFF7FF
E200300BEFEB7F
F3FE9006DFE7FF
5C03D8077FCD7F
AC03500240307F
01FE37F4500300
9AFECFF2FFFF00
AFFF400BAFFB7F
340330006FC17F
740248029FC5FF
1A02180CDFC57F
E1FF9408DFCF7F
7A0210023FC7BF
AEFF6BF5801380
CDFE9BF7203DFF
BAFFBBF0C02600
00027FFC5FCD00
B4032807BFFDFF
1EFEBBF7BFDD00
C401080C3FC4FF
6600100F3FFCFF
5DFCA805403F00
36FD63F9202900
F50158024FEA00
E203F00A403B7F
30011FFF3FE37F
07FFD00FC000FF
B2FE97FE403CFF
9DFD300D3FEE00
23FFD00D3FD600
BA00A8042FCA7F
9600480FEFE6FF
B6021802DFE0FF
8C002007DFEAFF
ADFC3BF1401B00
2EFCB3F9600100
E102C8047FDE7F
F103F806FFFEBF
9C011006EFED7F
16034409BFD9FF
E80370003FDE7F
69FCE7FD400480
3AFD7BF3FFF240
6C0140029FD0FF
7401B000AFE17F
360368006FDAFF
7A03D00ABFD900
EAFE2BFE903E40
15FEDBFE203B00
53FE500C001A7F
4A0090019FD9FF
99FD5FFFBFFA80
2C01B00CBFF47F
0A02E0040027FF
B9FF1BFC400E80
C100900A5FE97F
85006803DFF8FF
1201E0043FCBBF
0BFFFFF33FE87F
9AFD73F9000C00
FA018C01BFD67F
6FFFB00A3FC280
B402900D3FF9FF
CEFFAFF4203680
5101F00B1FDEFF
1E031FF9BFD77F
B001900BEFCF7F
F4FDE7FDA02E00
D5FC8BFDE03440
14030808DFE8FF
89FE3FF53FD680
3A0318045FD07F
0E0308011FF3FF
A1FFA7F6E02200
AD03180ADFE400
26023004FFF57F
39FE3BF0002C00
F2017005DFCA7F
6FFF4804FFD1FF
F3FC2000FFCB7F
1401A8025FEC7F
9C01A0069FEDFF
4C029FF8AFE87F
9C0337FBC02D00
F2FC07F0C006FF
700148077FC6FF
30033806DFCB7F
76FFE7F8C03900
B2FC9BF4602D00
71FCF3F37FCEFF
86FF1FFD4025FF
4A01A001EFF100
5402300FBFC4FF
62030008FFF300
C400E804DFF0FF
01FDFBF0101800
50026801001F7F
D5FFEBF8FFF8FF
937D73F3001C00
2A039005DFDBFF
72FFABFF7FCD00
BD0230055FC4FF
F37E2BF9603A80
7A003800BFC1FF
6EFEA7F6E02040
16FDFBF5E02800
A1FD47FC802C00
25FC67FA603840
EEFD1BF9602000
4CFFC7F8C01B80
02FC57F07FD080
B402CC0EFFF3FF
2EFEFBF980167F
2C030409BFEAFF
D10230019FDF00
81FDC7F7802E00
3D006401DFED00
16FCC7FF7FE440
4CFCF7F5203BFF
C503F80EDFC37F
19FC97FA202480
AE03640EEFFF7F
1A02F0095FFEFF
0401BFFEDFD7FF
06FC97FAE03AFF
040050025FF100
67FF70079FD4FF
3C02D00E5FCE7F
4200100D1FEF00
AAFD27F0602540
EC01A8093FD9BF
680160029FF97F
C9FEF3F5601380
36FEABF1A02580
21FD9BF3E03F00
4BFD0808FFF97F
77FF8800AFFE7F
2402F00CEFE700
FBFD9BF6601500
1CFDB7F6100880
73033FFBFFCC7F
020368089FC57F
4403D7FE5FD67F
5C0070047FCC7F
52FC4BFD802400
D2FE3BF2BFEA00
2A03380C9FCE00
C40208046FF2FF
C402880240317F
7FFFD80ACFE200
A703A408DFD47F
5AFCB7F7FFCB80
63FE07FDC02200
C9FFFBF4A00300
DF7EA7F6400480
CAFE27F0200380
FDFE6BFB602480
08031003EFFB7F
86FF37F1C02980
1B03B0087FCD7F
9102240F9FC9FF
56FC1BFF001E00
81FF37F6C01800
C602A80A9FEF7F
3202E809EFFE7F
C60128025FC17F
8400680F9FDE7F
1601680E7FE73F
9DFE7BFCA02500
05FF2BF8602980
4E01E0048035FF
A2FC77FC900300
68015FF05FD800
8803D80B4019FF
8A00380EDFE77F
B1FC73F0C03980
F8023BFE7FFC00
A20330011FD6FF
6EFF7FF5E03300
3AFF67FC400A80
E902C00C7FC77F
1BFC1FF61FDFFF
11FDA7F57FCD00
85FC83FEBFC380
A200D80F7FFE7F
FEFF97F6402BFF
FFFEC408000DFF
4DFFDFFFA01F00
D9FCE7FF402600
4DFE37FC600380
1202940A7FFF00
7200E00C9FD27F
5AFDABF3603C00
D9FFE7F1203F00
4A03E8071FF3BF
3BFFC7FDE028FF
AC02B00CDFDF7F
E5FCFBF1E00900
CFFD6007BFC200
2600B0095FF5FF
3001C001DFCBFF
A4FEC7F2BFE580
AEFF5BFB801C00
CEFCEFFEC00380
320324029FC8FF
CA025807EFE67F
FC03E80FEFC4FF
1503BFF3BFC7FF
F10204009FE800
B4FF07F9C02E00
8200180E9FCF7F
0C03600E3FDB7F
4FFCC40EFFE7FF
1602B806BFE57F
7802DFFB1FFA7F
0103FFFF5FEE7F
6EFDE3F4400780
E102A8041FE3FF
1C03DFF16FE9FF
09FC6FF63FEE80
C003B00BAFDF3F
9E01B7F56FE9FF
9E03500ABFFC7F
8400CC0D9FE300
1802BFF4BFD17F
B2FC57FC600340
A0024403AFEF7F
E10118043FCDBF
09FD87F98026FF
1DFC73FAA00B00
8CFFF7F6E01200
A80308047FEA00
76FF57F8601000
7801E00D9FF6BF
0003480E5FD6FF
16FD1FF1FFE400
C4017003FFC600
4A02B8005FDBFF
EAFC9BF5601600
6AFF3BF5601B80
B403A8011011FF
4403880A2FE2FF
2A01E4091FDDBF
F40194055FF4FF
4DFF57FF40377F
9201DFF83FDAFF
63FE97F0400980
3AFC37F3E01C00
D9FDFFF7A01E80
53FD23F9902940
9BFFB006BFD500
D000680EC035FF
6403880E3FD4FF
6CFC6FF4200480
6E03140DDFE3FF
79FF0FF4403980
C600100680317F
F2FFE7F6201280
B3FEDBF79005FF
54FC6BF13FC280
2FFE18037FC77F
BAFD4FF7603A80
26035FF2FFC77F
CEFE5BF2A02D00
D201400FDFC2BF
87FD9FFD7FF6FF
2200400B9FDCFF
CAFF4FFCC01F00
7FFC3FF26FFF7F
F200C006001700
6E0350093FF800
A3FE3BFE603680
3A03100F9FC07F
2EFC3BF6BFD100
71FCCBF9A00C00
1003800DFFF27F
C20128059FC0FF
93FC97FE800180
EC00A4007FE77F
2E0084093FEBFF
7A023406BFC900
FEFDABFCC02D80
440258044027BF
E802F805DFFDFF
2AFE77F6E02D00
B902200D9FC2FF
40021FFD3FCC7F
99FCC3F77FD500
94FCAFF4003300
7A034000DFC1FF
D2FFBBF2401680
11FF2FFA7FCE80
60FFABFB202880
C3FDF7F4C02840
7AFF7BF95FE300
D2FFB3FEC02300
CBFDA7F4803A80
86FC3FFE102A80
BE0030057FE77F
81FECBF9203100
7A023FF9003F7F
0EFE4BF9201B00
8200280200197F
26FFDBF3C01100
04027802203AFF
B200E802FFE100
8DFD9BFCA00100
4CFDF7F5602480
45FD37F9C00DFF
C1FEBFF1A00980
AC01B00B1FF100
3E0164001FC700
5A012FF3EFCFBF
7A02A8023FE600
4FFEE40D3FCDFF
F60190032FF7FF
74FF27F5202280
B6035FF46FD4FF
F7FF4FFD3FD6FF
A6FC9BF0201680
E1FD2BF1C03B7F
A202000E1FDF7F
C9FCE3F5C02580
960044065FF3FF
1AFE3BF5402B00
8401C00B1FDCFF
1A03480DBFC9BF
E603D00BDFD400
D203FFFCDFC4FF
0AFDF7F8001480
68029002AFD2FF
86FC1FFFC01A80
9EFE73F2002880
96FE5BF0A03F00
9AFEFBFC600880
FC02B0095FC87F
A5FD1BF5401F00
7C0250003FD2FF
31FDEBF8800680
A502F0028017FF
86008FF17FEEFF
A200E007DFC000
9600600EEFD080
B2FDFBFE602C00
6E01D80B1FED7F
2902000A6FC900
50031805AFDBFF
F4033000FFD97F
49FE2BFCC03380
F4FEEFFF602480
08FE9BF5201880
E5FDCBF77FC700
B1FD17FC200880
CFFD680FBFD100
A1023006803D00
1900700F3FFEFF
F9FCBBF0903400
1A00140ADFD1FF
F8FCD3F21023FF
D402C8051FD080
4A036800BFCAFF
8001EFFFBFE37F
7E02C0053FC7BF
A001880B6FD300
1CFFFBFC002180
8C03B8007FD9FF
56FFA3FFC03780
2403C40C3FD1FF
E403280D3FCFBF
AA013FFABFDAFF
1C014FF06FCDFF
420178016FED7F
63FDBFFE601900
F00188039FF57F
2802E801AFD57F
9A03680BEFCD7F
89FF67FEA01FFF
AC0028005FF400
C3FE2FF1203B80
AAFD27FFC03000
2802C8079FF4FF
E003D0055FDD7F
3BFF57FFDFE2FF
7E02040D5FD37F
B902F407BFD7DF
F2FE97FF602300
A9FE17FE400A80
920268069FCC00
19FF5BF5A03BFF
6EFE07F58011FF
01FCCBF6A033FF
D5FC87F9C02D00
CA0310013FE2FF
C803BFF59FFBBF
6403D00CAFE100
AAFCE7F4C008C0
F102BFFC3FD3FF
8E0398045FEBFF
8903F7F03FE600
63FF97FD200D00
0203D8006FF9FF
D200C8065FC57F
F2001009EFD000
49FEFBF77FE900
89005004DFE87F
E3FE27F1103040
ABFE77F61FE0FF
7102300D9FD57F
0D03B0063FD2FF
9DFF200CA00A00
4800700E5FC2FF
0AFC5BF99028FF
C4FE67F3201080
EC022001BFDE7F
4C028800DFCFFF
01FF5BFB200A80
F1FCBBF2C015FF
8AFE53F3400480
CE0168043FE8FF
E003880DDFCCFF
9A013802BFCAFF
1FFFA40A6FEDBF
D6FC1BFE202100
76FCDBF9801B7F
B0FF4BF4C02900
5FFDD0033FF67F
BBFE44059FFA7F
AE00D0041FC27F
DC007003EFE3FF
DFFD100D1FD000
9A0248009FF17F
C2028009EFC2FF
C3FFA4011FF100
EAFF9BFF803600
39FF2FFB401300
FC031807BFD87F
B4FD8FF5C02A00
4201A8007FE3FF
FEFF2FF3A03880
EA030803DFD47F
46037FFBBFCE7F
E9FDF3F0C03A00
99032809BFC37F
DCFE0BF91031FF
1600DFF6FFFEBF
C2FF97F4200600
A5FD33FF601600
3C02600A9FFDFF
D7FE600F6FC2FF
0AFE07FCFFFA00
95FD3BF97FCC40
E8FDABF52004FF
F5FFA3FEC03980
AEFE27F2DFD7FF
3FFD84025FCEFF
C101900FDFE480
F003A009DFEFFF
75FE9BFC800900
6903A405DFFAFF
69FDC7F7401FFF
8A03AFF9BFCBFF
A5FC7BF4C021FF
3603B40280017F
A401300E7FDA7F
36037FF9DFFA7F
E6FF53F4902C80
CAFDA7F8102400
DC039FFC5FC500
E2013800EFC07F
7D0148061FC77F
7202C800FFE800
C202BFFDDFC87F
D9FF1FF3601D00
EBFD340C3FF6FF
DC03A003EFEE7F
8203E004800C7F
520010067FF1FF
F4FEA00E201DFF
DBFCB80EDFECFF
FA01E4096FC0FF
39FE57FA103C00
96FCFBF0C00500
7403480D5FDF7F
9DFF27F5403B00
2EFD57FBA03F80
AA0298079FFABF
7202440BBFF600
E201E80BFFE27F
7002280FEFF6BF
1402100FAFE2FF
2BFD87F60030C0
41FC37FCC023FF
A6FEE7FFA01A40
C2FF37FAFFD800
11FE2008401200
FAFD67FB000F00
A1FCC7F4003C80
85FE7BFD403C00
FC003807BFC33F
0DFF8FF4601A00
0FFC280B1FCAFF
32FD9BF9BFD480
1C00FFFE3FF07F
A6039FFF3FEAFF
2203A8031FDB7F
0A01E801DFDEFF
B1FEA7F1A02700
DEFF37FB5FC000
76FF77F4A02AFF
76FC73FA603E00
9103D0085FD9FF
5AFDABF9E02200
8CFC67FC0019FF
AEFE2FFDFFFF80
D1FC5BF8101B80
8D02200EFFCB00
14FDEBF9FFC700
1400F80B1FF2FF
61FE5FFAC03800
220298039FFEFF
5C010800DFFB7F
3F7C4FFAA00080
61FEBFFC401A00
53FF2BF6800F00
B4FDEFFCE00300
C1FDEBF8A02600
B0031FF2FFDB80
B203880A3FD9FF
B3FC0803C029FF
4900540FAFC0FF
E50010065FC400
B60320073FD6FF
0EFE67FE202480
C3FF07F8203D00
98033000DFDF7F
55FD77FCA00940
AEFF47FDFFD080
17FCE00F9FF27F
46FE5BF5903080
64024FFC9FD480
36FC9BF6200780
3203A4063FE5FF
B6017FF97FDBFF
7BFD0804DFE97F
0DFEABF4201100
F200CFF57FCFBF
45FF47FD803280
BEFC7BF2201040
B900200CDFD800
03FFCFF5101980
7BFD98023FC900
5EFFE7F0A02100
06FCA7FFDFD9FF
580078086FEC7F
AAFF9BF0C03000
690048015FFBFF
BAFDF7FF203280
FFFE3000BFE1FF
4A0388073FE0FF
67FE47F2900C80
0C00700C4015FF
75FDD7F5A011FF
30004FF23FE800
3602DFFA00297F
CA0138087FFF7F
D5FEABF3A01C80
2203B0081FD0FF
E500A000BFFDFF
D0012005FFF77F
EC0240028025FF
2201F0059FC47F
A801F001BFC07F
69FEAFFBFFC3FF
FE01400DDFC100
FEFD67FFA02F00
D3FC680BBFF5BF
33FC9BF7901D00
4003880ADFEABF
8600BFF53FFC7F
1A0314056FF8FF
76FCC3F9801BFF
C601B009FFCB00
7E02D8016FEB7F
7A036809EFFBFF
95FD3BFCE03500
F9FF7BF9C01C80
8A01C8033FD9FF
A20028027FEE00
7EFF0BFCC01040
CA0138094015FF
9EFED7F6201C00
BDFD8FFB603980
B9FDF7FB100680
76FF1BFEE03A80
1E010001AFFFFF
6E00580EEFDDFF
8601600B2FE37F
2103A0025FC27F
CAFC8FFA501FC0
19FC63F12002FF
9EFF7BF0603E00
67FF07F2402C80
4EFC0FF94012FF
060040041FE1FF
C1FC5FF3602EFF
D8018C0C6FEF7F
4C038800FFF900
4EFC97F02033FF
44036809AFC4FF
10007808BFFA00
3103A803AFD33F
2EFC7FFC300F00
F802E002BFD6FF
7602980D5FE57F
A200780EBFCEFF
5A02F807DFCC00
AEFD47FB203880
940370062FC6FF
26FC2FF1602F80
E90110033FDE7F
3603D8093FDFFF
DCFDE7FB001F00
75FF47F5E02A80
FE00C8065FC2FF
6F7D97F9C01480
30FFFBF0903FFF
7202F40DAFF17F
E6FE6BF67FC7FF
DE03DFF15FDDFF
5AFECBF8800D00
A5FC840C1FD87F
4C0384009FF4FF
A2FF4FF17FCEFF
38033FFE7FE0FF
97FF48089FD97F
92FF17FAE00100
DFFC200BDFE5BF
800290097FF6FF
F5FEB3FC503E80
8E00B0049FEF7F
A6FEF7F7101EFF
32033FFB1FF67F
DE03A804FFF57F
7BFE33FB7FFA80
D6019808DFE67F
D1FF73FFA01D00
74039FFC9FDF00
2AFFABF6201E7F
1203500A003700
C903780EDFE9FF
1DFF5FF0401000
5EFFEBF3E00D00
4401C404002EBF
9AFE5FF8202D80
E9FDEBF8602D80
C002040F00087F
A600880D5FF0FF
FBFFE8011FC47F
F4007FF5EFEB7F
47FFFFFAFFE8FF
69FE47F3C0077F
8200C806FFD27F
41FE87FBC00B00
06FC0BF1A00480
3802C80B3FD200
55FE73F51FE880
7EFE4BFAE00D80
4800CFFDEFCE7F
55FEFBF7E03340
2600C8003FDEFF
DC03880FDFF600
E101E8061FF8FF
9A0290095FF000
760030049FCA00
B103D800BFCDFF
EEFC1FF8200B00
FE02C80DC0017F
460158045FE37F
42010807FFEB7F
71FE0002A00C80
1AFE97F6201A40
D2025004800AFF
9803B00240317F
6401E8035FC400
C1FEC7F1603E40
9BFC97F0603180
3C03A80BFFF5FF
51FF9FF4402100
C5FE6FFAC01A80
F3FFE8087FD47F
8803C40C1FD97F
ACFE67F1600780
3103C8055FE27F
50017FF03FD5BF
CBFF6FF7201000
09FCAFF4C01D00
EC01B00E001AFF
AEFC7BFFE00DFF
140124033FFF7F
B401200A1FF57F
B1FD67FD1027FF
A5FEA7FD001DFF
9201F0079FDD00
B4004FF6BFE6FF
A3FF87FA203D40
7C00B7F05FC77F
64FFABFDC01D00
B80298016FCB7F
D20380007FCC7F
54FDFFF9200A40
BE007000BFC4FF
0602300D1FE57F
24FD37F72001FF
AE02C807DFEAFF
BFFFF802BFD2FF
81FD0FF1000EFF
BA02E00A1FEA80
3200980C5FD600
A403B006EFE6BF
4201E7FC1FF200
91FF7BF64010FF
A3FC7BF3201A00
7E00E00AAFF53F
BFFE47FF802680
E5FCBBF6E02700
2C039FFADFF4FF
4A01B8007FE2FF
D8035BF17FE300
71FE2BFBC01180
A6FDDBFFC00480
2A000000BFE3FF
42FF9005601DFF
12FEE7F6A00880
EEFC6BFFC00080
11FD6FFC101800
12FEEBF3803AFF
59FF37F97FF840
25FC5BF8803300
2100D0023FC8FF
10033FF27FF200
A2035402BFCF7F
920037FFDFDF7F
3200E00F3FC97F
89FE97FBFFEA80
AEFD97FE7FD480
6E01EC0D9FE17F
CC0100093FD5FF
3FFFAFF7BFD2FF
D4021802403E7F
9001D0095FD67F
21FC8BFE4023FF
9400D00EEFD500
AFFCB40EAFCCBF
0AFF4BF6DFCEFF
ABFF0FF0002980
7FFEFFF32FF7BF
8500F00C7FE000
86FC1FFDC03E80
6C02D80E7FE000
19FEFBF8900300
350318071FE17F
4DFFDBF5801F00
D6FD97FB401080
42028FFD3FE5FF
D6FD9BF4800E80
39FEF7F0A01000
61FD83FD201900
7C0098035FCAFF
8BFD44043FD800
560388075FE67F
79FEFBFA600D80
7DFC57F37FCF00
DCFD97F1200180
21FC07F5A03F80
03FF3BF7002500
69004FF01FF0FF
7600F005BFDC7F
59FC27FEB00180
7DFEE4085FCBFF
F7FE100B5FC6FF
C10330072FD000
2AFD37F6402140
23FC97FAA01E80
480050072FE37F
4403C4094FF7FF
4100480B1FC77F
55FCA7F93FC880
35FC47F5801080
B1FC5BFC902500
F1FF6BF3800280
7C01D00AFFDEFF
5BFDBBFE003980
8E00280EEFC800
2A00D40B7FD0FF
EC01A80EDFF4FF
02025FFE1FECFF
D80150001FE27F
F3FFA7F9403880
F400F002BFD97F
B4FCDFF4C02500
72FEAFF4603700
66FD0FF4802900
D2007FF99FFCFF
D1FF5BFA600B00
19003002DFCA7F
87FC700CBFCEFF
65FFBBFDD03C00
8AFC9BFDA019FF
02FC8FF8902880
51FFD7FC203000
3DFC1BF6600C80
D102A8060037FF
4201340BFFD0FF
E8038002BFD77F
EE0120011FCC7F
CF7F67FAFFE900
0DFD37F7A02F00
1400C8057FD2FF
0C00EFF2401000
A901100DDFF1FF
9FFEA80FEFF57F
8200E0093FE1FF
FC01200C7FC5FF
8A01200CBFE47F
25FC8FFF202E80
F1FD8BF4FFDF00
2FFC60086FD4FF
15000808DFE63F
55FC4FFE202E00
4400100E7FCCFF
EAFD2BF8C017FF
6602700BEFFCFF
19FCF805800DFF
D4039FF8DFD9FF
41FF67FD203FFF
B2FD37F5600B00
84FF37F6C02600
0103B402FFDC00
A603C007EFC4FF
78011807AFF3BF
A00330035FEA7F
D803640AFFD27F
F201A001BFEEFF
24008401EFC4FF
8C03A001EFD2FF
99FDCFF6E01300
7DFECFFCD03F00
BFFD600FEFE300
45FD47F8402900
41009405DFC000
0FFCD7FF802C80
A1FE8FFA201880
3AFEE7FAA03480
380008087FD9FF
F6FD2FF8A02440
25FCEBF8603F40
A6007FF7BFEB7F
8400040B5FC4FF
7401F00C6FF4FF
C900D80A9FF7FF
0601900C7FF77F
FA03700EDFE37F
7C01B0051FF17F
F2FE5BF53033FF
DF7CBBFE000180
57FEC0046FE17F
FEFCCFFCA01E80
EF7C000F103080
0A00700BAFFD7F
E800C00DEFEBFF
E6FD4FF3FFEA80
F1FD3BF7902300
E603080D7FFAFF
E6FE77FCE009FF
CAFFE7F4403480
97FD040DBFE37F
6DFFB0079FD97F
B202780A9FCF7F
BEFD7BF8402A00
2E037FFC7FF9FF
32002003DFD300
CFFE97F9D01900
16FF0BF0A00D00
CAFE1FF9202CFF
0C0390015FF2FF
1AFC97FA203D80
A4FE57FCE03700
8E01C8073FF87F
DE0060096FDE00
D1FC37F9C03EFF
A403E006BFE8FF
5EFD13F1FFD500
72FCCBFBFFCFFF
4601080B5FD6FF
CC0290091FD97F
3BFD2809C03E7F
65FE000C9FD100
A6FC87FF102700
9600C800DFF7FF
98017004403C00
2C012401BFF2FF
8CFFDBFF200F00
54000802CFC6FF
6FFF040A9FC77F
A1FD77F83FE880
3BFC1BF3400900
9C02E00A6FEEFF
1A01080C6FCBFF
BA03280D1FE3FF
D202B800DFF7BF
C8015004FFF9FF
81FCFBF2C00DFF
FC02E806EFF07F
C9FC47F79012C0
0201D8097FFF7F
82031FFEAFD4FF
06002004EFDAFF
FEFE7BF1801C40
38FDBBF58034FF
C800F008BFECFF
71FF13F8FFDF80
E602240EBFC5FF
1FFE63FF101E80
3302A80ABFEF7F
4E02B8013FCA00
5A00A807DFE500
42FF27FD8005FF
0DFF2FF2FFEE00
CBFEDBFF802400
3203B006FFD180
B5FC07FF401300
21FE1BF0C02680
D9FE93FD2027FF
26FE73F4E03980
F202C8041FC27F
1CFC8FF4902D40
680098009FC37F
73FDD7F7201440
BA03F0053FF8FF
F60270039FF500
57FE100C7FF17F
2400600A5FE100
6C019801FFE27F
2103C8011FCEFF
09FEFBF9402EFF
51FCDBF9B02900
FC004007EFCFFF
F803D00BFFEFBF
69FD7BFA000040
0E00B4051FC97F
F402B0015FE900
1BFDFFF7200B7F
12FCABF7BFCA00
A9FC27FC9031FF
B9FF3BFF000D80
4A03000ADFF77F
5802500FFFD97F
5BFFDFF5BFD97F
F0030802FFD1FF
87FF70087FD3FF
5FFC30057FC8FF
4AFE47FCE00E00
F400A800003600
3C033009BFE400
5603600CDFFA7F
8DFE3BF1F01140
D1030806A03CFF
2FFC47F0403580
49FD2FFF200680
02012409AFE500
BBFE67FFE00600
79FF07FA102D80
3EFCFBF8603EFF
580007F33FD0FF
E1FC9BFEC00F80
16FDBBFC400BFF
5EFE2FFF901700
6203200A7FE77F
A003B00B9FE7FF
AEFF3BFF401200
C602A8057FF6FF
22010804DFD1FF
BAFF77F78017FF
280204039FC8FF
3EFDDBF1802000
E003AFFF1FFEFF
59007809FFF2FF
8EFE5BFBC037FF
D0FC7BFD202180
C2FF8BF83FEA00
46037001FFCB7F
6200A807FFE9FF
5203240CFFFC7F
C40358015FE2FF
49FC07FB800300
5DFDFBF87FFC80
75FEBBFFDFC700
8FFE6FF7000A40
1A01900F3FC400
7002300C9FD600
E2FEFBF1A03B00
5A01F0024004FF
76FE93F7200D80
60016806DFD200
460068029FF1FF
1E00EFF0C03FBF
AC02680F9FF2FF
0CFED7F0400D00
3803A00FBFF300
4AFFFBFFE003FF
84FDBFFD7FFF00
8EFD5BF3601F00
E0012409801B7F
81FF8FF6202FFF
7D00D00B5FC6FF
19009FF9FFFFBF
B60198017FC77F
69FDE7F2C00B80
B6FEDBF0E01C00
FEFFC7FF203180
79FF67F5A01600
D2FD57FD7FD500
5401A403DFFCFF
EC01D0061FDCFF
B5FD37F4803E00
E003900CDFD1BF
7801EFF27FEA7F
91FC57F2A02900
EAFCB7F1103C00
00011404DFC4FF
780050071FCCFF
92012806BFF5FF
C403FFFE6FD1BF
95FCC7F2500100
B802140E5FE2FF
F601B80EDFEFFF
B7FCF00CEFC7FF
29FFBBF8BFD300
9BFD2FF23FCA00
CC03E8062FF2BF
70FDF3FD900180
05FE140EDFF07F
A4FCE7F4200580
76FFAFF3C03900
04024806BFF880
D800EFF2802AFF
2203280E7FEC80
DAFF0FF9802040
3C0210015FF9FF
920304069FDA7F
C202180EAFD0FF
C500B800BFF37F
1EFCFBFC203980
9100FFFD2FC400
9EFE67F1801D00
EEFDAFF5C03FFF
DFFE5FF89FEB7F
A20298053FCB00
05FCA003C009FF
3CFCEBF3C00180
BA01E80F1FEA7F
91FEFBFC100C00
9C030802BFFC80
37FEC7FE402C00
C5FF4FFDA034FF
9FFD94035FD9FF
3A03B003FFFB7F
DCFEB7F2FFF900
41FF97FE800E80
2CFF4FF1601080
8002A40A3FFE7F
06029009DFC7BF
630177F6803CFF
34036FF06FCA00
DE0204087FF1FF
3603880BFFF7BF
880324009FFB7F
A9FFE3F93FE680
35FD0BF8201C80
F9FF17FCFFDA00
2A01FFFC5FC1FF
6DFC33FE2012FF
C6FE3BF25FE040
3BFE280E2FD400
E902180FDFE900
BAFD7BFB003500
F6FDE7F7200780
0102480ABFC1FF
A1FE3BFC1FF000
5001F0057FCDFF
B6FC87F7400E80
2801B401EFFF7F
1EFCA7FDC03D00
5200A0069FD040
E1FCE7F87FE600
D0FFBBF6A01380
12FF4FF2A017FF
F600F006FFE9FF
49FF87FFC03200
6EFE47F1B032C0
80FC3BFB2030FF
E403600B5FD0FF
C8FFD3F82014FF
FE037FF4000DFF
540058081FC07F
5AFF6FFAA00D80
3100B80B3FD900
D203E00F5FF3BF
01FFF7FA602D00
DEFDBBF6401040
D9FF07F2101480
4AFD3FFC800400
6A02000B0033BF
8DFD07F9000400
42001808BFD300
EEFD37FD203AFF
ECFDDBFC802700
9AFE0FF7403C00
79FD77F6C03600
11FD47F0E01900
41FD97FF601000
97FFBBFC7FD9FF
6FFE70087FFA7F
15FEABF43FD980
490168051FE3FF
8BFE77FF202F80
EA008806FFF8FF
80FD27FC402280
F1FD0FF7600280
7B7C57F7FFD100
4AFE07F4200900
CFFD100D1FD1FF
36FEE7F0903380
24031FFE5FDCFF
12FEB7F3FFEF00
09FC37FB403400
9C00E005DFE47F
1C02200C3FD900
DAFC27FFC00EFF
63FEEBF9800040
49FE7BF5E01700
1201700B9FF17F
A2FCE7FA200080
AEFFB7F4402080
91024FF7EFEB7F
580020045FC000
B2FFBBFC203740
E203E80DDFD17F
EA02D804BFE17F
95FD0002C01D00
E1FC7FFC401900
EA025009BFD6FF
3BFFFBF6201680
9E02F805803D7F
AFFFE801EFCA7F
E4032806FFF2FF
C4010FFC5FCCFF
8FFCF80C5FE8FF
4801880DDFFABF
11FD07FB801D80
3C03880F9FC3FF
3EFF5FF9601C80
89FE6BFDA00C80
34FEFBF1C03D00
82FC47F7E03C80
AA0070057FD3FF
6A0277FDAFFF7F
3FFC8406C01AFF
2802B80000377F
0CFEF7F73FF700
1A00D80D3FC9FF
0202600BDFC2FF
340018009FF07F
F003800C6FF17F
AA0348023FD5FF
7EFEFBF4C00280
4EFECBF5C02280
A00080025FC0FF
4DFF3BF2900F00
4A0320093FEAFF
CAFC4BF9203500
A2FFCBF0C02BFF
40005BFCBFE2FF
76FF37F2C03FFF
9A0098045FD3FF
27FF4809AFECFF
3EFD13FFFFF1FF
B800500B5FE4FF
9DFEC7F4102C00
EEFF7BF1600580
6E0008089FDAFF
0FFF57FD601200
5A0110095FD200
B4FDCBF0A001FF
D1FD7FF5A01CFF
D9FCB7FFD03D80
D6FFA7F7601280
A400580FDFC8FF
42FE87F8FFC3FF
55FC3FF3401F00
FC005802FFFE7F
E4FC37F2201E40
5AFECFF2803B00
41FE17FB603980
F402D00F2FDCFF
A9FE33FFC01880
9800180E3FEEFF
61FC57F1101580
BC03C80DDFCD00
D2FD9BF2900600
180204017FC47F
33FCD7F7203380
1EFE13FEC03800
56FE77F4601700
700150031FFA7F
B2FE47F0901A00
EDFF07F6A037FF
D3FC53F5900700
380100036FECFF
ACFE73FA600080
87FCCFF89FFDFF
9AFCAFFE401D00
2FFFB0025FD77F
EE00B0039FC500
F9FCFBFD4011FF
BFFED00E5FC3FF
5DFD27F5203480
CD039FF49FFCFF
C4FC87F73FFA40
8E024805AFE000
250180011FE17F
DC0008001FCB7F
3602300B7FE97F
9BFFD7FA201780
91FDB7FAE01680
41FDDBF0C03300
8401C006002E00
41FF87FD403BFF
B4FC87FEA00F40
7A02B007CFC97F
CCFD1BF4502280
2FFC20016FC37F
120340081FED7F
9BFCDBFEA01880
8801D0021FF8FF
9AFEDBF3103A00
31FC27F8203580
6AFF0FF7E03E00
7FFF0807FFDFBF
F2001808DFDC7F
72FD1BF37FE3FF
99FC37F7402A00
D1FC17F0602580
50FF67F1E02280
67FDFFFEEFD1FF
FC00280F7FC3FF
29FE67FAFFEC40
61FF6BFF600700
66FCF3FA20337F
6DFE6FFBE01E40
7C015FF62FF47F
1C00A80B9FF4FF
86FD0004403840
89FC17F76027FF
3FFE9FF71FD37F
B4017FF5BFC37F
4E02F804CFE2FF
83FDDBF1E00DFF
9F7ED3F6203540
CEFF17F5202E00
0A03740F5FC27F
E6FD57FFC01C00
BEFFDBF2400E00
CAFDE7FC400EFF
FEFD2BFF200180
8200A80CEFD4FF
25FD07FF602300
4EFEEFF6601480
7AFD07F7803280
89FE33FB0006FF
26FC77FBA01080
5EFC37FFC03A80
30030805DFC5FF
C6FCAFF3A03980
A3FCA7FF202E00
5CFC1FF0601840
B400A40A6FC8FF
DAFD07F9402DFF
B00120087FE9FF
700230066FC100
CE03A40CDFCE7F
7602D00F7FFF7F
BEFE4BFF003A00
A1FD57FE7FE1FF
75FDE80FAFF07F
99FDE7FE600E80
02FCBBF6602480
800308053FFCFF
520338097FFB7F
B6036809DFF97F
EFFFBFF4DFD97F
D0FF3BFA001B80
6AFF27F3403E00
BC008804CFE380
B3FDA802DFF0FF
83001FF8EFDFBF
88FCE7F0BFD800
05FDFBFEA00800
4FFFD0047FCBFF
73FFCBF7200EFF
7C00700F7FF5FF
76FC77F2C01300
AAFD67F5203180
E9FD4BFE001300
CC005FFB9FC2FF
E401D00D0010FF
7200B8056FE580
4C02E00A3FE400
9EFD3BFA2010FF
5FFC4FFAE02A80
CE037002DFCBFF
8EFEFBF4202600
2200CFFE3FDDFF
51FEBBF32019FF
4A01A00FEFFF7F
6503700E001C7F
320028012FEDFF
E60250033FCFFF
1AFE7FF5003200
3A03540F1FF0FF
3E03D000BFE000
A400C40BBFD97F
660304065FE2FF
95FE10019FE7FF
12FE6BFC0015FF
2C0270077FFE7F
C9FCBBFC403780
CCFDCBFA401B00
4EFDD7F1200E00
C803BFF05FC77F
94FCA7FA802480
4802E0087FECFF
0FFD57F1501300
71FD17F67FCB80
240290047FFCFF
72031006003500
2A0188067FF4FF
25FE37F4203400
CE02680B00297F
2200300C002FFF
21FF6FFFFFC840
CEFDDFFAA01100
C7FE040B9FD000
36FC47F1C02480
49FE9BFDE028C0
E20318075FC7FF
74013FF27FCCFF
7102B808FFFBBF
4EFE37FC1033FF
D40168002006FF
FE02E80CDFE000
78FEA7FC401000
73FCCFFC60137F
DBFF6007EFF4BF
0AFC8BF1500DFF
3401500C002F7F
7401300A803600
D9FF37FFFFE7FF
8202E0092FDA00
9EFDDFFFC02B40
42006FF1EFEEFF
11023FF0BFFE7F
120110086FC6FF
8800C80DBFC67F
7203F80E5FF27F
CDFEABFA001CFF
980048078029BF
46FE97FD803600
74014FF61FD600
F6FC57F6A02E80
95FF33FA403D00
8C03B00F7FF3FF
68007000DFF7FF
EEFF23FC400880
C2FF3BFBFFD37F
C2FD6BF3101300
5DFC27FB802800
56031801EFC400
19FE97F8BFCC80
0AFFBBF7202C00
BAFE17F8401240
BBFC940C5FFCFF
D4004BFAFFC080
BEFD0BFDE00040
DA0260009FD87F
78037FF73FFD7F
3A00F00E5FEBFF
0103E80C9FFD00
B100C009BFC000
11023FF63FE400
2DFE9BF2A0377F
9FFF800ADFC57F
2F7EEFF2002900
7AFDEBFC603740
E000E0067FEAFF
46FEF3F2BFE680
95FC9BF1801D80
A6FD1FF4A022FF
B603A80E5FF9FF
AE0070058FDF7F
C4FD5FF2003800
3E03A8009FC280
8EFCB7FD502B00
C1FDBBF5101000
7EFD1BFB7FC1FF
1FFDC8081FC7FF
3DFE07FB600F00
19008C0ABFD3FF
3C03C8097FE600
5203880ADFCFBF
A9FD6BF0FFDA80
11FEEBF9C01A80
A00188007FD5FF
37FCC8006FC680
6002C3FE400EFF
D5FE9DF8203680
8BFC1FFD1FD0FF
8402FBFBBFC1FF
3EFDDBF17FE480
58FE67F6702300
8BFCAFF4403100
6A01A0079FDB7F
FAFDF3F87FC980
5EFEC7F8C01E00
45FFFBFBA00A80
C3FEE40A3FD0FF
DDFCA3FF001D80
D600080E3FC97F
C103180CBFDCFF
9CFF17F7001380
11FE4FF6C029FF
F6FE4FFA402100
59FFCBF0203E80
B1FD73F6A01BFF
1803080A4035FF
24FC37FDA02A80
9000BFF05FF500
CBFF3FF0C03E00
F3FE9FFDDFC17F
A4021005DFDEFF
29FC37F82002FF
BAFDBBFD602F40
76FC13F4603E00
86FC73F8201480
1C00B80D6FE0FF
EA0180057FF900
DCFC4FF6FFF700
7C01E8056FF37F
1402D7F29FF5FF
C4FE07F8902D80
577E47FFC01600
0DFD9BF7203200
62018FF44FD9FF
DDFFABF81009FF
B102C80A5FDE7F
B9FCEFFC800900
9E030FF0DFF3FF
1802B804DFC1FF
B6029008403EBF
4BFDA7FA4000FF
BA01AFFCDFF77F
87FCDBFF203500
22032FF03FF6FF
960220093FCFFF
8FFE900F9FF0FF
7800F8019FDC00
FA0090002FE37F
D201DFFFFFC47F
F401A808FFDA80
12FECFF1E023FF
C900F003DFCC7F
46FC7BF2A03680
26019808EFC87F
46FFF3F5200700
ACFD07F1400180
89FCBBF6FFD800
B1012808EFD07F
50FF8FFAA02DFF
2103A0091FCCFF
4BFF3807BFC200
07FF00079FD67F
090178023FF3FF
D4005809AFDE7F
F1026FF95FCB00
A001A00E5FC7FF
C3FF27FE500B80
2DFEBBF8402400
CBFC77FCC01FFF
B901E009BFFCFF
FEFD97FFC00980
5CFC8BFAC03F80
B803A40D3FDF7F
2501E80EFFC7FF
E40350055FD4FF
1EFD77F6A01D80
38FC47F4100400
0AFD1FF3C03380
65FD07FA000700
36FE17F8E01880
D2FCB7FF203540
21FD77FF000F00
C4FEAFFCC009FF
8C03FFF51FDFFF
E5FDD7F5103580
57FCCBF17FE000
2C01280BEFD5BF
A2FE87F8201300
6100E007AFE100
22FC2FF6003F00
F50278022FE7FF
0600C4056FE100
CA03400C3FE57F
60017FF6AFFC00
96FC4FFC900980
E6FD8BFDA01B40
35022FFCDFF900
4EFDBFF5603500
CFFF800FDFF6FF
D10160067FC700
D6FF67F2600580
FAFFABFA601C00
39FCFFF9A02880
0101080940157F
4A0298005FCC00
91FF57F8BFF000
E101180F5FEB7F
D2FE33FAA03700
400058023FD1FF
A6FF5BF5003780
FE00200F6FE6FF
55018404DFF5BF
31FC27F2A01080
9CFE33FD3FE000
8A027FF880057F
877D37FA4026FF
2EFE3BFE500200
3EFD97FA1037FF
ABFED7F4FFCB00
D4FDE7F7000B80
65FCEBFC403580
52FF97F4402380
7803C00E3FD400
E800C8079FCEFF
CDFCB804BFC7FF
EBFC10097FEEFF
CEFCB7FC802480
D7FEEFF1003200
A6FE3BFD400600
3AFCABF72023FF
0AFC77F0203980
5EFE8FFAC00E40
90FD33F17FF040
7C02D001BFE0FF
2CFE6BF3A01380
AFFD07F4000A80
07FC57F4100E40
FA034804DFEE00
7FFEF7F1903140
0203DFF25FF0FF
2DFFB7F6401080
B8FE5DF1803F00
4EFE4FF7C03A00
1CFC7BF6FFE700
E9FFB3F8FFD9FF
DA0170001FE800
5EFD9BFDC00680
C1009FFDDFD27F
BFFDE8096FEB7F
1EFC6BF0FFC800
23029802FFCE7F
7EFDC7F3600B00
82FD3BF55FF600
3DFDBBF4C00280
6C00DFF43FE1BF
7200B8007FF77F
F602E8055FEAFF
16FF87F4801500
58FFABFA603E80
5C030401FFC000
D1FF6BF7C00E00
62FFEBFF801BFF
49FDE7FC002D00
AC039808DFC8FF
DC004FF48020FF
C9FC37FEA01D80
DC01C00A8FE900
E50210017FC300
B8FFEBF53FE200
4C00D0069FFA00
3EFC47FD0001FF
C8021002BFCEFF
6BFDC7F7883640
13FE07F87FF200
21FDAFF5203E80
5C012404DFD17F
18FCA7FD802E80
B7FEC8049FF0FF
F6020805DFD1FF
1C03A007BFDD00
A200DFF43FCB7F
710028089FE600
800137F5802700
F002FFF43FF200
D0FC4FF5FFD880
A503D001EFC97F
6803900B6FFABF
0601C8035FF8FF
A801FBF1001DFF
AA02800F5FE9FF
E102880E5FFB7F
69FFDBFB502400
6203640BBFD4BF
1AFE1BF9E00500
EC01380BC007FF
F5FC3BF4C039FF
3C00840EFFE1FF
6202F00DFFCF7F
3CFDCBFC203B80
3900E4029FECFF
37FFFFF31FE400
84FE73FC800700
D0012008A01CFF
8202F0037FED7F
3200500D6FC200
6203080DFFE27F
8EFE57F8C01D80
B60184087FDCFF
14FF27F23FF940
1EFEF3F9E01500
280370035FEEFF
49FDD7FD201C80
34FDAFF2AFFC40
E502200C0FDBFF
76FC77FA401E00
6EFD33F0A00140
940240036FE9FF
61FF4FF2801480
4EFEF7F6C02080
35FD77F8C00FFF
B000500A5FEE00
BAFCC7FB201200
79FF97FBA02880
83FC6FFBD02E00
4402380BCFCCFF
EBFD0FF7000F00
4400F806FFCF7F
1DFC97FF802F7F
CBFEFBF7102180
B9FFB3F9802D80
4CFD37F1C023FF
E603E00D5FCA00
B601080A3FC6FF
94FF3FF3002E80
C2FEDBF1C03F00
44036FF7EFD3FF
4602A800DFD380
E1FC1BF8A00900
53FDD0065FCA00
F200880BBFF97F
C6FD8FF1003700
100228019FDEBF
69FCBBF43FC900
4EFF93FC900300
3EFE4BFEA02300
3EFD8BFE800BFF
DC00E801CFE77F
25FD27FBA00300
E403600D3FC000
59022003DFE67F
48FE0004D03780
AE03900EBFF2FF
B802A007AFD4FF
73FCF7F7A03900
9601500C1FCF7F
FEFC0FFA801200
AC033001AFD2FF
680278048025FF
DA03240A5FD4FF
4EFF23F4600480
1FFFEFF0803A00
9FFDE8045FCBFF
0FFFDFFCAFFF7F
B8022008002200
39FEEBF3BFE000
CA018804DFFFBF
4601440DBFEF7F
2400E001EFCB00
AA029804FFC9BF
1AFDCBF4C00440
59FDFBFEFFC380
E9FD6BF3C02BFF
57FD97F1000300
57FEBFF5EFD4FF
FCFCEFF5403880
E202680DEFDCFF
1A03380EDFE2FF
E603240C7FC600
F3FCA3F2802080
85007805BFCFBF
4BFCEFF1602140
36FD37F3601DFF
DA01600FBFD17F
CEFCB7FD803400
A2FD67F7FFFF00
7E0038025FD000
6100E0025FC5FF
FDFCD7F34001FF
FAFCABFA803A00
67FF600A7FDBBF
8C03B00D5FF9FF
DEFF1FFC602600
F5FF7FF9903D00
4801C80CBFDB7F
FCFEFBFFE036FF
81FEEBF2402080
9102A8026FDAFF
BAFD9BFF200800
4C00080B9FD9FF
6603680FDFED00
7E01E803EFD7BF
7C02DFFC9FD600
0E019806FFC7BF
3C01A0009FF17F
42FD1BF2C03480
F0FEA7F1200D00
8A02100D1FE47F
6DFC50005FD4FF
56FF2BF6C0297F
7900680D7FD5FF
FDFF97F8C01080
DEFEFBF2C03B00
3102880C3FCD7F
7203B80BBFE0FF
07FD5BFE203900
66FC77FFC00040
9203A808DFD97F
61FF0BF6C00400
DDFE1804DFD5FF
1AFD2BF8603100
F400F80B9FC37F
67FCEFF86FC8FF
F9FCDBF5203800
4EFF9008603E80
46029006BFE57F
75FE0FF7E00800
D401900BAFC700
9800900EDFEEFF
AA009804001BFF
25FEC7F4BFEB00
4C0398011FE6FF
7DFE77FCC00300
71FD2BF6A02080
020018031FDFFF
700077FCEFC27F
35FDBBF8A01980
BC01B0047FD4FF
4FFEBBFEC03000
6AFD97FD5FEC40
580188096FEFFF
BCFE5BF6B00280
EC00E400FFE3FF
A3FD57F14017FF
DA0373F8C02C80
AA01BFFF6FFB00
43FF57FEBFD700
0202AFF9AFEC00
69015003BFDB7F
4C02040B6FC5FF
16FEB3F3200000
99FF2FF9FFF280
9003380BFFC4FF
04FF1BF3C00D00
7EFCF7F8803400
7AFE4BF04035FF
FDFD8BFD603300
29FDD7F0900F40
FAFCCFF7003B00
EEFC8FFF400500
2C0220075FC17F
B40237FD40257F
ACFDAFFB001880
45FCBBF1202600
7EFFD3F6A0137F
21FF07FD103D80
3803A8009FC3FF
DBFCEBF6D00900
85FE87FD7FFCFF
0402DBFCA00900
7BFD17F3003480
B40120041FD57F
6A0060024FFEFF
DAFF97F4200FFF
1BFC7BF67FEFFF
0C00600FFFCBFF
3CFC33FCA02080
6DFE6FF2800E80
BEFC5BF5001F80
17FF37FB403D00
D80148039FE800
02FFDFF4102480
7AFEBFF1FFD000
6EFE57FB60057F
4000DBF7E02100
8203240FEFCBFF
61FEE3F2A02700
B0FD67F89FCBFF
E90278006FD8FF
59FF7BFD602600
51007007EFC900
5BFF6408DFC7FF
FEFD6BF4202500
CEFDEBF6E014C0
43FD97FE600300
F2026007EFC600
610268005FE0FF
65FD77FF203BFF
EAFC67FA103A40
AEFC67FE602880
DBFC8FF5C01F00
C40018009FCD00
81FD47F1202EFF
8EFF57FBC03880
CA00680B7FE5FF
BFFE8007BFE2FF
E50188017FD9FF
7900F0085FE3FF
86FEC7F5601980
92FF27FFD01340
42027808DFD800
63FECBFE002D80
B801A4035FF3FF
5AFE73FDFFC580
E40228077FE0FF
1C01900C9FC000
B5FC37F1400700
7403D00F9FDB3F
2F7F3FFEA03E80
D9FFF7F5403100
7CFF2BF4201A80
E80248077FDE00
66FF4FF4FFC300
5AFD67F4100180
FAFCF7F1200680
95FE97FAFFD080
F1FD17F78037FF
5C01EFFB9FFAFF
5AFEABFAA00FFF
8A03D00A1FE87F
78FD47F6A03900
45FD68025FC2FF
9101B0023FC9FF
4AFE37FA202140
3C01C80F7FDAFF
7FFEC40C9FE7FF
D2FE17F9003A80
7FFFB007FFD0FF
2103200ABFE3FF
FA00E8025FFBFF
F1FD1BFF8018FF
D7FE38083FD4FF
CBFD2BFB6007FF
DEFDA7F27FF880
3C0398091FE87F
21FF67F4200580
B8FFEBFC502C00
F0FC8BF5600D40
1C00740E9FC800
66FF7BF80011FF
D60348023FDFFF
AAFCEBFA202880
3AFF5FF27FE3FF
55FC4FF0E0257F
8001B0023FC0FF
3AFC9FFA7FD680
A1FC7BF5FFE380
EAFF73F0401580
3C027FF8DFC600
6BFF67F3A00080
EEFCC7FD401780
AAFCB7F8C00E40
F1FE67F7102880
F4FE07F6FFDC80
BCFEC7F7400B00
D2FCDBFA000900
AE03EFF39FFDFF
D9FDEBF38038FF
5901C80E9FD3FF
93FFB7F7403140
5AFC4BFA203E00
3EFD8FFB800200
C5FF07F1C02700
DC00C0056FF1FF
0C01100E3FFDFF
57FDA805DFC77F
D800500F002BFF
F103B0045FEEFF
71FF77FF402180
82FF4FF1600900
F00070023FF87F
D5FE77F2201400
6400D00F3FE900
1A02B804BFE17F
DAFCC7F5FFFD80
56FF17F36003FF
76002805BFF17F
9101E806EFFE7F
F600C4055FC0FF
CA0234083FE200
AEFEDBF2503500
34FFAFF67FC500
3102A80B7FE57F
61FF07F2C01A00
2EFE77FFA0077F
7801500A3FC4FF
D5FC8FF5102F00
F77D8FFC402200
99FFD7FEFFF500
B1FE93F3FFD1FF
56FCD7FBC015FF
35FF2BF0200F00
FAFEEFFF602980
7E03F802AFF57F
0A02DFFA5FCA7F
55031805C015FF
26013006EFCB7F
63FFEBFB603800
41FCABFEFFC600
EEFC9BF6303100
91037809EFFB00
7EFD8008A01F00
9EFE8BF87FD880
C802C4019FEA00
55FEDBFA202E80
4AFFB7F4403A00
8D0060095FE97F
E3FF17FEE010FF
36FE8BF24012FF
E00030075FD6FF
4C031001DFDAFF
6001200D9FC2FF
66003FF03FC97F
8C034BF41FFBFF
F401AFF19FDAFF
3EFDF3FF400280
8A00080C3FF080
480060083FF47F
1EFFE7FD803440
3602BFFADFD37F
1402BBF2AFF800
860310053FEAFF
25FCD7FF801900
D2FE87F3A00580
A5FC8BF8802880
F6FDFBFCE02E40
28007807DFFBFF
580004053FC800
F4003009DFEB7F
55FF67FF100900
F5FC90055FCD7F
78020005BFE000
31FFD7F3203900
8400100E1FFAFF
DCFF67F2C02380
25FF97FA7FEB00
6A02B00A001C7F
9DFC13F3100900
A1FCEBF5E00100
1402800DDFED7F
ED01C80800107F
AC01300A9FDBFF
41FDCFF0102A80
6C028802BFF37F
3E03B0025FE57F
980110057FFA00
70006FF600357F
F2034808402300
6CFFA7FEA02640
FFFD8BFCA02F40
B0FE97F5403F00
D6FD43F4401BFF
1202FFF67FE77F
AE00D008AFCA00
4102880F3FD800
AA03D80CFFEC00
6C02F009DFDFDF
8200B0027FF97F
B802C00DDFF37F
3EFD77F7A03480
F103200D9FFB7F
C4FC67FEA02440
6FFD30083FF1FF
4102E0039FC77F
ADFE0BF0C01880
7000B007BFFB7F
EAFEFBF3501840
7CFD87FC301280
B401680B9FD9BF
38FDF3F7A03E80
6C0008041FDA00
5E02C80E5FCD7F
CAFE57F7901440
59FC87F5200600
660148095FE480
2AFFE7F5402B00
5EFDFBF1C02A80
8600700EEFD4FF
BA010409BFF37F
60021805002200
51FC8FFD100200
4AFFFBFE103580
17FDC8039FE7FF
52FDFFF44033FF
29FEC7F1602200
A201F00E0021FF
87FDA7F6000DFF
CEFFBBF5603B00
A803480BFFD300
B6FF6FF6000700
93FD3BF5201740
E403080C6FC87F
5EFFEBFEA03A80
EBFFA7FC2009FF
1800300DDFD8FF
D00130017FC77F
DEFCDBFC002080
A802E00AFFEA00
4A02C80F9FD480
2EFD9BF9A00A80
3BFCC80700037F
8BFC84025FD97F
11FC4FF8400BFF
32FD97FF401A80
320014075FE37F
F003FBFF403E80
6C02C40B5FD6FF
2C0220059FD9FF
72FCB3F9103EFF
E6FE4FF8600B80
85FFE7F2A01280
92FD1BFA403880
FAFDD3F4202C80
8A0268097FE9BF
4EFCBBF4C03900
A202A40DBFEB7F
4201FFF4DFC5BF
B000A4055FD3BF
6501480ACFEC7F
ADFFB7F3FFFFFF
9A00A80DDFC3FF
5BFF3BF7FFC100
87FD080FF7D9FF
81FFABFE900D00
3E0130011FEF7F
01031005FFE77F
E401E00F5FD97F
5400980C9FE2FF
2EFE9BF9C00400
82007FFBDFCE7F
09FF17F1E015FF
DA01F0071FD67F
9C00980B6FD8FF
F7FFE0072FD9FF
DA00180F7FDEFF
7CFF97F9003A40
C2FC9FF17FD100
560038031FE17F
A5FD73FDE02500
EAFC2BFFC01680
37FEDFF31FC300
1A00A00F5FC17F
C9FF07FF603FFF
C203400CBFEDFF
1800700E9FD67F
BC03B80320197F
9C02600A3FFFFF
DEFFB7FEFFF300
ADFFAFF3501040
2003000EEFDF7F
31FEF7FE002E80
EAFD57FEB01A80
91FF23F2400480
62026809DFCEFF
2201C80F1FC07F
780384031FCD7F
1001500B00127F
69FFFFF0E010C0
F5FE0FF8E00EFF
4802C807EFCE7F
D1FF97F3100D00
2403F002C038FF
84037802EFD8FF
EC00BFF67FE200
2801500D6FD5FF
6C011FF5BFC57F
EEFD67F17FD400
6EFD87FE1005FF
DEFD7BF3601A80
ACFFD3F1402500
65FCABF8401B80
5FFFA807DFCA00
7103500CDFEBFF
5C005801EFE2FF
E6001801BFD8FF
9A01600DBFFCFF
80FEEBFB7FCBFF
1403E8042FC67F
B80278016FCDFF
DC03280AFFE3FF
340098023FFBFF
7803100A0014FF
5EFF17F4003700
01FD0FFD500D00
5802C80E9FFC00
3AFD3BF1BFDA00
0CFC07F6903480
2AFD33F1403BFF
CAFF07FFA00000
B402100EDFEBBF
61FF4FF5201FFF
6BFCD3F53FF1FF
DEFEE7F2A01FFF
3600E0045FF97F
B6FEC7F2A039FF
EA01400D1FC07F
DBFD27F0202A80
6C01400A6FD9FF
7EFDDBF2203380
36FEFBFB7FEEFF
E6FFB3F4A01780
E102F80E3FF8FF
C6FE57F4A013FF
5AFDBBF3003080
C7FECBF0E00700
DE015FFF001000
2A01B00BBFDC00
06029802BFD57F
F2018802001AFF
7800FFFDEFF000
FE0208077FC9FF
5E039802DFE3FF
F2FC4BF8A00A00
3A01680BEFD2FF
6E022001BFEDFF
0A03C8049FCB7F
01FFD7F5C00C80
11FC8FF1201180
DAFFD7F2402BFF
13FCC7F1A03880
85FFEBF47FF080
5203000F6FE2FF
F401B8047FE27F
C9FEA7F5400900
1E019806EFDC80
B20330065FC000
8A01C806DFD4FF
84FEFBF6BFE380
AAFFC7F0600900
29FE1BF0401C80
A60190078025FF
380318099FEB7F
AE0090089FE080
7603C0007FE8FF
AC037FF03FEFBF
4DFE7FFC1FC67F
8A03480EDFF5FF
43FC4402EFFDFF
1003D8069FFAFF
7DFEC7FA900000
F601E402BFCB7F
9603E80DFFF9FF
9A03EFF6BFF33F
0DFCEFFC202000
C40000091FDD7F
61FEC7F6403C40
92FC4FF5FFC280
76FE3FFB0031FF
77FEE00FBFDAFF
DCFF5BF6C0237F
3A03C801DFFC00
6DFF37FDE00180
F9FFB7F0401080
A201500F7FEE7F
6801D80E9FD5FF
DDFD37FEE00700
C9FD2BF07FED00
8DFD67FC001080
5E0274017FDCFF
12FCDBFE3FF000
860230079FF8FF
7C0047F9EFFF7F
D0013BF1201A00
A2028808EFFE7F
B401B80F1FFA7F
AA00400F7FD17F
97FF58011FF2FF
8EFE5BF1E03800
CEFC4BF2003280
63FFD0057FF1FF
120370039FE5FF
D40384055FD7FF
6E03C0025FFC80
1A027FFFBFE6BF
B8027FF17FF800
B201EFFAFFF200
22FF6FF5200D00
1201280A003B7F
CA0220011FEE7F
9800E8093FE27F
BFFE680E9FD47F
DA01C0094FF47F
02FDC7F1401940
44FF6FFD0009FF
4600680C7FD400
080070041FD17F
E7FE880F6FEC00
17FF600ABFF8FF
3A03900B5FCF7F
B8009008DFEC80
05FFD7F2403400
03FF0FFC203B00
D800480B801BFF
38FD3BF1C02400
560070089FFBFF
E400600B9FC4FF
C2FD3BF7C02280
8DFEEFF2803A80
89FCFBF7202E80
F1FD47F4E02100
D9FEF7FDE01500
68021FFBBFF600
76007804AFC67F
E2FD47FFC00300
67FF97F2C00F00
8FFDE009DFC400
EC027FFD1FF2FF
D0028808FFE47F
28FEFBFF400A80
7803680A002900
1402040DDFF880
D103C001BFC97F
42FD6FFF202D80
0202300B9FE200
AEFD37F69029FF
7EFE4BFF001C80
45FE3BFDFFD600
83FF9FF8203280
83FF57F7400A80
46024FF46FC5FF
D9FE8FF6500680
91FF9BFFA01500
79028808001F7F
A8035001EFD77F
CE010C02EFD4FF
B2020807DFE7FF
E4FF2BFBFFED00
3AFE1FF1201980
7803B801FFD8FF
ACFEA7F6801480
D000980E8016FF
A5FD5FFABFC8BF
77FFEBF2602C80
A9FDA7F0203180
7AFE67F9E01800
010140091FC6FF
28014400DFF67F
2000FFF0DFD9BF
3A00B00FEFEC00
59FFCBFCC00880
9401400CBFE5BF
32FEDBFABFC980
7AFE4FFB9029C0
07FF3FFF5FED7F
B6FEDBFC601A80
EDFDABF4401680
1C01F8076FFB7F
84FCA7F7801900
F4FC0FFA400680
E60298025FD400
40022BFADFD9FF
780010051FE7FF
2BFC30061FC000
83FCCBF0203BFF
0A0090031FFE7F
D501600FEFD000
BAFEB006002300
E5FE7800BFCC80
EAFC37F30029FF
6E03980D7FC400
A5FC97FF802180
9400980D3FCB7F
1403780FBFE0FF
C6FE23FBFFCA00
C3FC13F9A00B00
E8FC7BF1603F00
0403080BCFDC7F
EE0048006FC37F
69FEC7FEA00300
5CFECBF4E037FF
FEFCD7FDFFFA80
F003A0039FF07F
A403D8005FD17F
9200E80CBFE57F
2E00B008BFF2FF
3E019FF6FFD73F
220318031FFAFF
7C00A7F43FC180
D802FFF31FFD7F
8EFD4FF7E01380
E801D00D403500
0500F409EFD5FF
CC01D0051FD600
5E0310007FE9FF
F5FDA7F2203000
0402B00B1FDEFF
77FF8809FFCA7F
6902D006800A00
66037808003A7F
7E03040C3FC37F
CAFEEFF3600200
AFFF5005BFD9FF
3C00C00C4027FF
4602080ADFDD7F
8102280A1FE9BF
4103A7FA1FE500
D1FF6BFCC03800
8AFD8FFAFFE380
1600280E000000
52FFE7F7602FFF
DC02800CBFFF7F
8E01A8007FD77F
E203780B3FE57F
C3FF0FF0102280
2002980AEFD67F
03FF57F3C01680
FEFC1FF27FDE00
B6FE93F4E0177F
96FF7BFDE00180
7CFD27F01038FF
B203D004403400
5EFFABF3603C40
2901FFFBBFF3FF
41011405DFD37F
CA03180C5FFE7F
37FC3FFCEFEE80
79FCA7FDC00D00
46FFDFF02023FF
EE02DFFC5FDEFF
BA02500EEFFBBF
D800C4003FD7FF
8E0080039FC77F
72FC67FC001500
AA01380B00017F
F9FF5BF6203B00
0F7C17F75FF080
4AFEA7F3E01C00
88FC67F1C02240
91FF73F9800B00
ADFE4FF6E02800
61FE4FFC1029FF
EDFC87F4C01FFF
3AFE97FC202AFF
6801700C202AFF
8EFFF3FFBFFD00
0BFD9006DFCAFF
EDFD77F3A00680
E1FE8FF8400780
680318051FD0FF
C9FE17F2200E00
B2FFABF98010C0
37FEE80CBFCB7F
5C01300D2FD47F
5E023001BFD5FF
E202A803FFD600
3A01C804EFEBFF
C9FD3FF0400880
68FD400A7FE2FF
05FCEBF6A03D80
72011008DFD2FF
15FFC802EFEBFF
24016BF0C03200
A00217F6FFF280
F001A00BDFE6BF
C401BFFD5FEAFF
2402C00A1FD77F
FC027005FFFDFF
32FEEFFBC03200
24008FF6FFC2FF
9002D80DBFF3FF
F80218027FC280
4602A805BFE5FF
F5FF47FDFFF980
6CFE17F0BFE580
89FC17FCBFD080
C2FD3BF2A03A40
F200EC085FF97F
09FE7BF2C029FF
6CFC87F9102680
5EFE97FB403080
92FC07F7C03080
8BFC33FEFFE080
EE00680DFFDEBF
3EFF27F1600880
0A0268019FFD7F
FEFD73FF901E00
2AFDABF2403900
51FC9FFC001700
4202EFF43FC17F
200217F27FC400
5BFC38089FE900
480127F3202B7F
5401A801EFCA00
66FD27F7003540
12FC77F67FEDFF
86FC1BF1801B00
95FD37FDBFDF80
04027008FFD4FF
B3FE20007FC6BF
88039005AFD3FF
FCFE37FD902980
6FFC80023FFF7F
09FE3BFE200D40
7FFFB80BBFCC7F
F6FC37F8101E00
56FC5BFFA01E80
6601C003C02D7F
EBFD480F5FCDFF
1600640D4FCB7F
0DFFEFF6102480
DD0137F67FED80
96FDFBF0401900
25FEC7F2301A80
AA01E005AFE600
D603C0076FDEFF
C9FF53F5003540
00FF6FFE103080
C200D80DBFD880
8EFCE7FEE00080
8800D00B6FC97F
E1FE77FF402BFF
6E01BFF8EFFEFF
D6014004EFC57F
92FC47F8302B80
21FC8FFE901B40
8101B4057FF67F
AAFC77F8FFF1FF
FFFE680A9FC57F
0C0098073FD57F
DCFC4BFE600D00
2E00740F5FF2FF
8A031802DFE9FF
9600500A2FD27F
4903080CDFDAFF
16FF27FBC02A80
26FEFBF8A02C80
87FDB7F0C01800
61FE87F1A00CFF
FA01440AFFE37F
61FF07F0003240
94034408EFDD7F
E601A005C03CFF
92FD27F43FCE80
5E0198043FD8FF
09FEF7F6601700
F803F004BFF5FF
FE0120065FDD7F
29FCFBFB600980
3C035FF6BFEE00
EEFDC7F0101D80
EEFD47FBC01980
36FF0FF7D02600
D2FCB7F1901B00
FA0158036FEABF
C103F803BFEB7F
72FFB3F4403180
A803F003EFEFFF
4003FFF77FD17F
3501600A4025FF
89FFCBF0C015FF
A6FD67F6BFF800
BEFCF3F9A01DFF
2B00C80BBFE0FF
8C03F80B1FCFBF
51FF1BFB200B00
5C02B801BFE37F
7EFCB7FDC02E80
4AFD0BFCE02940
910060024005BF
BFFCA0063FE77F
DE0200085FC77F
EBFE37F0601B7F
5601A8039FD4FF
0E02E0095FE1FF
BEFC77FF402280
0201B00EFFCAFF
96FECBF6003B80
E3FD9001DFC97F
FCFF1BFA601900
A6FF67F2003E00
78FD67F7601F80
89FEAFF6502900
DAFCC7F3402B00
9AFEBFF4202B80
58038804DFE4FF
CA010009BFC1FF
4E006805DFEE80
66FD97FE4033FF
6E00A8069FE9FF
24034007801BFF
12FD9BFB7FFDFF
34FD6BF7200080
2EFD6BF4203980
C6FE8FF6A00940
01FE47F1803400
D8033FFABFF680
310348061FD1BF
CA00E8039FDAFF
16FC87F28024FF
3AFE000B603780
E202B802DFCA7F
16FC7BF6002D00
2C009FF2DFDE7F
E40158016FDD7F
68005FF7BFD300
41012FF2AFFEBF
D2027FFA9FF77F
55FE97F5BFDB00
5800C403FFD47F
31038FFE1FF8FF
FA0398096FCCFF
59FF77FEA03900
8303F805DFCEFF
C9FCF7F5600500
1CFCABF0801A00
81FCCFF67FE080
7EFFDBF1000F80
89FFA7FD401900
56FD47F9DFC900
F3FECFFE7FDC40
EAFFABF4001300
020120000013FF
440290079FD17F
3AFE2BF35FF180
BDFE27F20037FF
CDFCE7FCA02BFF
CE02140FFFEEFF
B9FD47F8C00E40
D6023FFA3FD7FF
1AFEA3FCBFC280
D2FE17F3800180
CBFF8FF9400680
5000C00A3FED00
CAFD87FAC02D00
05FEBBF7BFC200
7AFF8FFF601500
CDFF2802BFCEFF
D202880F0016FF
5DFD3BF3200600
9FFCD804EFE0FF
8D00880FEFC27F
13FCEFF9803A00
EAFFABFBA02500
57FFEFF2BFCA7F
3FFD58033FD67F
2A00A00C6FDCFF
21FCB7F2602C00
99FCE7FCFFC3FF
500298097FC17F
0FFF67F8601700
68021005BFD2FF
1AFDF7FBA01F80
3F7D33FB8003FF
A40038073FC3FF
E2FF0FF4501EFF
BBFCE7FD602F80
E8015FF11FE800
4BFD70097FFC7F
300328039FD67F
1200200B6FF0FF
74038006BFE900
36FF93FFFFD7FF
4DFDFBF9FFED00
700398075FCA7F
01FE6BFC202E00
EEFCA7FA201600
38019800DFE77F
A4005FFF6FC1FF
5501A80D5FD400
9C0008013FEA7F
D10178092FE0FF
0C00700F2FD67F
A5FC9FFAFFCF7F
31FD77F7C03FFF
8EFFC7F0101400
3AFF37FCC01600
52FE6BF7C03580
D603C8095FF37F
69FF5BFFA03180
5AFD4BF4202A40
8002D00E7FC3FF
9400A00A1FDCFF
BAFF57F2A02E80
F0FCBBF35016FF
F4FD67FA202A00
DEFD6BF47FCA00
4DFF7808001200
5903A006FFE6FF
080378021FD6FF
F402200EDFC9FF
99FFC7F6603E80
A1019FF23FFAFF
AC0230013FD9BF
C2FEB7F5201E80
6203EFFC3FD4FF
29FF6BFE101500
E603D007BFE4FF
5AFE7BF4002EFF
C400C000FFCAFF
3C018FF0FFF4FF
9CFE3BF4FFC500
5D03A80A2FE67F
E202880C9FFCFF
36FCF80ABFC5BF
F6003FF2DFC8FF
1CFCB7F3A01B00
DFFFF00E9FC7FF
7DFC5BF3D03940
6E02C8035FF600
7003280ADFC57F
C7FCD0007FCDBF
1201C008DFD5FF
92FC87F2600380
F600A009DFFF3F
75FF8FFAC01700
52FDB7F0E02800
A6FD47FD1027FF
0400100D5FEF3F
060048029FF77F
53FF67F8C03880
A4003FF07FF67F
1C03680CFFD7FF
3A00180F1FE9FF
19FC8BF1FFDC80
06FD5BF3003300
82002808EFE87F
6E01F0053FFC7F
32FF2BFBC02500
5EFDFBF0400F00
BEFD07F8101DFF
92FEE7F3282740
49FF2BF4A00800
E802A800BFE9FF
1EFEDBFEC01280
DE00C008FFC27F
D77EF7F5500700
0202B009EFECFF
E40018041FEBFF
E801C8053FCC00
B2FF73F90025FF
4E01000D1FDBFF
3E0288005FCE80
0C02E4083FC1FF
73FD17F7000780
73FE57F4A03C40
FEFE27F2601E00
EA0348012FCDFF
0BFD17FFA02300
63FEE4023FE3FF
D6FED3FABFDB00
97FCC3F23FC680
A3FFF806EFCC00
77FEFBF79FCDFF
D2FCC7FB40327F
6203A00F3FD37F
BC002FF02FC0FF
E3FFABFB001D7F
7AFDCBF6602B80
38FC6BF1E00200
700277F25FEFFF
92FEF3FF6025C0
680050031FED7F
52FEEBF5FFC100
240260085FC7FF
EA01400A0036FF
7FFC580BEFFC00
FAFD77F4FFE600
6DFEAFFF6FC000
11FD27FD801700
33FE4800001FBF
C6FDB7F2000180
2FFD9002FFF7FF
2AFFE7F7A00300
CA00680D5FFA7F
7DFCCBF91006FF
3EFFD7F14029FF
1803A8015FEB7F
DFFED8007FC900
26FCA7FFFFD7FF
F1FF67F5202040
82FF4BF3600DFF
8203F8045FFC00
6DFF2BF4202680
D1FE7BF5800380
FFFE480C5FD4FF
88015FFADFF87F
B401E0007FEBFF
4200E00B401300
2801B0059FDA00
3203EFF42FC4FF
C200F40F5FDC80
1C03A00EDFE400
640208016FC77F
60007BF27FDE00
B001180D7FC7FF
2A03C80F3FDDFF
7602F001AFC47F
EC01A0091FD17F
CCFD7FF1201A00
580218013FF6FF
A003880B7FC77F
1EFEDBF7FFC780
32FE2FF16000FF
3E03900DDFE8FF
EBFE7FFC802900
68FFC3FD903C80
EBFE27FF203C00
4EFF0BFAFFFD00
9DFE17FAD03680
72FE4BFC201FFF
3CFE47F49010C0
3A02780D3FCFFF
4AFEAFF33FC480
9FFD880AEFDBFF
1CFF83F1602D00
39FD3809BFFAFF
1C0180067FC9FF
21FD0BF9502F7F
19FDD7F1203D00
62FDA7FCE03200
DFFC48076FEB7F
010090083FCA00
FEFEBBF5E00FFF
6DFC87FD400280
58FD97F2601040
3AFCAFF1503D80
59FD1BF7A02480
C902F00FDFF47F
97FF780F802E7F
8002A00CBFFF7F
77FC300CFFC3FF
42FE7BF1002B00
22FD9BF7C02C80
810138013FF3FF
9EFD1FF5403380
44FE6FF2E00640
EBFE10079FD600
23FD53F5102580
D402200C1FFEFF
27FE900DBFCA00
26FE67F1A02880
F9FDDBFFA00400
AFFE700B7FCC7F
26FD8FFAD00580
0500440D9FE9FF
8EFE77F88020FF
3A00200D1FE0FF
95FDF7FB402000
3800FFF21FD9FF
97FF2FF6602600
4DFE6BF66015FF
41FDCFF7C00080
E100200ADFF47F
4DFC3FFFC01080
3E005FFDC008FF
A603C80440257F
27FDF80E7FE400
E403D7FD4FCEFF
86FF1DF8602800
6FFF640BEFDDFF
29FD1BF850277F
4C03F00BBFF4FF
1FFF2FF0203F00
31FEE7FFA02800
AC00180D3FE3FF
B6FF7FFB403200
C2FEF7FA602D80
DCFD6FF50007FF
FCFE4FFD001D00
6800800D1FD9FF
2C02280A7FC7FF
BE006FFAFFC780
01FE7BFC803A80
5BFEA80EBFCFFF
91FEF3FE400500
C5038808DFE500
9EFCF3FDE01380
3A03200FAFF2BF
32FEFBF0400D00
8001FFF1DFEB00
82029800EFE7BF
05FECBFE803640
34012001001D00
D5FD2BF82028FF
85FF6BF2003200
91FDF7F6401580
18FCFFF0803700
1200C4021FC47F
120037F65FD8FF
F40398095FCE80
C1FC7FF4001C00
9802580EDFF57F
54007808BFFDFF
26FEC3F5202900
FAFFC7F9A012FF
4500A807FFEC80
05FF57FB602300
E9FC53F9503800
73FEE7FA0011FF
86038006EFCCFF
5AFC6BFF801680
38FD8FFF901880
760190067FD97F
D8003FF2801A00
82017808AFD7FF
BC01180AEFD6FF
A2FD400B000FFF
A3FCD7FC102600
340058072FF5FF
21FE07F0800600
E6FCFBFAA03780
077FF3F3A01B00
BE0240094022FF
DAFF17F4903880
6AFF2FF1902700
9201700BDFFEFF
B901B005EFDFFF
E6FC0BFE800A00
8AFC3BFCE02100
5903A8031FD5BF
C201680D3FDEBF
200100069FE4FF
ECFF37FFFFFD00
49FC7FFB602500
EEFD5FFB603C80
E602EFF55FC2FF
37FFFFF8DFD2FF
D4010805BFDEFF
F801700CEFFA7F
62032800DFDA00
6400080A7FC2FF
36FDE7F6801480
81FF83F8603600
AAFC7BF8400100
C902C00AFFC07F
51FC9FF2901080
FAFC97F2602500
57FE680F1FF6FF
C20204049FDBFF
9AFF1BFF500880
28007FF87FDB7F
C50288019FF77F
06FC1BF5FFEF00
DAFE27F4103BFF
DDFE77F2D022C0
3A02D805DFC17F
FEFC17F8803300
F6FEFBF1C03680
6CFD07F6A03980
5A038407BFDAFF
56FE63FE002900
0001380FBFF93F
9CFC97F8A03680
EDFDC40D8003FF
F20028021FF4FF
F6FC7BFB101A80
5E0050095FFC7F
F8003FFB4FFAFF
8EFC27F5C03EFF
8A01E4024007FF
52FC7FF57FC140
A403980E1FE200
1BFD27F7201A80
1FFEFFF15FCF7F
8A026407BFF900
EC01EFF7BFE57F
98002803AFE27F
4C02A00C3FF9FF
B2FEC7F01019C0
C2FC6BFA401AFF
DA003806FFF4FF
15FF4FF1001600
9FFF780E7FCC80
910010091FEA7F
1203D0085FD1FF
8602D402BFC600
37FE44095FCBFF
E6FDCFF8903300
46FF57FD200680
9CFCBBF0403C80
820050014020FF
2A00BFF97FCAFF
8402080F3FFB00
7E03900AC02F7F
A202400F7FF3FF
5E014FF5002FFF
F4FC4FF3601B80
CA03F8031FD77F
76009406FFEF7F
5EFD0FF6602E80
A401D0045FD0FF
0E036FF8000D7F
6C00080CDFF9FF
5401300CFFDB7F
4A01D00FEFC0FF
5002B006FFDAFF
8E0130009FE6FF
C1FFC7F8C03F00
FC01D00E7FC7BF
BFFE97F9C02500
F7006000FFF4FF
2E033004AFD37F
380398020021FF
EEFF3FFAD00C80
96FEB3F5200080
5FFD0FF4601E00
2C002808EFD0FF
680244071FC0FF
7201080DBFC000
5003A004BFC97F
FEFCCFF3200B7F
B6FE17FFC02180
4401B00D9FC17F
2CFE77FCC01600
4A01480DBFFCFF
400150051FC87F
BC03BFFCBFF9FF
26FE37F9503B00
2601C0057FF37F
81FF07F78023FF
3203A8074FF47F
76FD6FFA200280
DEFFDBF8201100
81013001DFDFBF
CD007FF89FCBFF
D6FC9FF0803900
9201D40C7FD47F
2402540E7FF17F
FC00FFF5DFF2FF
8CFC6BFAC01100
8200BFF5DFE7FF
0003BFF79FD5FF
8EFFCFF3003980
5601B0080029FF
2C005008BFC8FF
920184021FD5BF
FBFDC3FC002C00
8DFD3BF8401980
98FEAFFA200F80
500068025FCFBF
7EFF8FF5FFD640
E20360033FF97F
A4FF2FFA103340
F2FD5BFED02500
28029803DFD47F
0403D001DFF400
11FE77FF6035FF
35FE9BFF6018FF
1100B00FFFE87F
1C00D0085FE47F
65FF3BFD902FFF
11FDDBFEC00400
B2FF27F20012FF
2A02380A9FD800
B2034008FFCA7F
09FDBBF2A03A40
7EFD27FFA01C80
56019807EFD800
A100480D6FD37F
BEFC5BF1FFDE00
BAFDABF5BFCF00
D200B0072FE8FF
6803BFFC7FE3FF
FF7F87F6402080
9FFF1BFA5FC800
36FCCFF5C03380
02FF3BF2C03240
71FE37FC202000
66FFCBF4002300
AC02C804400BFF
ADFE27F3A01180
D4FE67FAC01D80
DE0240062FE6FF
16FC27F3801DFF
060370085FEF7F
54021805BFF17F
B1FFFBF4600540
4E0150075FFD7F
37FD14081FF0FF
F0022004602D00
2603B001DFDCFF
1801DFFAC0107F
7DFCAFF5902080
3C01B0061FDD7F
E7FFD8089FD5BF
13FD93FA801CFF
F101A00A7FE97F
9203500C5FF47F
1602F000801EFF
36FE0BFE0020C0
220090035FED7F
3C0020063FF2BF
9CFF97FF8036FF
4C009003FFE800
D9FED7FBC01440
FC020000DFFDFF
31FCD7F0403080
0502280E402AFF
56FF17FF5FDC00
4EFFFBF8202040
A203D00D5FC5FF
CFFD5FFD9FD7BF
26FD27FB802800
92FD67FCE01B00
7AFC5BF6302580
B1FC87F0603580
0AFE5BF3000680
26FE2FF2003980
9FFD88043FE8FF
7002B00F5FEBBF
A1FD87F0201C40
7AFFDBFF001480
9E005005BFE100
51FC6004600300
DA031FFEDFE9FF
BCFDDFF87FEC40
EFFDC40EEFFBFF
B1FC6BF5203940
1102FFF19FC400
DFFEC00FFFC8FF
C00140039FC73F
FE03440DEFEE00
66FC2BF3D01E80
C001B008C020FF
99FDDBF5FFE540
A1FE87FCFFC300
500100015FCC00
49FF93F7702020
AE00180BEFEEFF
96FDC7F2A01800
89FF77F4003880
7602BFF72FCE00
4902BFF8DFD17F
E3FD27F4E01DFF
3EFCFBF0FFFC00
72FDABFEE019FF
5C0370093FEB7F
20007FF43FC47F
BEFDC7FB102F00
EE01080EFFCB7F
96011008BFD400
CBFC5003DFDB7F
D60090091FC5FF
A100B003FFDE00
54FFE7F8802200
DEFF17F7902D00
92FFD7F2200640
BDFF67F0C03900
AA011802FFFD7F
BE00C0050011BF
3E01800CEFEBFF
A003DFFE3FEE7F
0EFCBBF0601800
29FF07F7A02EFF
CC0238037FEC00
A6FC77FE103A00
0201580DEFC2FF
C000F0069FFFBF
91FD8BFCC03900
DEFD7BF0FFC300
F202080FEFD2FF
4200900CDFF400
22FD97FCA00A80
4FFC8405DFD000
4AFE4FF0E02CFF
3003680E1FF000
F400C80A7FC57F
E1FF77F8900FFF
CEFC9BF9600C00
11FCFFF4DFF000
F3FF8FF8C01780
F4012804DFF1FF
B3FC6807801BFF
42FE0BFE900B00
7801300400327F
19FDD7FD201600
050300043FED7F
F000980EBFCEFF
2DFDEBFDFFF300
9D00CFF7DFF400
F603880E7FDABF
9803380F9FC67F
5402A807A00FFF
7C03B40CDFD17F
85FD87F7BFEEFF
BDFDC7F6802980
9903C80B9FE77F
FEFDEBFD802880
F100E0099FE97F
4003A4054FF1FF
C4027006EFE100
240370006FD2FF
3C825FF2DFD0FF
A5FD4FF3FFCA80
72FDCFFBA02D00
0EFDA7F3E00A00
F60190033FD87F
8402500C1FF200
ACFF3BF67FC180
B1FC7FF0203BFF
5C02780CFFECFF
13003FF45FC000
05FE07FD601940
61FD77F6800500
13FD87F1002300
32FF1BF0602040
2802000F7FF3FF
6C03480B3FCE00
D6FCE7F9801200
F6FCDBF3200640
D3FF3FFA9FC27F
DC0144045FD3FF
3A031802DFF0FF
06037FFB5FE87F
9AFCEBF8A005FF
99FED7FD0022FF
9AFE7BFAE02580
4101C80B3FFD7F
1A012C07BFFC00
1BFFD7FCA00480
8A0248005FC07F
3FFEEFFA1FFE7F
0FFC48093FC27F
6AFCF7F8403400
F5FC27F1602DFF
280308055FC5FF
6E0118048002FF
9103C00B9FFB7F
6BFF4BFFA03300
D3FF57F3601A40
5A03C8067FC200
62FFB3F22029FF
06FFCBFE802300
85FE87F9902D00
33FE9BF9400280
9C03FFF79FC37F
C10308001FDBFF
17FED7F93FEB80
1202600D5FD5FF
5E03FFF29FF07F
F9FED3FC003900
E4FC27FD802380
920220098FCA00
1C03B0070027FF
C003300F1FFB7F
7EFF27F2803B00
23FCCFF3E01AC0
7802980D3FCE00
8A01300B1FDFBF
44FE2BFAC023FF
FEFD1BF1203200
D40260039FC4FF
23FEA7F1103900
59FD67F2400180
57FE8805C03CFF
11FEDBF5A00780
56FC0FF0D00880
2A02940C6FCE7F
88FFBBFAC023FF
7C03A80B1FCDFF
FD01D00D5FC6FF
B2023FFFDFEB00
4DFDC7F3002B40
F1FD27FE2023FF
D101A803EFD400
A002C004DFE97F
BBFFE7F7600E80
85FC27F3FFF3FF
22021FF8802F7F
B6FCB7F6102680
56FDCBF37FE500
D2FE5BF3000300
62032805AFE4FF
31022003EFF400
51FF5BF3603D80
6102C8037FE77F
DD02A004DFD300
9402E006DFC47F
6203100B1FE6FF
5001D7F18024C0
B7FF200CBFE7FF
72FCB3FAC00D00
A6FC87F6901AC0
5CFF07FDBFD100
11FEF3FB803E40
A001DFFA9FCF00
33FF8FFE3FD880
4C036802DFD97F
13FE000E3FC000
B200300BEFDD00
8402A0025FDC7F
6A0280031FDB7F
B00058007FE500
DA00C4043FC000
BFFC480E1FDD00
66FCD7F8C02D00
FDFECBF0201C00
63FF67F8103900
2D02580F5FCF7F
3C008C05AFC9FF
1B7CF7FB400B80
9201B8013FE7BF
5C03CFFC9FCAFF
57FF28079FD77F
54FD97F0402600
4EFE83F98019FF
84FFBBF7C02280
F901D00BAFCBFF
26012808002CFF
2C00B4009FE700
F5FDFBF1400C40
2EFF9BFE002900
17FCD00E3FC400
E802D0091FE97F
CAFFABF1FFE380
B60038091FCEFF
0EFCA7F2002000
56FDEBF62005FF
41FD7BF2000480
86FF77FE100680
81FFC7F4402600
0DFD3BFF203080
FEFC1BF7DFF880
4EFD3BF8E03B00
DA01C007DFFE00
3CFD47F8203E80
22FE3BF1403000
720108048037FF
8602B80E9FC2FF
6100B00BBFD3FF
0A00AC023FE5FF
EEFDEBF40023FF
79FD27F7003680
7EFFB7F5C02080
E6002800BFF680
B5FE4FF7201600
11027807DFE57F
F2FCDBF1001100
D9FF6BF0E03D00
38FFB7F5803180
65FCA005603940
46FEFBF67FC200
82FC07F0A02900
8FFD1405EFE9FF
3E03D006DFFE00
4FFFD006DFF97F
AFFE980AAFC57F
85FCF7FDE02880
2001300C9FD3FF
3A01B8041FF67F
FCFEDBFE202980
0FFCA80D9FC1FF
4602DFF59FEBFF
6DFFA7FF802980
D3FD1BFA902CFF
C003F7F23FDCFF
EEFE53FA601F00
0FFFE7FA402D00
C8FC6BF0401C80
080144007FD2FF
9501B7F1EFD1FF
9603000ADFF7FF
4BFDE7F4A02800
2602E000DFE7FF
B1FF97FC1002FF
BEFF8FFB7FCE00
0C03140CFFCEFF
C9FCE7FC803300
AC02780B5FEB7F
AC03700B1FF9FF
2CFE07F7FFCE00
3E030005C013FF
EDFD27FC800800
AEFF07FC2032FF
FDFE47F2401100
6DFD9BF2C01E80
920010067FEC00
A1FF47FA302500
34FFDBFEC01E80
75FEFBF4601980
C3FD77F0902C80
9003E401403880
88FE97F4800C00
2401F008DFFA7F
2101940BDFDEFF
2200E807AFDEFF
77FDFBF4201400
25FFCBF3A015FF
2F7E77FA201900
D803680A9FF4FF
8102F80DBFCEFF
76FD93F97FFA00
65FE4BFE803200
E6FD8FFDA03400
B9FF37F2BFF400
75FE3BFFA02440
C403C0025FF97F
3CFF3BFDC027FF
8C00800F1FDB7F
69FC2BFE201500
EA03E8091FF37F
1A02A4029FEFBF
FA01700B3FFCFF
17FE1806EFD6FF
9000A00F3FF2FF
7603BFF31FCFBF
4DFF27FFC03A40
39FFB7FF2005FF
FE00F00EBFCCFF
3003980E3FD7FF
7FFDB8054036FF
B5FC7BF520057F
ABFD77F9C02980
C100C8051FE57F
7202780C6FF57F
3FFFC40FDFE1FF
2C023FFF3FEC7F
020030046FF1FF
64003FF69FFCFF
53FE73F1C02FFF
29FDC7FB4021FF
610110067FECFF
F500380C5FCFBF
4800840E1FD67F
FA02A800DFF680
6E0338027FC9BF
920287FA3FD800
EE00180CEFDAFF
C203940ABFEC00
95FFD7F1802BFF
2A008BF49FDDFF
8402AFFC5FF5FF
09FEBBF6BFF600
B803EC013FECBF
A7FC780A1FFE7F
040208056FCF7F
977E47FBA00580
48019FFFDFD5BF
1C02FFF49FF07F
4600F80F3FC6FF
28FE3BF57FE100
F3FEE7FA600600
BCFC2BFBA00C40
E6FFFBFFA00FFF
09FCEBF5E01C40
B3FFA7FAA01380
AA003FFF40067F
9E025004AFF47F
0601B801EFD400
E402FFF0BFDE7F
56FCC7F5500EFF
55FD53F0400D00
46FE07FC600200
87FDAFFC7FCBFF
05FD37FDFFC300
AE02F00D3FF2FF
37FC4005BFC3BF
4000DFF26FF000
B1FF0007003280
140250037FD27F
E1FD04079FDAFF
9C000806AFE7FF
D2026803BFE2FF
BFFE80065FE1FF
47FDA3F7903680
FEFDF3F4E01400
52FDEFFCC03D80
5A03C00B80083F
C1FC7BFBA037FF
46FC77FA602E00
2901A806BFC200
6C020808EFF7BF
45FF4BFE802E00
A101280BDFFDBF
4401280D002A00
4EFC7BFC103740
D200200A1FD100
B9FEEBF1103480
D203BFFE2001FF
3AFCC7FB603840
21FFE7F6200B80
C4003803EFF7FF
2CFC53F4003400
DDFDF7F2E00280
01FD77F6601E00
DFFC70015FE0FF
460270023FCDFF
4CFE93F2A03480
62FFF7F7201AFF
FE02900EBFC6FF
85FC5BFF400A00
EFFF6FF9EFC200
71FDBBF1D00280
74FCB7FB002240
210277FC5FC57F
0BFFAFF8803300
B903B0042FCF7F
5EFD07F5802680
2E01500B5FC1FF
9A03780CBFC5FF
2902A0095FC67F
15FD47FCB03BFF
D6FC1008402BFF
E40200014FE37F
75FF1BF0000DFF
0801280E9FC1BF
01FF5BF3201100
36FF27FC603280
2C03B0057FF97F
A4FFFBF7C03580
F6012807EFC6FF
F9FD5BF3BFD380
8000BFFF5FD47F
A401800A5FDBFF
ACFCA7F5E03700
4601380A7FEABF
2EFFABF2A02840
4DFFD7FAC00240
9DFEDBF5000300
EFFECC036FD0FF
CEFE17F8400040
C5FE8BF6903C00
34FE07F4E01600
C8FC6BF64007FF
3FFFA808BFD77F
1AFEC00EA02D00
C6FFBBFDDFC680
1101800F1FC600
C202880B7FD100
4200A8083FDB7F
CAFE03F9400900
4903E00A7FD07F
3EFE7BF4400DFF
E6FE67F9BFF300
7DFD93F6200800
37FD73F87FFA00
900237F5601B00
3102A008DFE97F
4C00300D5FD3FF
91FE87FFC00040
6CFFFBF8400200
62039004DFF7FF
81FF6BF2800B80
78034008DFC100
78FF97F8001440
950230028010FF
E10060023FE7FF
F800880A9FD17F
C4031808DFDF3F
55FC0BF0002300
C20384097FD8FF
43FD8BFF1017FF
D4FE03F0000F80
00FF57F8A01E80
2201DFF67FDB7F
BAFE8FFB603080
4200D00BFFD1FF
040097FE1FCCFF
4EFEBBFE502800
540308003FD5FF
AE0170055FCFFF
6BFCA7F71015FF
86FE47F6E02380
A302180B1FE47F
0A004807002E7F
EEFE5BF1100980
F3FC2BFCA02600
4DFC1BFD7FF500
7203B402000200
2601FFFDDFD07F
94029FF4EFFB7F
EC00500DEFF800
5DFF6FFD203780
F7FFB80EDFC6BF
4600BFF140077F
04FCC7F4E008C0
940150065FE200
A80240071FD5FF
A202440CDFEAFF
520027F29FC900
4E01D00E8009FF
EA01E00E1FCAFF
EA0370045FFCFF
F6FD8FFC200640
B0037FFA5FE700
F4FF17F7801480
8CFE7BFA900E00
A9FE5BFF1FCB40
7AFF17F7402700
80038409BFF5FF
5EFC1FFF101C80
E3FC04006FF2FF
7A00600F7FE8BF
FBFC100CDFCE7F
B000D006DFE8FF
8C03640A5FEBFF
A9FC87F0FFFA80
16FF47F5FFE280
3EFC27FE101500
0DFC97F1C01100
69FF9BF0C01880
B203000B9FC0FF
4203A8013FF57F
C802D800DFCC00
14012805FFCAFF
020130009FD37F
520398003FF2FF
6C035004EFD1FF
62000000FFEBFF
0EFD8FFE7FC400
32FCB7FDE00E80
D3FEC40200107F
7E02B0013FC4FF
7802880EDFE87F
5201580EFFC200
E900FFFC5FFEFF
66FE07F9A03EFF
EDFE77F1903A00
2EFF87FF400700
36FC57F6E03080
7C00580CDFD2FF
3802A0023FD7FF
8C01FFF81FD57F
A6FFFFF1100100
33FCBBFDA01A00
DDFC97F9000A80
56FCBFF6C03880
BEFE7BF6C02F80
FEFD5BF8A025FF
4FFD48083FF5FF
7EFFFBF8A02DFF
3BFD38071FC7FF
93FFDFFBBFED7F
D1FFCFFCE00BFF
71FC97FAC019FF
44FC77F36025FF
5AFCC7F03FD400
94031000BFD2BF
F9FEEBF0A032FF
9000A80A9FC4FF
3AFF5FF6C03880
DBFCD8096FC67F
6A01C00B0032FF
E5FF97F0A01900
A202D8056FE080
BCFFABFAFFE880
777D1007203600
97FF57F9A00740
79FFBBFB003100
F5FDD3FDA037FF
D6FF4BF2803300
A0038FF5DFEB7F
F5FD27FDE03AFF
DAFC6FF6200700
F4FF4FF4FFEE80
ADFD8003200D00
F1FEDBF3203C00
C9FDA7F3201900
C80117FD3FE5BF
AB0088089FC47F
2C00400DBFF5FF
5402C4053FEDFF
7DFDB3FEA02F7F
9AFF57F2800980
2EFE1BF0A025FF
8201F0087FD7FF
93FEE7FD201600
23FE6BF1C01000
E300F00CDFDC00
4E03800E9FEBBF
7803840ABFD3FF
B2FC47F1201580
EEFCA7FF402900
3001B0017FE800
5FFC18037FDBFF
8C01E00B3FDFFF
74FEB7FE103FFF
2A03C00B5FE4FF
39FD5BF7800280
300377F8BFD7FF
46002FFA4FC77F
9402840C3FE37F
0801F80B3FFD3F
49029008BFD5FF
32FCFBF5400540
F8026400BFF1FF
61FCFBF2A01E00
62028FF55FF7FF
F4FE1FF2C01DFF
98007FF73FF7FF
4AFC9BF4E02F80
31FC6FF4002400
E8FD3FFB200C80
2601E4069FEBFF
5C010005DFFFFF
9DFF3BF2E03C00
02027FFDDFF100
DBFEE0069FFEBF
3C0078063FD2FF
96FD1BF2200D80
2C00500DEFFD7F
29FF2FFA903280
4901E0081FCA00
0200A4033FE2FF
F4FFEBF4FFCF00
62FF97F2201B00
B202C808DFDA7F
9CFC27FDA00200
EBFED7FC802A80
BC01B00A9FCF7F
68033805001B7F
41FFFBF87FE380
56FD5BF9603A00
F4031006FFCDFF
0601DFFC3FD67F
02FDEFF9002700
D5FF47FF203780
E403400C9FEA7F
0602C4069FD0FF
E9FD27FFA02C80
B2032FFD6FD87F
43FF7402EFF0FF
4AFDCBFCA03A80
1000140BAFF17F
F00040077FC7BF
1C0290061FE67F
46FD5BFE402900
9CFF97F1B03C80
54FD4BF57FD600
E1FD8BF7002040
8C024803BFD000
9AFDAFF2E02C40
C200D0037FDDFF
6EFECBF0803500
75FC0BF9C03080
54FFCBF0C03300
40037FF67FF27F
F403040580097F
1CFF4BF8800480
5AFEE7F4C03580
7DFD7005FFCB7F
7C00F0045FE400
460340029FCD7F
12FD6BFF101100
31FE67F6503A80
4202BBF2DFE87F
82027FF78FD680
32FF1BF3201D00
19FF5BF2DFDD00
A1FC0BFF401900
BE00880E5FFF7F
34FDDBF44000C0
C903100B1FCE00
B4FD2BFA7FD980
C601280A5FCCFF
FC026803EFE07F
87FE400E7FD17F
6103F409DFC4BF
22FC2003FFCF00
2300800C9FD5FF
94001007BFFBFF
D801FFF2EFED7F
83FF27F4E03FFF
03FC47F7FFC200
66FC17F1900A80
C2026009EFE6FF
BEFC57F5BFFC00
7A0168079FD2FF
FC0340009FCEFF
8EFD5FF4A02A40
15FFA7F6BFDB00
AA02E0077FFCBF
740190025FE0FF
EFFE60071FF100
62037FF55FE17F
9502A008AFFF7F
F9FD7BFFA03F00
15FEABF2E023FF
FA03A805FFDC00
99FF17FC7FD600
47FD87FF201100
CAFF37F5A03700
3C0100019FE4FF
DAFD3BF5303C40
7400E0063FD6FF
32FCB7F8601EFF
FEFC3BF7A02E80
77FC58049FFC7F
5CFDCFF0203BFF
D6FEAFF0C02600
D1FE9BFFC00E80
7EFD77F7201140
E2001009A00900
44FFF3F8000D80
F60010053FC3BF
BC02400B3FE200
7403FFF51FF600
FBFF50069FD57F
41FE27F3800500
13FC1BF2200080
7200980ADFC400
B0021FF93FE080
36FEC7FDFFE580
3203080A7FDF7F
2AFE4BF3801500
86FDB7F8601080
11FD33FE102A00
7502F8043FCE7F
97FCF008EFD7BF
32FE97F0800E40
2AFEEFF6C01E80
C9FECFFCE00D00
36FD9BFAC00840
5EFE1BF3C01D00
520377F6EFC37F
9BFF5000DFEDFF
F9FCEBFA8011FF
C3FEEFF2C02980
DC0188005FC900
25FC000B7FF800
DF7EABFE6FD480
97FC8803FFED00
E401D00DBFF6FF
16FD0BF3FFFE00
34010005DFD1FF
DE01F4097FE5FF
5201B00A5FCEFF
A5FFC7F0500B00
66FDBBF1801500
7A02600EEFCCBF
2DFC1BF9E025FF
43FD4BF8800300
DC004408EFDEFF
2EFE9FF6600BFF
B7FD18056FE27F
7AFF4BFA9020FF
BE03680600257F
7CFC73F97FE580
477E6BF4803E00
E1FD7FF0E02300
78FF57F0E02000
D3FFABF6402500
5DFC5BF8601F00
BDFC93F1803900
8AFEF3F8401100
9FFCFBFCC019FF
00FC3BFA401D80
CAFDFBF04019FF
D4037FF8401E7F
380348032FE200
71FE57F7A03800
220314005FDC7F
48005FF2BFF0FF
8001C0021FCABF
B5FC5FF8C025FF
CA0038063FECFF
2900F00D9FD8FF
7F7DA7F4301500
240048074030FF
F2FF97FA003100
34FD7BFDE02880
6A012800DFDDBF
C40368066FFCFF
EEFE37F6003000
45FFB3F2C00580
86030803BFE4FF
29FD9BF7203A00
08FD57F4600300
6601C8045FD900
87FEDBF5801680
79FE47F6201A00
E5FFCBF8FFC5FF
DEFCBBFEC01300
5EFC07F1800AFF
DA02B0006FDAFF
AAFEA7F8400EFF
D3FF9FFC20217F
C9FC93FC401F00
84010003BFF4FF
82FE3BFCBFDA80
2AFCCFF2E02480
F6FE7BF6401800
BEFCEFF0202D00
6DFF27F8BFF640
D5FCFBF6C01DFF
9CFED3F3403B00
6A02600C2FD800
C90018076FC1FF
A800E009003600
B6FFCBFE400680
E801A80A7FEFFF
B5FD97FAC00080
0DFE6BF9102F00
1400A801DFE17F
4EFFC7FF3FD980
5801E4023FD57F
2C0248087FE67F
9801D00AAFCF7F
5E00DFF76FC37F
3A0088073FD7FF
D6FEBDFBC00A00
CE026801BFDAFF
45FD4008EFC0FF
B1FDE3F7402BFF
FAFC67FFDFDF00
8802F005FFD8FF
2FFE880EFFE000
0A02E804401400
4BFD6803BFF6BF
52FCE009403CFF
53FD8FF0D007FF
7E026804BFCB7F
EC028404BFD7FF
1003280DBFDF7F
81FDB3F3C02AFF
99FF37F4E03600
F00390077FDCFF
74FEDBFE103100
01FFB7F4403240
76FF3FF80019FF
C9FF5BFFC02580
C3FD6BF93FC900
4CFD97F9202F80
9DFF33FB8037FF
EC0098037FFA00
A6028809FFC87F
C201A8023FC47F
FC01680F403700
BAFCCFF8401E80
32FFDBF4200680
91FF2FF2A01440
5AFFBBF51037FF
89FCEBF7BFE9FF
CAFFB7F9601580
2501C804EFF400
74003804DFD97F
FA00C8044020FF
D1FD6FFBD00940
96FD67FD802FFF
A3FEC7FFA00440
1DFC57F7203D00
69FE27FBC01BFF
92039FFF4039BF
3E02C00BDFCE7F
41FE77FCE02F00
4CFE27F0902480
0602280FBFF37F
2EFE2FF6E03980
F4FCF3F5600080
CE00700BBFF600
540054095FF200
E8026802FFCCFF
66FE2FF2802FFF
4200A808CFD97F
A4008802001F7F
4102C80B8FF2FF
7600A407FFEB7F
54FD63FB103D00
5AFDD7F3BFDC80
CFFFA00DAFCA7F
FCFE100DE01300
85FFD3F2C01280
D8FC7BFB002D00
B1FF17FB401A00
5203D00EBFDBFF
69FEE7F2BFD480
BCFD3BF0401880
79FC2FF93FD2FF
21FFEFFDC03300
0000280A7FFCFF
A803300DCFC200
AA018007DFE080
B0FE77FC00337F
EDFC600D203AC0
7A0190021FEAFF
A9FFF7FCD03C80
05FDBFFA5FD300
21FC27FF803100
000268076FEB7F
DC03480C3FD0FF
C3FFE7FC103300
26FCEBF3103E80
61FCCBF1903540
E202300C7FDFFF
79FE97FDE01C80
9C02280FBFEBFF
8001F405DFCC00
7C03D001BFDDFF
1EFDBBF0802D00
4000D80E1FF37F
86FFB3FEC02D00
440210083FF27F
32FF37F5203180
80018FFFFFFDBF
63FCF00BAFED00
D4FCA7F1C00180
EA01C008A033BF
D1FD77F4D02E00
7A0254017FC600
A9FD77F0A02E80
0FFE5006EFDCFF
29FC33F7FFE600
23FE87F6C01D00
6EFE87FD603E00
6AFFEBFCC01200
A603C00CEFD900
46FE83FA101BFF
4003600D8FF000
5BFEA0026FEAFF
A0FDB7FC903000
1AFD77FB401D80
A1FE6BF4601200
8A00080D6FCB7F
A800B00D5FC5FF
EC0024055FCAFF
C1FDA7F7C01B00
E002A80D6FF3FF
3AFF3BFCC02980
30023FF5BFD7FF
F403E00C5FFF7F
220290026FC400
5A022FFF3FC17F
04010809C0037F
75003FF2003400
7AFECFF3C01580
C6FF17F4403C00
2EFD73FB902500
64FE5BFDC00280
0803200F1FD1FF
23FFF8079FC1FF
DC00B8008012BF
2002DFF17FE2FF
06FF57F1A01400
D5FD07F97FDAFF
4AFD17FD401F00
F2FD2FFA202800
1FFC50093FE3FF
0BFD1BF6503580
A6FDF7F2A03C00
0700580C4FC3FF
3E03C40FEFF97F
2800680DBFF6FF
95FCF7FA000F80
A1FD57F9101B00
E001200D1FCB80
9602D8059FDD7F
930270003FED7F
B6FC67F0303400
F3FC3BF4601C80
8001380D1FC000
C5FCEBF5802D00
B402D804BFE400
8401B007BFDFFF
E801D007BFC7FF
43FFDBF29023FF
F5FDFBF77FCB80
66FD3BF3A02D7F
36FE2BF6000C40
59FF3805DFDCFF
84039FF7FFD9FF
42FC0BF08030FF
7E01400BAFE7FF
FA03A80E5FD0FF
F9FC27FF403A00
8C01C80C3FC3FF
3803D0047FC7FF
1400C4015FC67F
63FFC804400FFF
3AFF0BF4902E00
0401840B003FFF
92FC27F8A01A00
AAFF6BFD000A80
8202D80EFFD4BF
73FD4FF3201300
020008003FFBFF
1CFE27F8A00280
21FC17F7102640
8BFD9FFAC00DBF
8101600D1FD97F
DDFC17FFFFF700
DA03C002FFEF7F
0EFF97FFA03D80
980398061FDFBF
86FCBBF6202200
240018003FDCFF
6602900BBFF97F
F802180CEFFA7F
6201000F2FF5FF
EDFCB7FB501900
28010803BFDAFF
2A0040056FFC00
21FD87FFBFDC40
8EFEB7F8E01400
A6008FFB5FD07F
BBFF2BF57FE200
40014801EFD3FF
EEFC2FFD8019FF
8EFF5BFB302B00
47FCAFFF203900
7AFE7BF0502600
710388067FC500
E003100D5FF67F
98FE5BF7002C80
2402D808DFCF7F
83FCE7FD0018C0
7802500F3FE6FF
36010FF19FCCFF
BDFD27F1C02080
90FDFBF5E00840
4DFC3BFD201B80
31FC4FFEE03280
7201D808FFE77F
72FECFFC6011FF
FC02500DBFEBBF
4BFD9BF87FCF80
1EFCBBF8803080
CCFF07F0A01700
CEFC07FDE03C80
6A006FF8001FFF
07FD8BFEA02B80
82FF1BF5401600
AEFFB7F8601C80
05FE87F5A0137F
A5FE27F1C02400
6DFF0BF2001880
2AFF5BF2C02880
57FE1FFDE03100
DCFCCFF1FFF900
33FF70069FD2FF
F0015407DFD400
CFFD700D3FF600
9000140A5FC5BF
8A02D0055FCDFF
C6022006FFCBFF
58036FF9BFC700
E203700FAFEBFF
66037805DFDCFF
4002F0036FC17F
EC01DFFA3FEFBF
C20300001FE0FF
0800C8051FFDFF
DAFDBBF8201A80
F2026006DFE97F
22FE07F9C012FF
140268061FF0FF
190264056FF8FF
720350072FDAFF
0402C808DFCDFF
DCFD47F0203380
6402400B6FF77F
F202300DBFDC00
C1FF7BF4F02A40
6901900FFFF7FF
56FEC3F21020C0
6000C404EFE2FF
4DFE67FC203E80
18008006EFC0FF
1BFD9FF7DFF5FF
79FE3BF4803F00
12FCF7FE602880
CA03E403AFC3FF
DE00480C5FF63F
6EFC4FFBA00600
04FCD3FE403100
8AFE0BF1803700
660200053FC8FF
FFFE280F0025FF
4EFF07FE402600
8CFD1DF0FFC980
8F7E87F8C0117F
BEFE63FF500280
72FFBBFC001900
89FE37FB2013FF
D00090046FEBFF
E2FD87F6201300
66FD1BFA801500
B7FE3FF83FD2FF
1900200F6FDBBF
DA03380DEFF2FF
BE0008096FD6FF
D6FC67FF400640
B403080BEFDF7F
8500B00BDFCBFF
F6FE37FD601DFF
AA02300C3FC3FF
120264017FF3BF
55FD5BF8001900
E002980F3FDEFF
E2015003BFD7BF
0F7ECFF5803E80
95FE1BF87FEF00
A600A4033FFDBF
27FFEBF0800100
1DFD9BFB002A00
380310029FEEBF
54009001AFF000
780048047FE77F
800314099FD5FF
CDFFBBF1403C40
1EFF8FFBFFFD00
BBFD100A6FD47F
3C00080F9FD3FF
1A02B003BFD27F
FDFD8BF5A02500
240238039FDE7F
53FEE0073FDB7F
7CFE97FEE01900
CE00380F6FD0FF
B002E0041FDF7F
3201B00B3FD1FF
FC00A4039FC4FF
400010049FD27F
7A01E00BDFF77F
EAFECBF7FFC080
5C03100EBFDA00
0801BFF77FCBBF
DE02C003A00E7F
3EFF5BFB403E00
A9FFB3F7001200
67FC10049FFBFF
1BFD680EBFD9BF
47FFD7F2BFC900
76FD87F9401C80
39FFEFF1603C40
39FCDBF7C02880
58017807DFC37F
37FCB8029FED00
34027002DFF7FF
CEFEA7F2C00980
8C01F7F0BFE37F
A5FC33F5901F00
1EFECFF3403300
C601080D9FC400
400210097FFCFF
25FDD7FB101C80
73FD10045FF5FF
73FE47F0A039FF
AA0370077FC900
A6FC87F3702D00
1AFF47F4800B80
CA00B4097FFF7F
000180055FCC7F
0A02100B9FFCFF
BBFD9FF43FFEBF
01FC4BF9100A80
7800B0085FD17F
F203EC09DFFB7F
46FCC001C03100
54008805DFFF7F
A200C8059FF7BF
12FC07F1902100
A802A004EFE000
76FD57FF903640
B37C17F7401180
E2FDB7F9E01300
42FD3BF9203600
2A028C055FF57F
E0009803DFD0FF
92FC7BF27FD280
62FC07F6A03E00
5401B00FEFD2FF
0E02DFF25FFB7F
77FD4FF7EFC700
2EFE2FF8400A80
12039FFFBFFFFF
A9FDDBF6802600
DCFE4FF9603280
7BFC98043FCDBF
3B00500E5FDD7F
BCFF5BF9402B00
7200E805BFDB7F
65FDBFFF802C40
A9FC17F9200BFF
61FF87F8500D00
F3FDEFFFDFF97F
DE006806BFE1BF
E6FCABFB2017FF
BFFC1FFF5FFFFF
81FC17F8DFFE40
14FCAFFE103040
98038001EFCAFF
06FD17F4603700
EC00240C9FC1FF
D201BFFA000D7F
BC00E800BFC7FF
2CFC27F06015FF
2CFF17F6A03240
9E02E80F9FCAFF
3AFFC3FC500300
0EFE87FCC01AFF
2BFC180B3FF4FF
F00217F3902180
F600C40E7FE77F
9802580B1FF97F
CFFE300ECFD5BF
6801EFF02FF57F
5E025FF2FFC2FF
C4FC97FBFFC200
ACFFBBFCA00700
8F7F27FDFFD500
D9FE87F7FFCF80
5BFDC40D9FD47F
F9FE87F0103080
BAFD6FF7202280
2CFF07F0A03300
9C001008FFD200
6801B000BFF17F
E2FECBFEC026FF
8FFFDFF45FC5BF
E5FD47F7803A00
4402400FFFE77F
5AFCE7F1A00300
F800100A9FD27F
A2FEBBF3A00200
9AFFF7FEE00900
18FD1FF6A011FF
7003D003001B80
3F7E4BF1402880
A5023407BFFFFF
4901500A7FC77F
92008FFC6FD3FF
3400E00DAFFCBF
C2FCE7F6C03380
4A02240BBFD47F
19FD6BFC883940
38FC37FBC03600
43FDF0000038FF
76FF0BF0DFCA00
AEFDABF8003880
FEFFAFFB801B00
98009FFF000C7F
E802E0023FE9FF
2C021800FFEC80
9002A0095FE4FF
B2FC6BF7100A00
B40208013FF27F
E2038009BFFF7F
B00218045FF8FF
95FE87F94012FF
36FDABF1C03C40
540340065FF07F
5A01F00D5FDBBF
860090013FE3FF
A201E80FDFD57F
FDFD400EFFE500
FEFC8FF3C01480
F1FCD7F0BFF3FF
6200080CBFD0FF
76016FFA9FEBFF
BA018807FFFCFF
A5FEC7F2400980
4AFF5BFEA02100
F4FD97FBA01780
A1FC17FDFFD480
3EFEEBF4BFD440
BA01C0063FCC00
86FF9BF87FD300
83FCBBF9D03C00
BA03800A9FD8FF
69FCCBFC201FFF
A20008027FC7FF
BFFF380E5FE87F
4F7DCFF2601900
4A00C00C802880
8CFD97FDC01100
3A01080A7FFEFF
1FFE880D1FC7FF
1202BFFAFFE3FF
6EFFE00E101880
69FE67FDE00B80
6EFD3FF4000D00
1EFFFBF2203E80
FFFC0BF1801C80
7AFFF7F6FFD2FF
6403BFF5EFC200
98037FF9AFD17F
B1FFEBF8603E00
A20168079FD83F
D8FC600FC02000
900398039FFBFF
03FE6FFABFDA40
540070053FC57F
6F7D6FFB802580
D9FE5BFC103A80
E2FC2FF8102AFF
36FEA7F4601F00
6E02F8026FC37F
880260075FEC00
FCFC07FB800F7F
09FCB7FF8035FF
2200400E3FD100
DE0270086FF0FF
05FDDDF4102880
88014802BFF0FF
850040065FE1FF
14FD3BFF401C00
7503380F7FFD7F
DFFE300ABFC0FF
02FFFBF96023FF
3103E0057FEFFF
3DFFB8085FE8FF
E1FCEBFA003040
8BFC7FF2DFF6FF
B6FDF7F2401BFF
83FE4FFF601E80
DFFC400380097F
9401480BBFCCFF
FAFEC7F1800E00
3EFCEFF9801F80
94FE0BF7E02080
F60050007FD07F
F9FC6BF1400300
E3FD67F4C03F7F
BFFD5001DFE67F
43FF5004DFD87F
75FC57FC403100
7CFEDBFFA03000
D8FF27F2502900
C600B00BEFC9FF
4E02140BAFFDBF
CA015FF95FC5BF
C60318079FCD00
6C01DFFF7FD4FF
B6FEE3FE800240
35FEFFFA401F00
C1032FFFEFDA00
660270042FCDBF
07FC2BF9DFDA00
4500100E6FDB7F
58FEB7F2C03B80
B601A80AFFE0FF
C6FC47FAA03600
86FCA3FC003E80
0001A7FE3FF8FF
8C00D00E001D7F
E803B7F03FD97F
7FFDF80F9FC37F
95FF7FF0401FFF
E3FE80032FEBFF
D1FC8FF9801E00
890110003FCF7F
C3FE4804C02300
7DFDBDF6603700
F800880EFFCF7F
AEFC6FF0203100
06FD0BF8002300
CC02FFF65FCDFF
2CFF5BFB400180
2400240E3FFEFF
E6FEDBF0003B00
67FFF7F7A01080
76FDF3FF400F00
A8FE27F8002BFF
46FDCBFBA03C00
1802380BBFF37F
6EFD3BF1403580
C1FD67F2202980
EEFF17FFC01480
91FF87F4103D00
AFFE67FB300600
5FFD4405AFC3BF
1EFF37FCA01600
360280029FDFFF
4803500CBFD07F
F401F008FFDE7F
9E017FFDBFC2FF
21FF47FE603100
A801E40F5FE3BF
E80208003FCEFF
C9FFEBF9E03180
0A0230033FDBBF
2DFDFBF6403600
AE02F80C3FC4FF
660100003FF0FF
EC0050093FD17F
2FFC7BFBFFE97F
C801B00A9FF2FF
D103FFF85FC97F
02FC6FF0901E00
D802480CAFF37F
ADFCD7F2403740
B1FCB7FAD03C80
7003C007BFD800
49FD47FB102740
F603C807BFCF7F
C6FECFFE400E00
2AFF4BFDBFE700
A6FFDBF3202600
27FF500B4FF2BF
2EFD1BFA801A00
7A01380880267F
19FF17FFFFF800
CDFE93FA201680
F003800E3FD8FF
F20318075FF4FF
9003240F9FD77F
C5024FF43FDA00
8DFF0BF9102A00
E1FD9FFAA01B00
6AFC2FF5103C00
A20148056FD6FF
E0026007DFD17F
01FE3BFB201500
1A01780F5FC17F
EEFFCBFA1039FF
7003AFFCBFE280
1CFC8BFCFFC680
6A021C083FC17F
260238087FE400
177E37F4202500
F1FC9FF6A01100
EC0090035FE9BF
D902380A3FDE7F
1DFC17F6201600
07FD03FA202A00
D1FF97FC303A80
63FD47F0203800
8AFC9FFAA02F00
A9FEAFFEBFE3FF
52FD97FBC00080
0FFDFFF35FCCFF
A2FE7BF6000580
0DFDEBFE502DFF
4DFC33FD7FD700
99FE6FF5902D80
25FDC003C02A00
9202B00BDFEDBF
D0FDD7F0802600
EFFC4BF7803400
9802700FEFF9FF
51003005DFD000
1E039FF53FE300
5A016009BFD3FF
B9FF67F8A03E00
DDFD47FF201600
2AFD8FF9203100
A601F0006FFD7F
60017FF19FF0FF
B602680C6FD3FF
F3FFF00A1FDFFF
E1FD4BF8503DFF
96017FF69FC37F
DA0118047FFC00
AC0270071FDD7F
800110015FE27F
4DFE1FFE7FD880
AEFFEFF9201680
BEFF1BF0FFDB80
EA01C0069FF000
7EFF07FFD00080
33FE17F6401500
9100100EBFEE7F
4C00600A9FD87F
C2FD63F01003FF
4C01B80EBFECFF
5FFC4802DFD9BF
FBFCC8086FDD7F
DC03E7FC9FF800
34FFE7F5E03B00
DCFC07F3200800
07FC9FFE9FF400
590107F97FCBFF
540120093FF7FF
8CFDBBF1003FFF
6E03E80ADFF57F
46FD7BFD202700
BE03080A1FC100
A6FDFDF8D01980
A2FD27F8A02040
EEFEAFFC000580
16FF2FFCC03880
D9024802C0277F
9001900F9FFD00
1C01B0036FED00
45FD5BFEC01800
69FD67F8401500
5DFD1FF1900F00
BA01CC009FCFBF
B0FCF3FAA03440
F40310092FD4FF
2401180F5FC4FF
1203FFF4DFDC7F
7400800FAFD1BF
22FF17FDC03C80
5800A8095FFA7F
9A005FF29FD57F
2001E0096FD8FF
19FD97F1402F00
AC0128031FF6FF
D2006806001A7F
F4017800AFE67F
71FF8FFCC02680
ADFC37F6401180
D403880E1FD37F
86FD67FCE00940
5501E803DFE17F
1603C401FFEDFF
600007FCC03A00
EBFF53FAFFFB80
FFFD300880387F
A5FC17F7C03BFF
F5FE53F9201C00
86FF1BF9C01B80
D9FC7BF5403380
320010011FE0FF
23FCEBFB401300
E0006FF08010FF
1EFEE7F0A00740
06FE47F4402200
E402100700237F
E9FC0BF2600280
26FE8BF3401600
42024801EFDD7F
0FFCC7F9A01280
12FC0FF0200180
63FCFBFE900A00
ECFD8FF4C00D00
5BFF2BF1E03100
2101D0036FD700
0EFDCBF4400700
3FFCB80E3FEFFF
C900640E5FCAFF
19FEBFFE801DFF
56036FF84029BF
26021407DFC400
28FF67FD7FDD80
19FE8FF1E03880
81FC67F2C01040
4E01500F9FE8FF
AFFE080EF7CD7F
E40200046FC8BF
EEFCCFFAA01300
05FF67F2501240
74FFE7FC5FC500
2EFC5FF2802C80
F2FE4FF5C03A00
70016808DFC3FF
0B7D87F6500080
210082066FE800
BEFDBBF2C033FF
7402640AEFE27F
32FC97F7200400
4C016FFBEFD1FF
F002A00D9FF400
9C02A0035FE000
8601C8096FC600
CDFDFBF6202A40
7EFFAFFAE03240
A9FE9BF6883700
5A009FF4BFECFF
75FEEFF5202A00
36FD0BFE3023C0
D1FC07F4402F7F
0000A006BFF000
6501D000C002FF
D6FC7BFC003080
CC027FF99FE9FF
3BFF7FF9BFC4FF
4EFD27F3000D00
9203C80C4FE7FF
FE01B00EBFE1BF
42FE2FF7400980
BCFE07FB602700
4AFEBBF1600840
F001000C5FFD7F
DFFF60045FDFBF
D5FD87FBE01580
BCFE63F9900E80
EC0298010024FF
ED017806DFECFF
820238091FFA7F
CFFCC8038FD8FF
0D034806FFF000
F9FE7FF17FC480
240224075FF47F
25FD0BF6601780
61FEABF6401040
9EFCABFC403E00
0A036FF6BFDA00
EBFF17F3A03200
0C00E80BCFDE7F
48FC2FF6202200
9EFFCBFA80147F
26FCCFF1803FFF
8A01D00CAFCF7F
CA00A00E9FE77F
D901700A5FEEBF
4A01E007BFD37F
5EFCE7F2D00100
11FE57FBA03540
43FEC7FFA00400
71015007AFD400
9C0330032FE900
EAFF3BF6A00200
9A01D00F6FDE00
B9FE5FFB400640
43FFFBFB403D80
9AFCA3F1E01680
3CFF5BF2401700
A203FFFECFFA7F
BAFDEFF6FFDC80
A1FE8FFDBFEB7F
79FF0BF1C02200
8AFFEBF2202800
A5FEF7F320377F
D3FC6802AFD8FF
F2FEF7F4400000
ADFE5BF0603EFF
C6FEC7F5901300
1602180B3FFCFF
66FF7BF7603D00
8C00F00E9FD7FF
C200D007AFF57F
30FD4BFD3FE280
26FFB3F3402300
CCFC3FFDC01500
5EFD77F0603700
CCFE63F7C03240
57FED3F9E03D00
FB7F3BFADFE080
A803B8011FD17F
96FF3BFE102700
1A0388053FE2FF
A4026003DFF57F
F6FEE7FE202680
F2FF8FF9600800
3DFC4BF410157F
5EFC97FEA024FF
EA0058021FFA00
CE01700EBFF5FF
51FE37F6603000
F2FC3BF0200780
6EFF23F56031FF
84FDF7F3201780
5600940EDFE100
5DFF8BFAA00A00
A601C8001FE9BF
20009FF9DFE3FF
4600E8083FCB00
7A01400B1FC37F
A2FDE7F5E02F00
66FE97F6902D00
D203C807FFF67F
C6FE27F2501B00
0C00500B6FEDBF
E8FDBBFF203B00
78024007DFD4FF
52FF8FF6401E80
780280033FE17F
97FC1BF9402040
AAFE0FF9603C80
83FD1001FFE3FF
410268095FE600
380198034FD200
8A00FFF66FDE7F
2CFC7BF0200B80
DC01680D4FE0FF
BC01800F6FC4FF
15FC8009003900
6203C809BFF87F
BDFC88099FCBFF
2EFE37FC800480
DFFD000D9FDBFF
6200980CDFD3FF
C10248006FD7FF
AE02AFF9FFDB7F
7AFD6FF2201600
72017FFADFD800
DA02F007DFD7FF
A1FC37FB403E00
9EFF73F5600580
2CFDBBFAC029FF
9EFC47F4800280
81FC73F0201D00
1AFCD7F37FD100
89FF300EE02080
D200F00A3FED00
72FD33F4C02DFF
66FC67F8FFCA80
2400500AFFC0FF
5FFEEBF5C03680
6201A80E800500
94FF5FF4002700
2A00700E9FCB00
AA025805DFE37F
30032004801D7F
BEFDF7F1BFCE80
E6FCE7F9802C00
AFFC8007E01500
CF7D7BFCFFD7FF
F6FE53F1501B00
C3FF33FEC03E00
6C008805EFFC00
16FD63F6C036FF
CCFF1BFFA02700
9CFD2FF2E02B00
1BFE6BFAE02000
06FFC7FFE03A00
0E02B002BFDF7F
4603E00D5FEC00
2A032808BFD800
9AFDAFFDE00DFF
89FFE7F0A01400
8EFF87F0A00A80
96FECFF7000A00
5800780CDFF0FF
46FC7BFD802600
76FD07F7800420
43FD77FB802FFF
BEFFE7F3601900
09FDEBFB2034FF
E5FD97F2C03600
E5FF8BF60035FF
1D013009FFE2BF
0203FFFADFFEFF
260228099FFA7F
6FFD900EDFF800
9C033004DFE3BF
55FD47F3101AFF
09FE6FFE100800
64015FF59FDFFF
64025FF29FC4FF
EAFDBFF3001780
FFFD180A0038FF
7800FFF25FDAFF
B103BFF31FC600
9400480C5FD47F
21FF0FF7C01980
7600400CDFCF7F
880250077FE9FF
64FC97F4401700
54002004DFE000
1E01AFF49FDFBF
33FCAFFCEFCF7F
D4017004BFF4FF
29FCE7FF400800
09FF37F1D0077F
AAFD57FBA02A00
1E02380C7FC4FF
3C03040A5FE8FF
51FDFBFDC03FFF
DEFE9FFEBFCC00
7600D005EFC1FF
A5FDF7F8003E40
50FFABF6FFF580
00FE27F6603E80
96FE67F3C02B80
B6FD1BF5401900
7CFFCBF3A01580
E6FE87F7302FFF
47FE4407AFE57F
26003804DFF200
4602880B9FD4FF
D802A8069FCAFF
EEFC97FCC01C80
FEFE33FF8030FF
9600EFF19FD17F
EEFDDBF4600780
86FE87FF003B80
F40258073FD87F
6602700D6FDBFF
AAFEE3FD2022FF
F3FFBBFEE015FF
520190038027FF
59FD17F1400580
82FC3BFB201680
DC0088099FEA7F
E40318003FD3FF
080388083FFA00
4EFDDBFFA010C0
A601700FBFEDBF
C0001001DFC5FF
8900F002DFD700
54031FFCDFC400
95FF3BF2402780
71FF2FF6BFFB80
4C02F80EEFF47F
FEFCA7F6800F00
E001F0026FD0FF
86FE33FFBFC3FF
1E0330021FE500
3C00080E7FC6FF
C903E4093FDB7F
F5010FF58008FF
7FFCBFF87FC3FF
72FE67F1200D00
7CFDDBF9C02A40
0C033804DFFCFF
1C0228059FE300
E9FC4FF9A01380
3901200B9FC67F
4CFD47F2D03480
48013FF6BFFAFF
EE00100CDFC27F
4AFF37F1FFC280
3D023007BFFB7F
D7FFCBF9C00FFF
5400280A3FF07F
F2FCBBF4203840
2EFFA3FA3FF9FF
6C00100BBFDFFF
DFFC60075FEAFF
A201FFFF5FC5FF
0DFD13FA801100
68021803AFCA7F
57FFEBFA200A00
7FFC10097FF8FF
8101E801FFE0FF
A2002809AFFD7F
2601EFF4BFFAFF
99FE3BF9801FFF
5802C4046FD900
7201F002BFE200
640127F2DFE2FF
A1FE840D9FECBF
66FEC7F8402180
9900B8083FC97F
43FE9BF6203280
F7FEFFF87FEE7F
80FE1FF4E01B00
A400A403BFFDBF
2A0160063FC8FF
E201D7F05FF600
6003F805DFC100
8E03D4006FE800
F403DFFDDFDD7F
7002300DFFD200
B6FFA7F89029FF
4001EFF47FE9BF
CBFFC80BBFFDFF
25FDF7F7FFFB00
7C02B00E7FF3FF
B6026001BFFE00
C5FC57FCA01500
40022800DFD200
2E0090025FF8FF
6BFD300AAFDDFF
7DFCE7F7FFC500
23FC6FF1E02B00
D3FD6801203500
A802D8057FF280
B8007FF91FFAFF
DC02A00C1FD2FF
4FFCDC0F7FD6FF
B1FDD7FC601F00
6A001FFD7FF9FF
8E03E006EFEBBF
BDFDE3F3002C00
69FE5BF1FFCC00
8002A4033FE500
280308000037FF
36013807DFC400
21FD47F6A03080
33FE5001BFE2BF
0802D802FFE67F
82FC27FEC029FF
5A0220085FFC80
F3FE47F0802440
760028055FF2FF
C3FE60013FC0FF
F500640E5FD37F
6A02680CFFF080
88FFEFF6802C00
A102A807CFDAFF
C1FEA3F7001600
19FF47FC602C40
38FF0BFBC03BFF
0EFE87FDC013FF
6CFC07F0BFCA00
3C03A800DFF87F
7C01E80D2FD3BF
1500D0017FFB00
52FEDFF9A02C80
9AFC5BF8101580
1603F80E9FF77F
27FCD7F5000840
59FE73FEA02840
0AFF07FE003040
4CFC47FCC01D00
E500580D6FFA7F
08009008BFE9BF
7E03F001FFC37F
3202FFF85FFDFF
18FCFBF6C010FF
AE02300A9FDD7F
6402E0038031FF
5EFCA7F6201A80
BAFCA7FE200440
B6028808BFC7FF
CBFD2FF60027FF
3401100CAFD000
620370088029FF
B2027802DFCBFF
8A00380A001C00
26FF5BF7001A00
56FD0FFF200C00
C7FE33F9202500
EEFC8FF4002600
1402080D2FD700
0C01880B3FDF7F
9DFEB7F3402080
51FFCFF6902100
7AFF57F1000B80
860238083FE1FF
FA0218000023FF
3A018000BFF5FF
6602840C7FF6FF
3A002C0B9FD97F
13FFABF4E03800
51FC8BFCC01280
A3FE7809EFEB3F
C0011001AFF0FF
BAFF37F7FFE7FF
D2034408DFF3BF
8C01500C7FF7FF
6402300BDFEBBF
D7FC60051FDB00
61FCB3FE503380
F200700EBFC9FF
ABFE080B6FE27F
F1015FFE803000
31FF07F2203900
2E021FF0BFE37F
7200A00D000600
9101700B2FE2FF
07FC3FF19FDFFF
50FEC7F1203800
4AFD07FE502C00
DBFCE400800000
1EFEA7F2400780
F0FD5FF5600840
43FFA7F9403FFF
8A02E00BEFCD7F
B4FF97F66037FF
3CFF6BF6C03B00
5A02D00EEFD17F
AEFE93F2803480
EC02580C5FEBFF
8DFCD4085FC1FF
BAFE67FB102200
D20230055FEA00
07FFCFF82003FF
D201A00C9FD200
8EFE6FFDA00A40
3202480B3FCBBF
67FE0BFD0037FF
1FFCFFF46FF17F
05FE8FF4800380
3E01B00B5FC100
22FFE7F6C03500
4DFC7BF5602580
4200C40F3FCB3F
79FD8BFF402700
330338052FF800
28033FF71FC9FF
CC00C003EFF77F
B2FC5FF3602000
FEFFC7FE7FEC00
E103D007EFF7FF
7203A80CEFCA00
65FD53FDA00A80
64018407EFC4FF
D900600900277F
93025809EFF7BF
C80328087FCB7F
7E027FF37FD67F
0803B001BFC9FF
2E0020015FFEFF
91FCABF68006FF
E2006007EFC7FF
A8FE0FFAA02280
D1FD97FCE00800
EFFD880B5FEE7F
A80384075FF200
09FCEBFAC03000
0600E0059FD07F
BBFF2FFC4006FF
EAFF77F67012C0
1200200BDFF600
FBFEE4033FC400
CC026FF8EFF97F
B1FC47F7902400
2601A80C5FE400
C8028FF4DFC17F
D900C8085FF2FF
6403FFF46FCD7F
F2FF4FFD0001FF
8203BFFC0002FF
F603A007BFF2FF
FE008C06001BBF
ACFFA7F1A02A80
C40310023FFF7F
9EFE8003200280
5A03100A3FF17F
CE0368061FF4FF
CE032808C024FF
7AFC8BFBA00700
7EFEF3FD500E7F
48023FF05FE100
9C01E806001EFF
B0FC1BF3802680
EEFE8FFBC01400
7403640A00157F
D9FCCFF9000500
C20237F2DFD77F
AE02280E5FD77F
42FEFBF8E00A00
0A03F0083FEBBF
3AFD17F6901500
99FFC7F2403F00
66FFE7F2802500
06FDC00E4035FF
DE004801BFD600
E902A004EFE9FF
E20320099FEDBF
AD03C40AFFF77F
06032801BFE0FF
9C03A40C9FEFBF
A9FF6BFF202A80
0E0300062FEB7F
2CFF2BF5602280
B9FE67FA602A80
7A02200F00177F
E800A00ADFD3FF
73FC27F3400600
51006003DFE4FF
FC03E008FFC6FF
730068012FF2FF
7EFE67F5000A00
9DFE87F1C02900
2A00E807002600
6103700B5FC67F
E6FDABF0800300
EE030C029FFEBF
FFFCF008DFD9FF
31FFCBF0E016FF
0B7ECBFC603080
A70360029FCD7F
BA01AFFDEFF2FF
5FFFCBFA5FF180
5EFDBBF5401280
C6FF27F3402E00
29FDDBF6900B00
9203B80ABFDDFF
2CFF07F3C01680
DEFF0FFC601E00
73FF580B00017F
AC02A80EDFD1FF
577C13FC202400
B3FCC006A00F80
59FD3BFEE033FF
D003AFF8FFE47F
B803A80A9FCB3F
DDFCAFF2E01A40
86FCDBFF000E80
21FF87F0601C80
2A00280F00377F
2203D40FBFF400
03FC87F8A01D00
0C01E00F803EFF
7CFE1BFED01480
9601A80C7FEC7F
460338096FD67F
6A031801C03EFF
4103DFF0DFEABF
5C02F80B9FD37F
76FE33FA100A80
6DFE9BFE402880
C4FCB7FD1007FF
4C0200016FC37F
B200A80F5FCCBF
0103580AEFC07F
9A00E808FFD57F
26FC67FB101200
17FEC405BFE400
3EFEF7FAA03F00
9602B80C6FF27F
E000DFFCDFEDFF
32025804FFDF7F
940150045FCD7F
C6FC47FD003DFF
5AFC37F2800700
69FDE3FFE02480
9E03E005FFFA7F
D5FE07FA401180
8EFF17F3A01300
99FFA3FA601B00
8DFD0BFBA00580
EDFEFBF72015FF
A102880B1FF800
D2035004DFEDFF
9E0188033FE1FF
09FCD7FC200B00
E60298010039FF
60FC1BFDE03400
1203F00FEFE1FF
B7FD37F7600280
55FE67FA203580
E6000FF37FC8FF
95FE47F6403D00
000108013FF47F
0500E801DFC7BF
A603C403FFF900
8C0298011FDFBF
4AFD53FD601280
4A010800803AFF
DDFF87F4801040
0FFF480E3FC6FF
3E02E80C3FC0FF
61FCC7FF7FD600
F001300DBFE600
EEFCEBF8201200
3BFFB0035FFBFF
72FEEFF4E02300
CEFF67FCC007FF
5AFC0FFCC01500
1BFF2BFB2032FF
66FEAFF8BFF9FF
9601F8092FFDFF
F9FD97FB203B00
57FC97F75FDAFF
6EFEABFAA00740
5EFF3BF9A00BFF
C40348001FCAFF
73FE3BF9DFEDFF
69FDE7FB4037FF
8DFFABF4C00380
2BFE17F2301740
6E0188071FD37F
C9FD6BFD600400
2A0070033FE100
82FC73F8901080
24FDC7FFA01C40
74009004BFE07F
3A001FF4EFFD7F
9503F007BFEC80
16FD67FA103480
4BFC37F1001A80
1201B8066FD500
A201FFFAFFEBFF
F3FD67F0803980
F40228093FE07F
7E01D0047FCAFF
D203E4003FC27F
F60358003FCF7F
8AFFD7FC000500
C3FD97F8801480
1601400CBFEF7F
DBFD2FF13FDAFF
35FE5BFDD01040
9400A8085FCAFF
54FC73FA7FFDFF
81FE7FF8FFEF00
02FCF7FB803A40
8401D8099FD7BF
74036009FFF2FF
1903BFFD6FF6FF
F5FE37F4FFCDFF
59FCBFF4A03EFF
2503C0073FF800
07FD6FF2C00CFF
1BFC9803DFCBFF
99FE7BF6C020FF
3E01900BFFED00
DA01980E1FF87F
86FE27F0FFC100
51FFBBFFFFE480
32FDA7F0200480
7E01500A5FF080
88FDC3FA803F80
43FF97F5401140
05FEBBF6601BFF
26FFEBF1803700
4601CFF2BFCC7F
FE014002FFD67F
D5FDB7FA803240
0FFDD80DBFD2FF
5800E8031FC500
CCFDE7F5BFC2FF
51032FF01FEC7F
9CFEB3F8A02BFF
6CFEDBF0002C00
6C02180CBFE280
BDFEDBFF101D00
460308001FC500
89FDF3F8D021C0
A2002802BFDF7F
88036400DFE77F
8802C8033FF67F
FEFEB7FF7FEF80
7E023FF71FEC7F
8EFD07F1603180
7002A009EFC4FF
1EFDCBFF000480
A602B7FEFFFE00
CA004007BFFE7F
220368015FC800
B4FE07F3401240
4AFDD7F2E01DFF
12FEDFF57FD140
B6026406DFCC40
5C02C80AFFE800
5AFC5BFD802880
DBFFD8095FEEFF
D20254085FC4FF
41FC5BFB500600
840204049FE900
5EFEDFF0400100
45FC6BFDFFCF00
32FCEBF1400700
76FE17F7003E80
CDFCBBF9003C00
72FDFBF14008FF
0602CFFE1FF97F
59FFDFF2803280
F001AFF7600080
0E01C8025FF280
7802BFFF9FC8FF
9B023802DFE200
99FE27F0803F80
1DFFEBF9402CFF
F200B00D1FE480
F3FF27F33FE580
5DFC07F8101100
A802740F5FF8BF
8902300D0032FF
06028809FFF0FF
B103D009EFDF7F
720038035FC5FF
F000400FBFF8FF
60026FF6BFC880
5E01BFFBDFF6FF
080240033FE0FF
82019FF8003F00
86FD07FF000B7F
89FD37FC800B7F
0CFC3BF7003680
A9035006DFC17F
800040045FCFBF
BC0108057FDA00
12FD67FAE03800
A8026007EFCB00
B6FF27F6203480
460208025FFC00
6C02B80CAFE67F
92FD2005E02100
FBFD57F6202980
4AFDC7F1201680
3603480ABFCDFF
F60084073FF67F
9600780BDFCC00
D200700CBFDC7F
C3FF7FF93FCC00
5FFE6808DFE8FF
A9032FFFDFF600
C6FCAFFBC034FF
9E01B003DFE2FF
9A027FF7BFC97F
72FFD7FAE00880
34FF4BF2C01FFF
F1FFE7F5202CFF
E2FD8BFDC03280
E4005FF71FFABF
FBFFC8056FEBFF
BCFC7BFF803F80
6EFCE7FFE00A00
3EFC07F82035FF
EA038005DFF9FF
380104075FFFFF
32FE47FEFFF480
5A00C8023FC400
94FE000AC03380
BE02AFF05FC8FF
79FD27F7C00080
63FE1802C03000
49FC17F0FFC700
8EFE47FD000880
1F03A40EEFEDBF
00013009EFC67F
6EFDBBFA301D00
C001D006BFE4FF
120298092FD5FF
E5FEF7F0C03880
6C007007DFC97F
02026FF43FC2FF
51FEA7F3203580
AFFDB4035FCCFF
B9FCE7FB200440
9202EFF17FCE7F
15FFB3FF403380
FEFD8FF1800100
CCFEEBFC2022FF
6DFF2BF1503400
62FF67F8C01080
E3FCB007DFC800
C8039800C02700
9DFD8BF8203E00
55FE27FBE03880
DFFD27F7EFED00
FBFF04039FE47F
BFFC5FFABFE900
C6FDC7F5C01280
EEFC5FF8200840
2403500E9FE9BF
BAFF57FA002380
9B02AFF57FCD7F
0C0350083FE37F
890104093FE2FF
03FF4FF2C03800
96FCEBFC201680
FEFFDBFB602780
1001A00F5FC97F
9001A80DFFE37F
C601BFF53FE57F
E9002401BFCE7F
38021804803BFF
560088095FF600
16FEC7F17FED80
1901B80E7FF77F
9E026FFD1FC6FF
1DFF9BF5E00C00
DEFE07F1402B80
1AFC47FDA03100
0401FFF7BFDB7F
11FF1BF6C00E80
F40198015FEFFF
0C0288043FDFFF
AFFDC807DFE8FF
AEFC7BF0D00A00
320148059FDBBF
69FE77F5C035FF
BEFC47FE601900
E9FC07FA100840
62FCD7FF0005FF
D8FC4BF0402900
06FCFFFE803E80
6401A4073FFE7F
33FD2800BFD37F
5AFFABFCC00400
ABFC17F3FFD280
38026407EFE77F
61FE57F1C00C00
F7FC100E7FD5FF
3DFCE7FE1027FF
2EFE67F2200F00
B203C80F1FE2FF
A37D2BFDA02F00
86FC53FAE017FF
C903040B4FFF7F
BE02F0062FC47F
380248097FFAFF
1AFF4BF8003F00
FA018004BFF2FF
8903E004203000
420370043FEBFF
53FCE808400400
EC033804DFE8FF
32FD9BF6203300
6600D0063FF8FF
10018007AFFBBF
C400A00AAFF000
1CFED3F3903680
4FFC57F7201100
8EFD6BFA200F00
FDFEDBF9C01E00
3EFF7BF20007FF
C5FC67F6C01380
F201CC0B3FC800
45FE47FFD00400
1103080DDFF0BF
7E003FF01FF9FF
4EFDE7F7D01E80
CBFF70097FC1FF
DFFF38032FEDFF
9CFF6FF7E01A7F
540140099FF0FF
58FF1FF2E0237F
4E02B801DFEBFF
BDFFFBF1601300
3201280C3FC5FF
A9FE37F4C01900
53FD07FF200D80
BCFD8FFB100980
AC01580BDFCB7F
7A0190029FFE00
91FFF7F0D02FFF
1E015004BFF67F
F4027000DFC600
240010086FD400
32005800DFF280
0BFE5FFC4032FF
1502E8023FDEFF
73FCC7FC801B00
17FEF003DFD87F
2EFE7BFD603D80
A7FC8BFD3FC100
C6FDABFEFFF080
0DFE4FF33FC200
06FFC000603400
5200E407BFD480
8A01A0023FEB7F
FFFDBFFF9FFE00
D601B80C7FEEFF
29FD1BF2802BFF
120090052FCBBF
09FC67F9802900
61022005BFFBBF
82006000BFD6FF
4000A00B7FC200
5902C0083FCB7F
BAFC8BF2902E80
ACFC4BF2A02F00
9DFC07FDFFEA00
76FF77FB802980
B3FEDBF5BFCE80
1AFCF7FDFFDA00
620357FB80087F
04030808DFDE7F
64FFCBF9003C00
C9FD4BFDA00E00
5BFD300BBFF200
A903D8033FC0FF
9203A8057FF5FF
860030092FC600
D602C806AFFD7F
0E02D80B3FF07F
050188014017FF
8800D0088037FF
7003A8001FC000
C203A0033FC6FF
F6FE87FB203100
81FD37F7000080
DAFC27F8A01E80
67FC1FFDE03E80
2FFE3BFCFFCF7F
EE02300CEFC67F
F801980ABFD1FF
160308099FE57F
7C01A00A7FE57F
50FE7BF4C01B00
27FE1FF13FEA7F
8EFECBFD400BFF
E7FC880D3FE37F
7201A001DFDDFF
4BFC8FFDA027FF
B802F0017FDD7F
A5FF3BF5C037FF
46FDC00FA03980
12FC33FAE02B80
15FF77F5802AFF
BC0098025FF3FF
E1FE47F8BFF840
5E0108095FE27F
E6FC1BFC4039FF
9403080C4020FF
B2FF8BFB3FDE80
1E01880C6FE2FF
46FC1BF4600500
160060089FD2FF
BA03700A1FC000
4A03B007DFF600
29FF7FF5902C80
D003C0013FDD7F
240318073FCDFF
3D02FFFB5FEB00
D0FF77FAFFD680
12024807EFE8FF
E9FC07FA802C80
F802980C9FF3FF
0AFD9BF8800500
EA0080067FDDBF
6CFD97F3203600
E8FDFBF4D01A40
4AFFB7F9E01C80
3C00600A5FC4FF
49FF93F2002240
D9FD7BF9203800
B202A005BFEF00
F900D8097FC800
AEFEF7FD503780
A90268013FFBFF
D403D80FAFCEFF
7A0164041FEB00
B1FF8FF1003C00
02FFDBF4903AFF
F1FDEBFB603640
8400180ABFC17F
B400F8093FDD7F
DAFF9BF1802C00
46FD67F7400300
63FDE7F8200280
6800700A5FEE7F
8E0328093FD97F
61FFBDF9600640
D602A80B1FFF7F
D1026806BFF4FF
98FE5BFAE02F00
C9FE73F7500BFF
21FFBBFED00C80
22FECFF6DFC700
23FEEBF8C01680
5000B007BFF27F
BE02CFF0FFC2FF
3CFE6FFB80077F
1100D800401500
1801A8029FC67F
82038FFD9FC9FF
3DFDBFF92011FF
7002100DBFC6FF
6201900A9FF6BF
3AFF87FFFFE400
46FD33FF602A80
1BFCC8041034FF
7A02700EFFC8FF
23FD98089FE6FF
3BFEA7FE403B80
B7FF1FFFEFEBBF
A3FDABF6A03E80
7802B0023FF000
C8FFCFF92005FF
B803500CBFECFF
7A03C0093FF6FF
7EFDD3FE7FC580
6FFDE0040030FF
25FECFF6C02D00
3A00F8083FEA00
FAFC67F7C03F00
81FD97F5E00400
3CFD1FFBDFDF80
56FD2BF6603CFF
5AFE8FFF002680
A500800D5FCBFF
12FFD3F7203D00
C20228065FF700
AA02F407BFFE00
C9FD37F32003FF
ECFC27F1C01F80
D0016FF73FFAFF
E4025FF4DFDE00
C1FCFBF8900000
9802E80C1FE3FF
A6FD47F3401100
76FC1BFB600F00
8403F00FAFC47F
BEFEB7FAE03F00
66FF07F33FE600
D0FD47F8801800
82FD5BFDBFF1FF
0202300E3FD37F
5BFECBFC100880
15FD77F3C01E80
C6FDCBF6801500
4EFDE7FBA00100
7202280DAFD67F
1BFF1FFB3FD3FF
5402D80D5FEBFF
8AFDA7F3001300
B2FC7BF5BFC500
CA03E80D3FC9FF
5EFC4FF71FFB00
9600E0033FC37F
7A02FFF17FF400
CDFFB3F04019FF
8AFF97FF203700
320204085FD800
1802400D3FEBFF
8400280FAFDF7F
E9FCB7F0C003FF
5203380B3FD27F
7603BFFE9FDEFF
CC03E80ADFF3BF
DE00C40BDFDDBF
BFFD3FF75FC7FF
A2FFCBF9803C80
7EFCB7FF402E00
42FF7BF5601E00
31FDE7F85001FF
FCFC5BFC401380
8903D8042FC0FF
7502A40FBFDD00
C203FFFEDFFBBF
C6FF3BF7A02700
01FC47F31038FF
7CFCF3FE403C80
6003C808DFE1FF
41FC800B803C80
D4FE9BFB403100
4FFFC7FDA03200
A6FEBBF0600C00
9EFC17FDA00B7F
B9FD13F9FFDA00
8D00C80F1FF4FF
3C01480EDFD9FF
3BFCB0089FDCFF
820224051FD700
32012C04201000
0EFF97FAA00DFF
BEFD97F7003D80
8B7E27F4500240
01FDE3FCA01C40
B2FD67FDE019FF
79FD13F67FFF80
DEFE67F8802240
5EFF7FF6C00200
1600580D5FE87F
6F7E27F0FFDE00
6A01C00A3FC2FF
0A00B8012FF000
7FFD47F7101000
67FC300FDFC2FF
41FFFBF1C01500
8FFCBBFC800F80
980004085FD700
77FC17F0C02480
A60020007FE6FF
03FC98019FDAFF
5CFF67F6702A00
260148099FC3FF
2AFE17F1A03180
3401BFF42FD5FF
3CFE8FF8E01580
D200B0013FE4BF
3A010400BFC6FF
C1FE5BF5FFCA40
EA00E00FDFFDFF
7A0068039FD77F
37FC0803BFC8FF
A3FC0FF9200500
CEFF8BFD403E00
0BFF88029FF0FF
FFFE3005EFD3BF
4AFE6BF18027FF
1EFE5BF3600780
C1FE73F2A02E00
5BFD7BFB200900
E7FDB3F3A02280
69FCBBFBE03B00
E001D80DDFD97F
7E02880CDFC27F
35FF03F2801100
600128081FC800
94004005FFC5FF
0E00A00E9FF0FF
97FF280C3FF57F
45FEB7FB203600
7800C4001FD080
2EFCBFFCFFD9FF
8EFEFBF7401E00
96FE77F4401700
8A02E8033FC6FF
8C00E8037FF9FF
D202080D1FD600
51FC4FF2801F00
98025002BFE200
D6FC2FF1E01400
6902FFF04FF200
F201E806FFD3FF
A402B80FEFC97F
4EFCFBFEC03A80
26FF57F9602E00
9202880E3FCD7F
30FD3BF2C00280
3401000C001100
477D77F1102300
07FE3BFF001700
F7FFDBF5601C80
6802AFF32FF200
2203700B6FF000
C6FE4BF1A01000
A1FF53F2F011C0
F6FF27F9A00600
6401200E8038FF
15FF27F4600FFF
7BFE40089FE8FF
C6FF17F8FFDF00
1C01600B1FE3FF
380020057FF67F
85FC57FD7FFA80
70FFBBFA7FEA00
BC00F00EDFF77F
28FFA7F2A00A80
0403E804802A00
20FECFF5A03D00
58FC87FCC021FF
DC0244047FE77F
CA01B0023FFB7F
92FD97F0A02800
EEFFC7F7400BFF
2101700E7FF27F
E003D001DFF77F
5A0247F95FECFF
6EFF67F9A0377F
95FCCFFE402080
46FEC7F7601840
B20008015FF800
8C0198059FFEFF
A4035403FFF67F
6802F00DAFF7FF
F40190059FC5FF
0DFF97FBC01FFF
FEFD0FF0603C80
C200280EDFEB7F
82FF87F6A00040
FFFDA001DFF7BF
0602BFF32FD27F
0C000003DFF000
25FFBBFD601600
D9FCA7F2201B00
F3FE27F5203800
0EFD37FDC03480
35FFC00BC01D80
81FC4BF6503280
E3FEF80ABFE4FF
BE03C8067FC8BF
D20208061FE000
2FFDF80C5FF57F
72031FFE9FEB7F
1103F00BDFCB00
0FFFC00F5FE67F
81FF4BF8FFC0FF
06FD37FBA00980
2202F4081FD400
7202E8005FE97F
CFFFB3FEA004FF
71FF7BF6FFFF80
A1FCABF57FF900
D102D8086FC6FF
D6FE3BF1A01BFF
86FEEBF38013FF
5AFEB7F7C00740
F502BFFD1FC200
6002A0017FEF7F
56FC87F12027FF
2E01480A802E00
68FF73F7401800
ADFEB3FC403400
7C00400D7FD3FF
DFFC280A9FC900
B1FF4FF7001300
15FEA7FE200100
6E008407403DFF
4C00D80F3FED7F
CC03BFFA403DFF
500387F4200600
25FC9BF8400840
EC03100BEFC500
F402B007BFCB7F
36FC97FFBFF8FF
5E02580B5FF57F
1C038C083FDA00
EEFCF7F6FFDE80
3600380ADFFE00
7000F8021FDE7F
8FFF78072FEB7F
01FC37F34026FF
8E02980E3FC8FF
75FFD3F3E00900
32FEBBF2003B00
81FC4BF3600880
4AFC8FFDA03080
D900600BBFD4FF
8002A80ABFF87F
3400BFF3BFC2FF
1103A40A9FDB00
E4FDEBF9600B00
03FE1BF1901600
2E03F0083FFCFF
80FE2BF3002440
620084001FC2FF
ADFE5BF7101700
C801E8007FCE00
E401E0015FFC00
C5FE2FF2801900
F801080A1FCC00
C4FF57FCC00680
2903F00D3FEBFF
9C03D8051FCF7F
6EFDBBFD7FEE00
B1FC6FF4503640
7DFC6BF7900F00
57FD0BFCFFD600
ECFFFBF9C008FF
F6FEEBFF603600
02026FFF5FEF7F
EDFD43F6500780
FA00B803EFF680
0EFD27FFFFE280
29FE63FA201100
7FFC1005FFF6FF
B6FFFBF1800DFF
B100500CBFE6FF
9AFF7BF8003C40
BA03800B3FF9FF
C200E0053FCE7F
C4FC1BF4C01BFF
4C00BBF8801A00
940088045FE7BF
59001002BFD8FF
A6FE6BFBC03600
C803D80E9FE47F
6CFFC7F57FC580
5DFDCFF17FFDFF
BCFC37FD903AFF
2DFDDBF0102C40
C2038801C00080
87FDABFA803D80
74FEA7FD203300
1EFD0FFC4021FF
3BFE87F8000E40
CFFEFFF69FD8FF
C5012FFE9FFBFF
17FC57F92FD07F
9C0320075FCFBF
E9FE97F2103880
3AFE4FFB801680
F6FD6FFC101640
440378071FC5FF
56FF27F5403000
CFFDE80ADFD5FF
B8FCDFFF4027FF
A000B7F13FC500
3FFFE004000D7F
7401C8043FC5FF
81FE4BF2A00180
C603880FBFDA00
EC00640FAFDFFF
4201E80EDFC2BF
96FE37FA003980
51FDE7F4A02200
2E00F8016FCD7F
5EFF7BFE7FF300
26FED7F53FEE00
3602B7FE9FC27F
0A01E8051FEAFF
1FFD17F71FF840
A9FE77FCA00300
2BFE63FEBFC600
14031006803EFF
B5003004DFDBFF
9BFCC7F8FFFE40
24020FFB3FF9FF
3803F0003FC700
02FDA7F3C02E80
93FC67FFC02980
A802C807803FFF
F3FFA7FC400040
91FC3BF0FFCF80
D80030016FD300
320240079FC1FF
1C02B0029FE9FF
74038402BFF700
10025004BFDD7F
010130073FDEFF
AEFF57F0E02E80
FBFC87F9FFD7FF
ECFEC7F2400E80
8C01300F3FEBFF
61FFA7F2203080
ADFF7BFDA03880
460380015FC6FF
52FF47FA200F7F
E2FFAFF6FFEF00
2E0210069FDEFF
1001140E6FDFBF
6C02B00FBFFBFF
69FE77F0C02700
1AFD4FF7200200
700368078FD8FF
41FF73FA803E80
7201800EDFFE7F
4C01DFF1EFCB7F
13FDABFEFFEC80
F103A8015FE800
7AFC7BFD7FE5FF
4601440BDFC6FF
BA02C00A5FC1BF
0DFDBBF6001180
FD038801EFE67F
EC0324003FE200
B6FC17F8A03200
1AFF47FB4005FF
59FE6BF2E03C00
EEFCEFF9202600
05FFD3F5903200
1AFEC7FBA00A80
77FE7FF81FCB7F
3001DFFF9FCFFF
3BFF1BFCE00980
8801180DFFD8FF
EFFE7000FFE700
BEFFB7F1C011FF
4F7FFBF89014C0
B6FECBFA203500
71FE4BF8203400
5A03900CC0267F
D8026801BFD9FF
CDFC3FFAA03800
0DFF17FCC03880
C2024002DFCD7F
AAFF07FB602A80
21FDBFFFC03A40
BFFC50053FD480
3AFD3BF5800D7F
06FD47FE6017FF
A7FE200BC00BFF
2EFE37FDC02380
6AFD9BF8A03480
D900D8072FD57F
0AFF1BF6A02F00
76006009BFD880
D6FDA7FD602F00
C1FEEFF1401E00
7103500BBFC27F
9EFE5BF3A03C00
95FDA7F2080340
FC0048031FE3BF
CA02B4005FF27F
7C018805BFC500
25FDFBFF602880
47FECBF7401380
D20384096FFC00
E001600DBFCF00
DA02580E5FDDBF
2AFF6FF4C01100
D200BFFABFF0FF
3400C00FFFDB7F
91FCABFB002400
83FD8BF4202700
9103EFFE3FEA00
550260013FD7BF
97FE080BDFF9FF
45FCCBF0603B00
5FFFFFF97FE37F
0CFC2BF4A00480
94024803C02080
2A00BFF71FE900
34FF97F4601400
01FFBBF92008FF
91FE73F4E01D80
76FC47FC003300
02FF47F0402900
9102E40FDFC7FF
FEFFF7FE802F00
92022803DFE100
7EFC8FFD202B00
D302F0069FDA00
E0015809DFDCFF
8DFCCBF6003300
FDFEC7F6402280
380327F6103600
05FFDBF670357F
D102B80D5FDEFF
5101EFFEDFF0FF
C5FFEDF6502C00
8C02A80A9FF37F
DFFF100F3FC97F
8AFEBBF5FFC180
75FDAFF6A01F00
140227FF803CFF
810150085FE500
CDFD27F47FDA80
36FC6BF2401B00
C802D40FFFC100
B800F80EEFC67F
7803300B6FCCFF
99FE1BF9402780
EAFDDBF2102D00
B1FDDFFEC03FFF
B201940C5FC77F
A201BFF0EFFF7F
A20060073FE77F
B403FFF56FC000
250310016FFBFF
4CFE1BF6A01080
86FF0BFF400680
FEFD4BF3001140
95FF07FCFFFE80
EBFFE7F3800B80
E201FFF77FD4FF
96FEE7FE401A80
75FF7BF27FD300
3601CC055FE57F
F7FDD40A3FC700
D3FF5BF5E02800
92006FFDAFF4BF
37FD4FFEC02880
C6FF33F9C02200
E5FC0FFE7FF380
B3FFD00C9FC2FF
8802200FBFD9FF
340380090034FF
6A01180FDFDA00
89FCB7F1A027FF
1DFF67F8E00780
03FDF7FEC002FF
85FDB002803080
AAFF57FD401180
8CFEE7F5E01A00
3603C802DFEE7F
AC016FFB7FD8FF
8000F80F9FFF7F
0EFFCBF3303F00
B201E80B5FEBBF
05FF900BDFFCFF
0801A0027FCEFF
0BFDABF8400600
0A02800CCFD3FF
6102DFF99FDA7F
3C01980E3FE3FF
2AFF8FF0BFCA80
45030C0CBFE6FF
36FE07F89FFE80
F6FFF3FF3026C0
0600C005BFDD7F
EAFE37F8202980
C402E0063FCFBF
AE020805BFC7FF
12FF2BF3601980
A3FC37F3201B80
C200200980007F
4403C80680137F
3C029804BFC500
C1FFBBFC201000
E0FF5BF4C017FF
47FE7FFF4FD700
BCFCBBF4602600
900340007FC87F
9203C0059FEA7F
4102D8069FEF00
2CFF6BF3C036FF
C10060017FD67F
0D030401DFF800
13FFD00E3FF37F
760020077FD5BF
D9FED7F8202A00
EAFF77FF203900
2800EBF8BFC200
41FE97F4DFF480
9A03DFF0BFF800
7DFE2BFEC01D00
56FC8BF8FFFD80
01FEA7F5203900
75FE73F6C00180
C3FFF3F4A03C00
4DFE8FF56035FF
7C035FFD3FC080
2A02B8079FE87F
D402BFFEBFD000
B9FD1BF5600400
4EFF5BF1402EFF
FA02C006400DFF
0E03F003DFE000
69FFDBF22025FF
0C00B00C0018FF
D1FDE7FDA01D00
8EFDDBF6203280
82009BF53FC880
19FDE3FD100240
C9FE4BFB803E80
6E00E8019FF0FF
77FD680FDFC2FF
6CFCB7F1003AFF
FEFD8FF7C011FF
9203A8067FD1FF
C202D000FFD5FF
AEFD1BF3401180
6601F000BFE3FF
C1FF87FC802AC0
16FD37F86001FF
37FC37F91023FF
A30194019FD400
2A0350039FC1FF
E102FFF91FFC00
9600D007BFF7FF
8201E40DBFF8FF
8E013809BFD000
C600F00F7FEDFF
F8FF87FDA02080
C803D0059FDAFF
CCFE47FB601300
CC00E8019FC400
F3FFAFFD802F80
B4FF47F1FFC600
5FFD08016FDE00
180077F2E02E80
48FFAFF5C00880
3400C80A7FC400
F203C00C7FD17F
B0FDBDF6101400
FC00D0067FDEFF
E8FDABFA200780
C2FEDBFAA01C00
6600D00DDFD47F
A9033FF2BFD200
FAFDEFF1E03240
4503C00E1FC87F
36FC8FF7401F00
FBFD77F1FFF3FF
F2FD37FBFFD1FF
A600100A1FE200
210128049FCD7F
35FC6FF2803200
8CFF0FF2A02F00
B5FE4FFCFFE280
12FFEBFC602D00
D20060011FE300
2003C40D9FCDFF
0A0218051FC3FF
E3FDE7F2202980
FAFC07F3600A40
20004404003F7F
D203D0051FCF00
DAFC47FB400980
840128075FCB7F
4BFD080B9FCC00
8E01900AEFEA7F
B5FFC7F5201440
8101480DCFC87F
890070067FE400
C9FCAFFD402280
EEFD37F4001500
64025803DFFF7F
0503580C3FCAFF
33FFAFF63FDF7F
0C03A00C4FECFF
61FC1FFD803D40
EAFDFBF97FD5FF
61FD27FA7FEF00
010280055FF000
6AFC4FFAA02440
6A02E8045FFD7F
ADFCB7FA8003FF
E001580F5FC67F
79FD27F8A00980
2603E0069FF0FF
6403440F1FD5BF
C3FDDBFC200FFF
440008045FCD00
A603E804EFD5BF
F203280CDFE0FF
7600C4083FFD7F
F6FFF3F0000800
99FEA7FD002500
5FFCC007C01C7F
3CFD33FB601B40
CEFF27F4802280
D2FD97F6BFEFFF
46FCB3F0FFD100
D9FE87F2402E00
D8FFDBFAA02300
F37C8BFE7FCAFF
9200B0069FC4FF
BA0184068009FF
1FFD9002BFCE7F
A20238097FF5BF
B9FFBFFFFFE080
2EFC87F5203900
B80010086FD4FF
4A022408FFFFFF
A5FFD7FAC00900
5202E8081FFBFF
59FCB3FFA00880
B20137FCDFCA00
34006401EFF57F
EA031FF71FDA7F
F5FF73FFBFCE80
C001380CFFF8FF
E40280040006FF
D403580F7FDB7F
400268083FF6FF
A203B00BEFF57F
A002CBFCC0277F
6EFEFBF3FFF040
AAFE07F6800C80
0EFDC7F2A0137F
C1FDC7F64007FF
2AFFC7F2C02400
4C02E0005FCCFF
E9FF53FEA00D80
76FDABFCC02880
9EFE1BFE903080
8A009FFA0009FF
BCFE33FBA03440
8AFF37F2200D00
000130065FD9FF
0A02E007C0077F
D4FD9BF5602700
1FFC6FF75FDB7F
4801500EAFC9BF
F2FF23F2202280
D003D7F83FF67F
6801480D003600
7C02EFFF5FC17F
E2004804800BFF
7DFD33F4E01900
68FE4BF6800C00
71FD5BF7FFFB00
9C00E80ADFFEFF
85FE7BF8BFF5FF
81FC7FF5C02700
25FE3FFE4028FF
11FF27F3DFFCFF
9C026004AFF6FF
2903EFF06FF6FF
77FDDBFD200800
7FFE700FDFC9FF
D6FD73FF7FD200
92FD8FFD401200
41FC17F2E02280
E1FE67F6C03480
F003180BE0307F
4E03E009DFCF7F
FEFD67F3A00300
29FC3BF5400200
7F7D3BF1A02480
F5FCA7FA200700
25FDB7F4A03380
3FFD640D7FF0FF
AE02700EEFF400
59FC800C5FC380
76FCE7FDC01800
85FD1BFE5FF900
BEFE17F3100480
D7FCE0065FFAFF
11FEBBFB402180
BC01600ADFF3FF
B6FC1BFAFFE880
E302080EBFCD7F
F2FDDFFE801E00
BEFFB7FEE03040
540118083FC17F
44FCC7F01033FF
7E0358031FD4FF
D1FC3BF2602E00
480167F80007FF
5DFEDBFC201F00
09FF7BF7603BFF
9CFC4FFB200300
96FE2FFCA03EFF
3A02680ABFCAFF
040300025FF37F
53FD17F2A02D7F
9FFDA8035FC600
FDFEFBF7002800
8202F0036FDCFF
FA03E8039FC400
FEFC17F4200980
13FD200AC01F80
4EFD53F2102680
7DFC2FF9403F00
C77EE7FFA01300
FC03E804DFF67F
6401980400377F
23FCEBFFFFEC80
9C03C805EFE0FF
7EFDE00C403900
31FF97F4202C00
78FF9FF8001600
D3FDE7F9203380
06FFE7F0603F7F
B9FED006A00980
0A00240BDFE4FF
C3FC5BFA201DFF
81FE6BFC603100
B200F0096FC600
C20308015FC27F
D6006808403C7F
D1FEF3FD102D40
0BFF3BFEA00700
AEFE5BF0C01880
280270039FEFFF
8003400E5FD5FF
8503B80FDFD1FF
2C0288033FE17F
62FD0BF3E03D40
6E033000BFC600
D803A805DFD800
4003680FBFEB00
D4FEC3FEC03480
7E01FFF43FD6FF
B9FCC7F8BFF000
51FC9BFBFFDB80
F8FE6FFC502A80
BF7EA7FD202700
93FED7F6FFD180
55FCD7F4001700
EC02A40C7FF1FF
FDFD5FFB400980
7DFC77F4002800
1AFF07F1402800
86FDBBFDFFD280
14FE37FF602400
EA0200027FC07F
3A024801DFF67F
6C03F0009FDD7F
7002300B7FE5FF
CEFEB7F3C01080
1FFDA80CEFD47F
640378033FF37F
60037C095FF37F
4C02800B9FCA7F
5903BFF3BFF700
3AFD1BF5E02500
F00108055FF3FF
D1009009EFC3BF
31FF37FF800380
1603A8073FE400
D4FD7FF2402400
76FF7BF5E006FF
F101F0085FC3BF
9FFFC8007FDDBF
21FE3BF8400A80
3A01E8005FD400
E4FF7BF2600600
7DFF1BF5400840
5DFC3BFA102980
D101E40EC00DFF
69022FF4EFCBFF
D403A806BFD000
5E03D404EFD87F
EDFF2FF5801200
3DFDABF5803F00
0C00D00DDFE600
BC0390088019FF
9AFEBBFEBFE040
22FCBBFE000F00
83FEF3FB403400
2402C8071FC97F
F6011FF32FDB7F
9DFEBBFE802480
