Copyright 1986-2022 Xilinx, Inc. All Rights Reserved.
-----------------------------------------------------------------------------------------------------------------------------------------------------------------------------------------------------------------------------------------------------------------
| Tool Version      : Vivado v.2022.2 (lin64) Build 3671981 Fri Oct 14 04:59:54 MDT 2022
| Date              : Tue May 12 13:51:08 2026
| Host              : en4228283l running 64-bit Ubuntu 22.04.5 LTS
| Command           : report_timing_summary -max_paths 10 -report_unconstrained -file nn_classifier_wrapper_timing_summary_routed.rpt -pb nn_classifier_wrapper_timing_summary_routed.pb -rpx nn_classifier_wrapper_timing_summary_routed.rpx -warn_on_violation
| Design            : nn_classifier_wrapper
| Device            : xczu49dr-ffvf1760
| Speed File        : -2  PRODUCTION 1.32 01-31-2021
| Temperature Grade : E
-----------------------------------------------------------------------------------------------------------------------------------------------------------------------------------------------------------------------------------------------------------------

Timing Summary Report

------------------------------------------------------------------------------------------------
| Timer Settings
| --------------
------------------------------------------------------------------------------------------------

  Enable Multi Corner Analysis               :  Yes
  Enable Pessimism Removal                   :  Yes
  Pessimism Removal Resolution               :  Nearest Common Node
  Enable Input Delay Default Clock           :  No
  Enable Preset / Clear Arcs                 :  No
  Disable Flight Delays                      :  No
  Ignore I/O Paths                           :  No
  Timing Early Launch at Borrowing Latches   :  No
  Borrow Time for Max Delay Exceptions       :  Yes
  Merge Timing Exceptions                    :  Yes

  Corner  Analyze    Analyze    
  Name    Max Paths  Min Paths  
  ------  ---------  ---------  
  Slow    Yes        Yes        
  Fast    Yes        Yes        


------------------------------------------------------------------------------------------------
| Report Methodology
| ------------------
------------------------------------------------------------------------------------------------

Rule       Severity  Description                    Violations  
---------  --------  -----------------------------  ----------  
TIMING-18  Warning   Missing input or output delay  52          

Note: This report is based on the most recent report_methodology run and may not be up-to-date. Run report_methodology on the current design for the latest report.



check_timing report

Table of Contents
-----------------
1. checking no_clock (0)
2. checking constant_clock (0)
3. checking pulse_width_clock (0)
4. checking unconstrained_internal_endpoints (0)
5. checking no_input_delay (17)
6. checking no_output_delay (17)
7. checking multiple_clock (0)
8. checking generated_clocks (0)
9. checking loops (0)
10. checking partial_input_delay (0)
11. checking partial_output_delay (0)
12. checking latch_loops (0)

1. checking no_clock (0)
------------------------
 There are 0 register/latch pins with no clock.


2. checking constant_clock (0)
------------------------------
 There are 0 register/latch pins with constant_clock.


3. checking pulse_width_clock (0)
---------------------------------
 There are 0 register/latch pins which need pulse_width check


4. checking unconstrained_internal_endpoints (0)
------------------------------------------------
 There are 0 pins that are not constrained for maximum delay.

 There are 0 pins that are not constrained for maximum delay due to constant clock.


5. checking no_input_delay (17)
-------------------------------
 There are 17 input ports with no input delay specified. (HIGH)

 There are 0 input ports with no input delay but user has a false path constraint.


6. checking no_output_delay (17)
--------------------------------
 There are 17 ports with no output delay specified. (HIGH)

 There are 0 ports with no output delay but user has a false path constraint

 There are 0 ports with no output delay but with a timing clock defined on it or propagating through it


7. checking multiple_clock (0)
------------------------------
 There are 0 register/latch pins with multiple clocks.


8. checking generated_clocks (0)
--------------------------------
 There are 0 generated clocks that are not connected to a clock source.


9. checking loops (0)
---------------------
 There are 0 combinational loops in the design.


10. checking partial_input_delay (0)
------------------------------------
 There are 0 input ports with partial input delay specified.


11. checking partial_output_delay (0)
-------------------------------------
 There are 0 ports with partial output delay specified.


12. checking latch_loops (0)
----------------------------
 There are 0 combinational latch loops in the design through latch input



------------------------------------------------------------------------------------------------
| Design Timing Summary
| ---------------------
------------------------------------------------------------------------------------------------

    WNS(ns)      TNS(ns)  TNS Failing Endpoints  TNS Total Endpoints      WHS(ns)      THS(ns)  THS Failing Endpoints  THS Total Endpoints     WPWS(ns)     TPWS(ns)  TPWS Failing Endpoints  TPWS Total Endpoints  
    -------      -------  ---------------------  -------------------      -------      -------  ---------------------  -------------------     --------     --------  ----------------------  --------------------  
     -0.679    -2298.960                   6937                13274        0.010        0.000                      0                13274       -0.290       -2.850                      41                 13234  


Timing constraints are not met.


------------------------------------------------------------------------------------------------
| Clock Summary
| -------------
------------------------------------------------------------------------------------------------

Clock   Waveform(ns)         Period(ns)      Frequency(MHz)
-----   ------------         ----------      --------------
ap_clk  {0.000 0.500}        1.000           1000.000        


------------------------------------------------------------------------------------------------
| Intra Clock Table
| -----------------
------------------------------------------------------------------------------------------------

Clock             WNS(ns)      TNS(ns)  TNS Failing Endpoints  TNS Total Endpoints      WHS(ns)      THS(ns)  THS Failing Endpoints  THS Total Endpoints     WPWS(ns)     TPWS(ns)  TPWS Failing Endpoints  TPWS Total Endpoints  
-----             -------      -------  ---------------------  -------------------      -------      -------  ---------------------  -------------------     --------     --------  ----------------------  --------------------  
ap_clk             -0.679    -2298.960                   6937                13274        0.010        0.000                      0                13274       -0.290       -2.850                      41                 13234  


------------------------------------------------------------------------------------------------
| Inter Clock Table
| -----------------
------------------------------------------------------------------------------------------------

From Clock    To Clock          WNS(ns)      TNS(ns)  TNS Failing Endpoints  TNS Total Endpoints      WHS(ns)      THS(ns)  THS Failing Endpoints  THS Total Endpoints  
----------    --------          -------      -------  ---------------------  -------------------      -------      -------  ---------------------  -------------------  


------------------------------------------------------------------------------------------------
| Other Path Groups Table
| -----------------------
------------------------------------------------------------------------------------------------

Path Group    From Clock    To Clock          WNS(ns)      TNS(ns)  TNS Failing Endpoints  TNS Total Endpoints      WHS(ns)      THS(ns)  THS Failing Endpoints  THS Total Endpoints  
----------    ----------    --------          -------      -------  ---------------------  -------------------      -------      -------  ---------------------  -------------------  


------------------------------------------------------------------------------------------------
| User Ignored Path Table
| -----------------------
------------------------------------------------------------------------------------------------

Path Group    From Clock    To Clock    
----------    ----------    --------    


------------------------------------------------------------------------------------------------
| Unconstrained Path Table
| ------------------------
------------------------------------------------------------------------------------------------

Path Group    From Clock    To Clock    
----------    ----------    --------    
(none)        ap_clk                      
(none)                      ap_clk        


------------------------------------------------------------------------------------------------
| Timing Details
| --------------
------------------------------------------------------------------------------------------------


---------------------------------------------------------------------------------------------------
From Clock:  ap_clk
  To Clock:  ap_clk

Setup :         6937  Failing Endpoints,  Worst Slack       -0.679ns,  Total Violation    -2298.960ns
Hold  :            0  Failing Endpoints,  Worst Slack        0.010ns,  Total Violation        0.000ns
PW    :           41  Failing Endpoints,  Worst Slack       -0.290ns,  Total Violation       -2.850ns
---------------------------------------------------------------------------------------------------


Max Delay Paths
--------------------------------------------------------------------------------------
Slack (VIOLATED) :        -0.679ns  (required time - arrival time)
  Source:                 u_nn_accelerator/u_logicnet/layer3_reg/data_out_reg[25]/C
                            (rising edge-triggered cell FDRE clocked by ap_clk  {rise@0.000ns fall@0.500ns period=1.000ns})
  Destination:            out_DATA_reg[0]/D
                            (rising edge-triggered cell FDCE clocked by ap_clk  {rise@0.000ns fall@0.500ns period=1.000ns})
  Path Group:             ap_clk
  Path Type:              Setup (Max at Slow Process Corner)
  Requirement:            1.000ns  (ap_clk rise@1.000ns - ap_clk rise@0.000ns)
  Data Path Delay:        1.603ns  (logic 0.704ns (43.914%)  route 0.899ns (56.086%))
  Logic Levels:           7  (LUT5=1 LUT6=4 MUXF7=1 MUXF8=1)
  Clock Path Skew:        -0.065ns (DCD - SCD + CPR)
    Destination Clock Delay (DCD):    2.248ns = ( 3.248 - 1.000 ) 
    Source Clock Delay      (SCD):    2.974ns
    Clock Pessimism Removal (CPR):    0.661ns
  Clock Uncertainty:      0.035ns  ((TSJ^2 + TIJ^2)^1/2 + DJ) / 2 + PE
    Total System Jitter     (TSJ):    0.071ns
    Total Input Jitter      (TIJ):    0.000ns
    Discrete Jitter          (DJ):    0.000ns
    Phase Error              (PE):    0.000ns
  Clock Net Delay (Source):      1.661ns (routing 0.760ns, distribution 0.901ns)
  Clock Net Delay (Destination): 1.481ns (routing 0.691ns, distribution 0.790ns)

    Location             Delay type                Incr(ns)  Path(ns)    Netlist Resource(s)
  -------------------------------------------------------------------    -------------------
                         (clock ap_clk rise edge)     0.000     0.000 r  
    E11                                               0.000     0.000 r  ap_clk (IN)
                         net (fo=0)                   0.000     0.000    ap_clk_IBUF_inst/I
    E11                  INBUF (Prop_INBUF_HDIOB_M_PAD_O)
                                                      1.081     1.081 r  ap_clk_IBUF_inst/INBUF_INST/O
                         net (fo=1, routed)           0.000     1.081    ap_clk_IBUF_inst/OUT
    E11                  IBUFCTRL (Prop_IBUFCTRL_HDIOB_M_I_O)
                                                      0.000     1.081 r  ap_clk_IBUF_inst/IBUFCTRL_INST/O
                         net (fo=1, routed)           0.204     1.285    ap_clk_IBUF
    BUFGCE_HDIO_X0Y6     BUFGCE (Prop_BUFCE_BUFGCE_HDIO_I_O)
                                                      0.028     1.313 r  ap_clk_IBUF_BUFG_inst/O
    X4Y4 (CLOCK_ROOT)    net (fo=13233, routed)       1.661     2.974    u_nn_accelerator/u_logicnet/layer3_reg/ap_clk_IBUF_BUFG
    SLICE_X100Y341       FDRE                                         r  u_nn_accelerator/u_logicnet/layer3_reg/data_out_reg[25]/C
  -------------------------------------------------------------------    -------------------
    SLICE_X100Y341       FDRE (Prop_DFF_SLICEL_C_Q)
                                                      0.079     3.053 r  u_nn_accelerator/u_logicnet/layer3_reg/data_out_reg[25]/Q
                         net (fo=122, routed)         0.303     3.356    u_nn_accelerator/u_logicnet/layer3_inst/layer3_N0_inst/M3w[15]
    SLICE_X101Y346       LUT6 (Prop_G6LUT_SLICEL_I2_O)
                                                      0.097     3.453 r  u_nn_accelerator/u_logicnet/layer3_inst/layer3_N0_inst/out_DATA[0]_i_195/O
                         net (fo=7, routed)           0.212     3.666    u_nn_accelerator/u_logicnet/layer3_inst/layer3_N0_inst/out_DATA[0]_i_195_n_0
    SLICE_X102Y347       LUT5 (Prop_A6LUT_SLICEL_I4_O)
                                                      0.050     3.716 r  u_nn_accelerator/u_logicnet/layer3_inst/layer3_N0_inst/out_DATA[0]_i_98/O
                         net (fo=5, routed)           0.105     3.821    u_nn_accelerator/u_logicnet/layer3_inst/layer3_N0_inst/out_DATA[0]_i_98_n_0
    SLICE_X101Y347       LUT6 (Prop_G6LUT_SLICEL_I1_O)
                                                      0.149     3.970 r  u_nn_accelerator/u_logicnet/layer3_inst/layer3_N0_inst/out_DATA[0]_i_31/O
                         net (fo=2, routed)           0.142     4.111    u_nn_accelerator/u_logicnet/layer3_inst/layer3_N0_inst/out_DATA[0]_i_31_n_0
    SLICE_X100Y348       LUT6 (Prop_D6LUT_SLICEL_I0_O)
                                                      0.122     4.233 r  u_nn_accelerator/u_logicnet/layer3_inst/layer3_N0_inst/out_DATA[0]_i_10/O
                         net (fo=2, routed)           0.094     4.327    u_nn_accelerator/u_logicnet/layer3_inst/layer3_N0_inst/out_DATA[0]_i_10_n_0
    SLICE_X101Y348       LUT6 (Prop_A6LUT_SLICEL_I3_O)
                                                      0.124     4.451 r  u_nn_accelerator/u_logicnet/layer3_inst/layer3_N0_inst/out_DATA[0]_i_7/O
                         net (fo=1, routed)           0.009     4.460    u_nn_accelerator/u_logicnet/layer3_inst/layer3_N0_inst/out_DATA[0]_i_7_n_0
    SLICE_X101Y348       MUXF7 (Prop_F7MUX_AB_SLICEL_I1_O)
                                                      0.057     4.517 r  u_nn_accelerator/u_logicnet/layer3_inst/layer3_N0_inst/out_DATA_reg[0]_i_3/O
                         net (fo=1, routed)           0.000     4.517    u_nn_accelerator/u_logicnet/layer3_inst/layer3_N0_inst/out_DATA_reg[0]_i_3_n_0
    SLICE_X101Y348       MUXF8 (Prop_F8MUX_BOT_SLICEL_I1_O)
                                                      0.026     4.543 r  u_nn_accelerator/u_logicnet/layer3_inst/layer3_N0_inst/out_DATA_reg[0]_i_1/O
                         net (fo=1, routed)           0.034     4.577    nn_prediction_out[0]
    SLICE_X101Y348       FDCE                                         r  out_DATA_reg[0]/D
  -------------------------------------------------------------------    -------------------

                         (clock ap_clk rise edge)     1.000     1.000 r  
    E11                                               0.000     1.000 r  ap_clk (IN)
                         net (fo=0)                   0.000     1.000    ap_clk_IBUF_inst/I
    E11                  INBUF (Prop_INBUF_HDIOB_M_PAD_O)
                                                      0.574     1.574 r  ap_clk_IBUF_inst/INBUF_INST/O
                         net (fo=1, routed)           0.000     1.574    ap_clk_IBUF_inst/OUT
    E11                  IBUFCTRL (Prop_IBUFCTRL_HDIOB_M_I_O)
                                                      0.000     1.574 r  ap_clk_IBUF_inst/IBUFCTRL_INST/O
                         net (fo=1, routed)           0.169     1.743    ap_clk_IBUF
    BUFGCE_HDIO_X0Y6     BUFGCE (Prop_BUFCE_BUFGCE_HDIO_I_O)
                                                      0.024     1.767 r  ap_clk_IBUF_BUFG_inst/O
    X4Y4 (CLOCK_ROOT)    net (fo=13233, routed)       1.481     3.248    ap_clk_IBUF_BUFG
    SLICE_X101Y348       FDCE                                         r  out_DATA_reg[0]/C
                         clock pessimism              0.661     3.909    
                         clock uncertainty           -0.035     3.873    
    SLICE_X101Y348       FDCE (Setup_CFF_SLICEL_C_D)
                                                      0.025     3.898    out_DATA_reg[0]
  -------------------------------------------------------------------
                         required time                          3.898    
                         arrival time                          -4.577    
  -------------------------------------------------------------------
                         slack                                 -0.679    

Slack (VIOLATED) :        -0.660ns  (required time - arrival time)
  Source:                 u_nn_accelerator/u_logicnet/layer3_reg/data_out_reg[1]/C
                            (rising edge-triggered cell FDRE clocked by ap_clk  {rise@0.000ns fall@0.500ns period=1.000ns})
  Destination:            out_DATA_reg[1]/D
                            (rising edge-triggered cell FDCE clocked by ap_clk  {rise@0.000ns fall@0.500ns period=1.000ns})
  Path Group:             ap_clk
  Path Type:              Setup (Max at Slow Process Corner)
  Requirement:            1.000ns  (ap_clk rise@1.000ns - ap_clk rise@0.000ns)
  Data Path Delay:        1.568ns  (logic 0.709ns (45.224%)  route 0.859ns (54.776%))
  Logic Levels:           7  (LUT5=1 LUT6=4 MUXF7=1 MUXF8=1)
  Clock Path Skew:        -0.082ns (DCD - SCD + CPR)
    Destination Clock Delay (DCD):    2.237ns = ( 3.237 - 1.000 ) 
    Source Clock Delay      (SCD):    2.980ns
    Clock Pessimism Removal (CPR):    0.661ns
  Clock Uncertainty:      0.035ns  ((TSJ^2 + TIJ^2)^1/2 + DJ) / 2 + PE
    Total System Jitter     (TSJ):    0.071ns
    Total Input Jitter      (TIJ):    0.000ns
    Discrete Jitter          (DJ):    0.000ns
    Phase Error              (PE):    0.000ns
  Clock Net Delay (Source):      1.667ns (routing 0.760ns, distribution 0.907ns)
  Clock Net Delay (Destination): 1.470ns (routing 0.691ns, distribution 0.779ns)

    Location             Delay type                Incr(ns)  Path(ns)    Netlist Resource(s)
  -------------------------------------------------------------------    -------------------
                         (clock ap_clk rise edge)     0.000     0.000 r  
    E11                                               0.000     0.000 r  ap_clk (IN)
                         net (fo=0)                   0.000     0.000    ap_clk_IBUF_inst/I
    E11                  INBUF (Prop_INBUF_HDIOB_M_PAD_O)
                                                      1.081     1.081 r  ap_clk_IBUF_inst/INBUF_INST/O
                         net (fo=1, routed)           0.000     1.081    ap_clk_IBUF_inst/OUT
    E11                  IBUFCTRL (Prop_IBUFCTRL_HDIOB_M_I_O)
                                                      0.000     1.081 r  ap_clk_IBUF_inst/IBUFCTRL_INST/O
                         net (fo=1, routed)           0.204     1.285    ap_clk_IBUF
    BUFGCE_HDIO_X0Y6     BUFGCE (Prop_BUFCE_BUFGCE_HDIO_I_O)
                                                      0.028     1.313 r  ap_clk_IBUF_BUFG_inst/O
    X4Y4 (CLOCK_ROOT)    net (fo=13233, routed)       1.667     2.980    u_nn_accelerator/u_logicnet/layer3_reg/ap_clk_IBUF_BUFG
    SLICE_X101Y345       FDRE                                         r  u_nn_accelerator/u_logicnet/layer3_reg/data_out_reg[1]/C
  -------------------------------------------------------------------    -------------------
    SLICE_X101Y345       FDRE (Prop_DFF_SLICEL_C_Q)
                                                      0.079     3.059 r  u_nn_accelerator/u_logicnet/layer3_reg/data_out_reg[1]/Q
                         net (fo=116, routed)         0.323     3.382    u_nn_accelerator/u_logicnet/layer3_inst/layer3_N0_inst/M3w[1]
    SLICE_X100Y342       LUT6 (Prop_F6LUT_SLICEL_I0_O)
                                                      0.123     3.505 r  u_nn_accelerator/u_logicnet/layer3_inst/layer3_N0_inst/out_DATA[1]_i_150/O
                         net (fo=11, routed)          0.152     3.657    u_nn_accelerator/u_logicnet/layer3_inst/layer3_N0_inst/out_DATA[1]_i_150_n_0
    SLICE_X99Y341        LUT5 (Prop_E6LUT_SLICEM_I0_O)
                                                      0.091     3.748 r  u_nn_accelerator/u_logicnet/layer3_inst/layer3_N0_inst/out_DATA[1]_i_90/O
                         net (fo=3, routed)           0.113     3.862    u_nn_accelerator/u_logicnet/layer3_inst/layer3_N0_inst/out_DATA[1]_i_90_n_0
    SLICE_X98Y341        LUT6 (Prop_C6LUT_SLICEL_I0_O)
                                                      0.146     4.008 r  u_nn_accelerator/u_logicnet/layer3_inst/layer3_N0_inst/out_DATA[1]_i_31/O
                         net (fo=2, routed)           0.137     4.145    u_nn_accelerator/u_logicnet/layer3_inst/layer3_N0_inst/out_DATA[1]_i_31_n_0
    SLICE_X99Y340        LUT6 (Prop_C6LUT_SLICEM_I0_O)
                                                      0.098     4.243 r  u_nn_accelerator/u_logicnet/layer3_inst/layer3_N0_inst/out_DATA[1]_i_20/O
                         net (fo=1, routed)           0.090     4.333    u_nn_accelerator/u_logicnet/layer3_inst/layer3_N0_inst/out_DATA[1]_i_20_n_0
    SLICE_X98Y340        LUT6 (Prop_B6LUT_SLICEL_I5_O)
                                                      0.090     4.423 r  u_nn_accelerator/u_logicnet/layer3_inst/layer3_N0_inst/out_DATA[1]_i_7/O
                         net (fo=1, routed)           0.009     4.432    u_nn_accelerator/u_logicnet/layer3_inst/layer3_N0_inst/out_DATA[1]_i_7_n_0
    SLICE_X98Y340        MUXF7 (Prop_F7MUX_AB_SLICEL_I0_O)
                                                      0.056     4.488 r  u_nn_accelerator/u_logicnet/layer3_inst/layer3_N0_inst/out_DATA_reg[1]_i_4/O
                         net (fo=1, routed)           0.000     4.488    u_nn_accelerator/u_logicnet/layer3_inst/layer3_N0_inst/out_DATA_reg[1]_i_4_n_0
    SLICE_X98Y340        MUXF8 (Prop_F8MUX_BOT_SLICEL_I1_O)
                                                      0.026     4.514 r  u_nn_accelerator/u_logicnet/layer3_inst/layer3_N0_inst/out_DATA_reg[1]_i_2/O
                         net (fo=1, routed)           0.034     4.548    nn_prediction_out[1]
    SLICE_X98Y340        FDCE                                         r  out_DATA_reg[1]/D
  -------------------------------------------------------------------    -------------------

                         (clock ap_clk rise edge)     1.000     1.000 r  
    E11                                               0.000     1.000 r  ap_clk (IN)
                         net (fo=0)                   0.000     1.000    ap_clk_IBUF_inst/I
    E11                  INBUF (Prop_INBUF_HDIOB_M_PAD_O)
                                                      0.574     1.574 r  ap_clk_IBUF_inst/INBUF_INST/O
                         net (fo=1, routed)           0.000     1.574    ap_clk_IBUF_inst/OUT
    E11                  IBUFCTRL (Prop_IBUFCTRL_HDIOB_M_I_O)
                                                      0.000     1.574 r  ap_clk_IBUF_inst/IBUFCTRL_INST/O
                         net (fo=1, routed)           0.169     1.743    ap_clk_IBUF
    BUFGCE_HDIO_X0Y6     BUFGCE (Prop_BUFCE_BUFGCE_HDIO_I_O)
                                                      0.024     1.767 r  ap_clk_IBUF_BUFG_inst/O
    X4Y4 (CLOCK_ROOT)    net (fo=13233, routed)       1.470     3.237    ap_clk_IBUF_BUFG
    SLICE_X98Y340        FDCE                                         r  out_DATA_reg[1]/C
                         clock pessimism              0.661     3.898    
                         clock uncertainty           -0.035     3.862    
    SLICE_X98Y340        FDCE (Setup_CFF_SLICEL_C_D)
                                                      0.025     3.887    out_DATA_reg[1]
  -------------------------------------------------------------------
                         required time                          3.887    
                         arrival time                          -4.548    
  -------------------------------------------------------------------
                         slack                                 -0.660    

Slack (VIOLATED) :        -0.614ns  (required time - arrival time)
  Source:                 u_nn_accelerator/u_logicnet/layer2_reg/data_out_reg[14]/C
                            (rising edge-triggered cell FDRE clocked by ap_clk  {rise@0.000ns fall@0.500ns period=1.000ns})
  Destination:            u_nn_accelerator/u_logicnet/layer3_reg/data_out_reg[22]/D
                            (rising edge-triggered cell FDRE clocked by ap_clk  {rise@0.000ns fall@0.500ns period=1.000ns})
  Path Group:             ap_clk
  Path Type:              Setup (Max at Slow Process Corner)
  Requirement:            1.000ns  (ap_clk rise@1.000ns - ap_clk rise@0.000ns)
  Data Path Delay:        1.543ns  (logic 0.482ns (31.235%)  route 1.061ns (68.765%))
  Logic Levels:           5  (LUT6=3 MUXF7=1 MUXF8=1)
  Clock Path Skew:        -0.060ns (DCD - SCD + CPR)
    Destination Clock Delay (DCD):    2.242ns = ( 3.242 - 1.000 ) 
    Source Clock Delay      (SCD):    2.963ns
    Clock Pessimism Removal (CPR):    0.661ns
  Clock Uncertainty:      0.035ns  ((TSJ^2 + TIJ^2)^1/2 + DJ) / 2 + PE
    Total System Jitter     (TSJ):    0.071ns
    Total Input Jitter      (TIJ):    0.000ns
    Discrete Jitter          (DJ):    0.000ns
    Phase Error              (PE):    0.000ns
  Clock Net Delay (Source):      1.650ns (routing 0.760ns, distribution 0.890ns)
  Clock Net Delay (Destination): 1.475ns (routing 0.691ns, distribution 0.784ns)

    Location             Delay type                Incr(ns)  Path(ns)    Netlist Resource(s)
  -------------------------------------------------------------------    -------------------
                         (clock ap_clk rise edge)     0.000     0.000 r  
    E11                                               0.000     0.000 r  ap_clk (IN)
                         net (fo=0)                   0.000     0.000    ap_clk_IBUF_inst/I
    E11                  INBUF (Prop_INBUF_HDIOB_M_PAD_O)
                                                      1.081     1.081 r  ap_clk_IBUF_inst/INBUF_INST/O
                         net (fo=1, routed)           0.000     1.081    ap_clk_IBUF_inst/OUT
    E11                  IBUFCTRL (Prop_IBUFCTRL_HDIOB_M_I_O)
                                                      0.000     1.081 r  ap_clk_IBUF_inst/IBUFCTRL_INST/O
                         net (fo=1, routed)           0.204     1.285    ap_clk_IBUF
    BUFGCE_HDIO_X0Y6     BUFGCE (Prop_BUFCE_BUFGCE_HDIO_I_O)
                                                      0.028     1.313 r  ap_clk_IBUF_BUFG_inst/O
    X4Y4 (CLOCK_ROOT)    net (fo=13233, routed)       1.650     2.963    u_nn_accelerator/u_logicnet/layer2_reg/ap_clk_IBUF_BUFG
    SLICE_X98Y335        FDRE                                         r  u_nn_accelerator/u_logicnet/layer2_reg/data_out_reg[14]/C
  -------------------------------------------------------------------    -------------------
    SLICE_X98Y335        FDRE (Prop_DFF_SLICEL_C_Q)
                                                      0.079     3.042 r  u_nn_accelerator/u_logicnet/layer2_reg/data_out_reg[14]/Q
                         net (fo=73, routed)          0.371     3.413    u_nn_accelerator/u_logicnet/layer2_inst/layer2_N11_inst/M2w[0]
    SLICE_X97Y338        LUT6 (Prop_G6LUT_SLICEM_I2_O)
                                                      0.100     3.513 r  u_nn_accelerator/u_logicnet/layer2_inst/layer2_N11_inst/data_out[22]_i_37/O
                         net (fo=2, routed)           0.158     3.671    u_nn_accelerator/u_logicnet/layer2_inst/layer2_N11_inst/data_out[22]_i_37_n_0
    SLICE_X99Y337        LUT6 (Prop_B6LUT_SLICEM_I3_O)
                                                      0.125     3.796 r  u_nn_accelerator/u_logicnet/layer2_inst/layer2_N11_inst/data_out[22]_i_28/O
                         net (fo=1, routed)           0.017     3.813    u_nn_accelerator/u_logicnet/layer2_inst/layer2_N11_inst/data_out[22]_i_28_n_0
    SLICE_X99Y337        MUXF7 (Prop_F7MUX_AB_SLICEM_I0_O)
                                                      0.060     3.873 r  u_nn_accelerator/u_logicnet/layer2_inst/layer2_N11_inst/data_out_reg[22]_i_13/O
                         net (fo=1, routed)           0.000     3.873    u_nn_accelerator/u_logicnet/layer2_inst/layer2_N11_inst/data_out_reg[22]_i_13_n_0
    SLICE_X99Y337        MUXF8 (Prop_F8MUX_BOT_SLICEM_I1_O)
                                                      0.028     3.901 r  u_nn_accelerator/u_logicnet/layer2_inst/layer2_N11_inst/data_out_reg[22]_i_5/O
                         net (fo=1, routed)           0.261     4.162    u_nn_accelerator/u_logicnet/layer2_inst/layer2_N11_inst/data_out_reg[22]_i_5_n_0
    SLICE_X101Y342       LUT6 (Prop_A6LUT_SLICEL_I5_O)
                                                      0.090     4.252 r  u_nn_accelerator/u_logicnet/layer2_inst/layer2_N11_inst/data_out[22]_i_1/O
                         net (fo=1, routed)           0.254     4.506    u_nn_accelerator/u_logicnet/layer3_reg/M3[12]
    SLICE_X100Y344       FDRE                                         r  u_nn_accelerator/u_logicnet/layer3_reg/data_out_reg[22]/D
  -------------------------------------------------------------------    -------------------

                         (clock ap_clk rise edge)     1.000     1.000 r  
    E11                                               0.000     1.000 r  ap_clk (IN)
                         net (fo=0)                   0.000     1.000    ap_clk_IBUF_inst/I
    E11                  INBUF (Prop_INBUF_HDIOB_M_PAD_O)
                                                      0.574     1.574 r  ap_clk_IBUF_inst/INBUF_INST/O
                         net (fo=1, routed)           0.000     1.574    ap_clk_IBUF_inst/OUT
    E11                  IBUFCTRL (Prop_IBUFCTRL_HDIOB_M_I_O)
                                                      0.000     1.574 r  ap_clk_IBUF_inst/IBUFCTRL_INST/O
                         net (fo=1, routed)           0.169     1.743    ap_clk_IBUF
    BUFGCE_HDIO_X0Y6     BUFGCE (Prop_BUFCE_BUFGCE_HDIO_I_O)
                                                      0.024     1.767 r  ap_clk_IBUF_BUFG_inst/O
    X4Y4 (CLOCK_ROOT)    net (fo=13233, routed)       1.475     3.242    u_nn_accelerator/u_logicnet/layer3_reg/ap_clk_IBUF_BUFG
    SLICE_X100Y344       FDRE                                         r  u_nn_accelerator/u_logicnet/layer3_reg/data_out_reg[22]/C
                         clock pessimism              0.661     3.903    
                         clock uncertainty           -0.035     3.868    
    SLICE_X100Y344       FDRE (Setup_AFF2_SLICEL_C_D)
                                                      0.025     3.893    u_nn_accelerator/u_logicnet/layer3_reg/data_out_reg[22]
  -------------------------------------------------------------------
                         required time                          3.893    
                         arrival time                          -4.506    
  -------------------------------------------------------------------
                         slack                                 -0.614    

Slack (VIOLATED) :        -0.609ns  (required time - arrival time)
  Source:                 u_nn_accelerator/u_logicnet/layer2_reg/data_out_reg[73]/C
                            (rising edge-triggered cell FDRE clocked by ap_clk  {rise@0.000ns fall@0.500ns period=1.000ns})
  Destination:            u_nn_accelerator/u_logicnet/layer3_reg/data_out_reg[3]/D
                            (rising edge-triggered cell FDRE clocked by ap_clk  {rise@0.000ns fall@0.500ns period=1.000ns})
  Path Group:             ap_clk
  Path Type:              Setup (Max at Slow Process Corner)
  Requirement:            1.000ns  (ap_clk rise@1.000ns - ap_clk rise@0.000ns)
  Data Path Delay:        1.597ns  (logic 0.524ns (32.820%)  route 1.073ns (67.180%))
  Logic Levels:           6  (LUT5=3 LUT6=1 MUXF7=1 MUXF8=1)
  Clock Path Skew:        -0.002ns (DCD - SCD + CPR)
    Destination Clock Delay (DCD):    2.245ns = ( 3.245 - 1.000 ) 
    Source Clock Delay      (SCD):    2.904ns
    Clock Pessimism Removal (CPR):    0.657ns
  Clock Uncertainty:      0.035ns  ((TSJ^2 + TIJ^2)^1/2 + DJ) / 2 + PE
    Total System Jitter     (TSJ):    0.071ns
    Total Input Jitter      (TIJ):    0.000ns
    Discrete Jitter          (DJ):    0.000ns
    Phase Error              (PE):    0.000ns
  Clock Net Delay (Source):      1.591ns (routing 0.760ns, distribution 0.831ns)
  Clock Net Delay (Destination): 1.478ns (routing 0.691ns, distribution 0.787ns)

    Location             Delay type                Incr(ns)  Path(ns)    Netlist Resource(s)
  -------------------------------------------------------------------    -------------------
                         (clock ap_clk rise edge)     0.000     0.000 r  
    E11                                               0.000     0.000 r  ap_clk (IN)
                         net (fo=0)                   0.000     0.000    ap_clk_IBUF_inst/I
    E11                  INBUF (Prop_INBUF_HDIOB_M_PAD_O)
                                                      1.081     1.081 r  ap_clk_IBUF_inst/INBUF_INST/O
                         net (fo=1, routed)           0.000     1.081    ap_clk_IBUF_inst/OUT
    E11                  IBUFCTRL (Prop_IBUFCTRL_HDIOB_M_I_O)
                                                      0.000     1.081 r  ap_clk_IBUF_inst/IBUFCTRL_INST/O
                         net (fo=1, routed)           0.204     1.285    ap_clk_IBUF
    BUFGCE_HDIO_X0Y6     BUFGCE (Prop_BUFCE_BUFGCE_HDIO_I_O)
                                                      0.028     1.313 r  ap_clk_IBUF_BUFG_inst/O
    X4Y4 (CLOCK_ROOT)    net (fo=13233, routed)       1.591     2.904    u_nn_accelerator/u_logicnet/layer2_reg/ap_clk_IBUF_BUFG
    SLICE_X92Y328        FDRE                                         r  u_nn_accelerator/u_logicnet/layer2_reg/data_out_reg[73]/C
  -------------------------------------------------------------------    -------------------
    SLICE_X92Y328        FDRE (Prop_AFF_SLICEL_C_Q)
                                                      0.079     2.983 r  u_nn_accelerator/u_logicnet/layer2_reg/data_out_reg[73]/Q
                         net (fo=66, routed)          0.466     3.449    u_nn_accelerator/u_logicnet/layer2_inst/layer2_N1_inst/M2w[9]
    SLICE_X94Y341        LUT5 (Prop_B6LUT_SLICEM_I2_O)
                                                      0.089     3.538 r  u_nn_accelerator/u_logicnet/layer2_inst/layer2_N1_inst/data_out[3]_i_42/O
                         net (fo=1, routed)           0.142     3.680    u_nn_accelerator/u_logicnet/layer2_inst/layer2_N1_inst/data_out[3]_i_42_n_0
    SLICE_X94Y342        LUT5 (Prop_E6LUT_SLICEM_I0_O)
                                                      0.100     3.780 r  u_nn_accelerator/u_logicnet/layer2_inst/layer2_N1_inst/data_out[3]_i_26/O
                         net (fo=2, routed)           0.259     4.040    u_nn_accelerator/u_logicnet/layer2_inst/layer2_N1_inst/data_out[3]_i_26_n_0
    SLICE_X101Y344       LUT5 (Prop_E5LUT_SLICEL_I0_O)
                                                      0.138     4.178 r  u_nn_accelerator/u_logicnet/layer2_inst/layer2_N1_inst/data_out[3]_i_19/O
                         net (fo=1, routed)           0.162     4.340    u_nn_accelerator/u_logicnet/layer2_inst/layer2_N1_inst/data_out[3]_i_19_n_0
    SLICE_X101Y344       LUT6 (Prop_A6LUT_SLICEL_I3_O)
                                                      0.035     4.375 r  u_nn_accelerator/u_logicnet/layer2_inst/layer2_N1_inst/data_out[3]_i_7/O
                         net (fo=1, routed)           0.009     4.384    u_nn_accelerator/u_logicnet/layer2_inst/layer2_N1_inst/data_out[3]_i_7_n_0
    SLICE_X101Y344       MUXF7 (Prop_F7MUX_AB_SLICEL_I1_O)
                                                      0.057     4.441 r  u_nn_accelerator/u_logicnet/layer2_inst/layer2_N1_inst/data_out_reg[3]_i_3/O
                         net (fo=1, routed)           0.000     4.441    u_nn_accelerator/u_logicnet/layer2_inst/layer2_N1_inst/data_out_reg[3]_i_3_n_0
    SLICE_X101Y344       MUXF8 (Prop_F8MUX_BOT_SLICEL_I1_O)
                                                      0.026     4.467 r  u_nn_accelerator/u_logicnet/layer2_inst/layer2_N1_inst/data_out_reg[3]_i_1/O
                         net (fo=1, routed)           0.034     4.501    u_nn_accelerator/u_logicnet/layer3_reg/M3[3]
    SLICE_X101Y344       FDRE                                         r  u_nn_accelerator/u_logicnet/layer3_reg/data_out_reg[3]/D
  -------------------------------------------------------------------    -------------------

                         (clock ap_clk rise edge)     1.000     1.000 r  
    E11                                               0.000     1.000 r  ap_clk (IN)
                         net (fo=0)                   0.000     1.000    ap_clk_IBUF_inst/I
    E11                  INBUF (Prop_INBUF_HDIOB_M_PAD_O)
                                                      0.574     1.574 r  ap_clk_IBUF_inst/INBUF_INST/O
                         net (fo=1, routed)           0.000     1.574    ap_clk_IBUF_inst/OUT
    E11                  IBUFCTRL (Prop_IBUFCTRL_HDIOB_M_I_O)
                                                      0.000     1.574 r  ap_clk_IBUF_inst/IBUFCTRL_INST/O
                         net (fo=1, routed)           0.169     1.743    ap_clk_IBUF
    BUFGCE_HDIO_X0Y6     BUFGCE (Prop_BUFCE_BUFGCE_HDIO_I_O)
                                                      0.024     1.767 r  ap_clk_IBUF_BUFG_inst/O
    X4Y4 (CLOCK_ROOT)    net (fo=13233, routed)       1.478     3.245    u_nn_accelerator/u_logicnet/layer3_reg/ap_clk_IBUF_BUFG
    SLICE_X101Y344       FDRE                                         r  u_nn_accelerator/u_logicnet/layer3_reg/data_out_reg[3]/C
                         clock pessimism              0.657     3.902    
                         clock uncertainty           -0.035     3.867    
    SLICE_X101Y344       FDRE (Setup_CFF_SLICEL_C_D)
                                                      0.025     3.892    u_nn_accelerator/u_logicnet/layer3_reg/data_out_reg[3]
  -------------------------------------------------------------------
                         required time                          3.892    
                         arrival time                          -4.501    
  -------------------------------------------------------------------
                         slack                                 -0.609    

Slack (VIOLATED) :        -0.607ns  (required time - arrival time)
  Source:                 u_nn_accelerator/u_logicnet/layer1_reg/data_out_reg[42]/C
                            (rising edge-triggered cell FDRE clocked by ap_clk  {rise@0.000ns fall@0.500ns period=1.000ns})
  Destination:            u_nn_accelerator/u_logicnet/layer2_reg/data_out_reg[4]/D
                            (rising edge-triggered cell FDRE clocked by ap_clk  {rise@0.000ns fall@0.500ns period=1.000ns})
  Path Group:             ap_clk
  Path Type:              Setup (Max at Slow Process Corner)
  Requirement:            1.000ns  (ap_clk rise@1.000ns - ap_clk rise@0.000ns)
  Data Path Delay:        1.555ns  (logic 0.573ns (36.856%)  route 0.982ns (63.144%))
  Logic Levels:           5  (LUT3=1 LUT5=2 LUT6=2)
  Clock Path Skew:        -0.042ns (DCD - SCD + CPR)
    Destination Clock Delay (DCD):    2.215ns = ( 3.215 - 1.000 ) 
    Source Clock Delay      (SCD):    2.912ns
    Clock Pessimism Removal (CPR):    0.655ns
  Clock Uncertainty:      0.035ns  ((TSJ^2 + TIJ^2)^1/2 + DJ) / 2 + PE
    Total System Jitter     (TSJ):    0.071ns
    Total Input Jitter      (TIJ):    0.000ns
    Discrete Jitter          (DJ):    0.000ns
    Phase Error              (PE):    0.000ns
  Clock Net Delay (Source):      1.599ns (routing 0.760ns, distribution 0.839ns)
  Clock Net Delay (Destination): 1.449ns (routing 0.691ns, distribution 0.758ns)

    Location             Delay type                Incr(ns)  Path(ns)    Netlist Resource(s)
  -------------------------------------------------------------------    -------------------
                         (clock ap_clk rise edge)     0.000     0.000 r  
    E11                                               0.000     0.000 r  ap_clk (IN)
                         net (fo=0)                   0.000     0.000    ap_clk_IBUF_inst/I
    E11                  INBUF (Prop_INBUF_HDIOB_M_PAD_O)
                                                      1.081     1.081 r  ap_clk_IBUF_inst/INBUF_INST/O
                         net (fo=1, routed)           0.000     1.081    ap_clk_IBUF_inst/OUT
    E11                  IBUFCTRL (Prop_IBUFCTRL_HDIOB_M_I_O)
                                                      0.000     1.081 r  ap_clk_IBUF_inst/IBUFCTRL_INST/O
                         net (fo=1, routed)           0.204     1.285    ap_clk_IBUF
    BUFGCE_HDIO_X0Y6     BUFGCE (Prop_BUFCE_BUFGCE_HDIO_I_O)
                                                      0.028     1.313 r  ap_clk_IBUF_BUFG_inst/O
    X4Y4 (CLOCK_ROOT)    net (fo=13233, routed)       1.599     2.912    u_nn_accelerator/u_logicnet/layer1_reg/ap_clk_IBUF_BUFG
    SLICE_X92Y326        FDRE                                         r  u_nn_accelerator/u_logicnet/layer1_reg/data_out_reg[42]/C
  -------------------------------------------------------------------    -------------------
    SLICE_X92Y326        FDRE (Prop_HFF_SLICEL_C_Q)
                                                      0.079     2.991 r  u_nn_accelerator/u_logicnet/layer1_reg/data_out_reg[42]/Q
                         net (fo=113, routed)         0.392     3.383    u_nn_accelerator/u_logicnet/layer1_inst/layer1_N2_inst/M1w[0]
    SLICE_X89Y325        LUT6 (Prop_H6LUT_SLICEM_I1_O)
                                                      0.152     3.535 r  u_nn_accelerator/u_logicnet/layer1_inst/layer1_N2_inst/data_out[4]_i_28/O
                         net (fo=3, routed)           0.157     3.692    u_nn_accelerator/u_logicnet/layer1_inst/layer1_N2_inst/data_out_reg[163]_4
    SLICE_X90Y324        LUT3 (Prop_E6LUT_SLICEM_I0_O)
                                                      0.052     3.744 r  u_nn_accelerator/u_logicnet/layer1_inst/layer1_N2_inst/data_out[4]_i_15/O
                         net (fo=1, routed)           0.118     3.862    u_nn_accelerator/u_logicnet/layer1_inst/layer1_N2_inst/data_out[4]_i_15_n_0
    SLICE_X89Y324        LUT5 (Prop_E5LUT_SLICEM_I2_O)
                                                      0.164     4.026 r  u_nn_accelerator/u_logicnet/layer1_inst/layer1_N2_inst/data_out[4]_i_5/O
                         net (fo=2, routed)           0.126     4.152    u_nn_accelerator/u_logicnet/layer1_inst/layer1_N2_inst/data_out[4]_i_5_n_0
    SLICE_X88Y324        LUT6 (Prop_G6LUT_SLICEL_I3_O)
                                                      0.089     4.241 r  u_nn_accelerator/u_logicnet/layer1_inst/layer1_N2_inst/data_out[4]_i_4/O
                         net (fo=1, routed)           0.134     4.375    u_nn_accelerator/u_logicnet/layer1_inst/layer1_N2_inst/data_out[4]_i_4_n_0
    SLICE_X87Y323        LUT5 (Prop_E6LUT_SLICEM_I4_O)
                                                      0.037     4.412 r  u_nn_accelerator/u_logicnet/layer1_inst/layer1_N2_inst/data_out[4]_i_1/O
                         net (fo=1, routed)           0.055     4.467    u_nn_accelerator/u_logicnet/layer2_reg/M2[2]
    SLICE_X87Y323        FDRE                                         r  u_nn_accelerator/u_logicnet/layer2_reg/data_out_reg[4]/D
  -------------------------------------------------------------------    -------------------

                         (clock ap_clk rise edge)     1.000     1.000 r  
    E11                                               0.000     1.000 r  ap_clk (IN)
                         net (fo=0)                   0.000     1.000    ap_clk_IBUF_inst/I
    E11                  INBUF (Prop_INBUF_HDIOB_M_PAD_O)
                                                      0.574     1.574 r  ap_clk_IBUF_inst/INBUF_INST/O
                         net (fo=1, routed)           0.000     1.574    ap_clk_IBUF_inst/OUT
    E11                  IBUFCTRL (Prop_IBUFCTRL_HDIOB_M_I_O)
                                                      0.000     1.574 r  ap_clk_IBUF_inst/IBUFCTRL_INST/O
                         net (fo=1, routed)           0.169     1.743    ap_clk_IBUF
    BUFGCE_HDIO_X0Y6     BUFGCE (Prop_BUFCE_BUFGCE_HDIO_I_O)
                                                      0.024     1.767 r  ap_clk_IBUF_BUFG_inst/O
    X4Y4 (CLOCK_ROOT)    net (fo=13233, routed)       1.449     3.215    u_nn_accelerator/u_logicnet/layer2_reg/ap_clk_IBUF_BUFG
    SLICE_X87Y323        FDRE                                         r  u_nn_accelerator/u_logicnet/layer2_reg/data_out_reg[4]/C
                         clock pessimism              0.655     3.870    
                         clock uncertainty           -0.035     3.835    
    SLICE_X87Y323        FDRE (Setup_EFF_SLICEM_C_D)
                                                      0.025     3.860    u_nn_accelerator/u_logicnet/layer2_reg/data_out_reg[4]
  -------------------------------------------------------------------
                         required time                          3.860    
                         arrival time                          -4.467    
  -------------------------------------------------------------------
                         slack                                 -0.607    

Slack (VIOLATED) :        -0.604ns  (required time - arrival time)
  Source:                 u_nn_accelerator/u_logicnet/layer1_reg/data_out_reg[198]/C
                            (rising edge-triggered cell FDRE clocked by ap_clk  {rise@0.000ns fall@0.500ns period=1.000ns})
  Destination:            u_nn_accelerator/u_logicnet/layer2_reg/data_out_reg[68]/D
                            (rising edge-triggered cell FDRE clocked by ap_clk  {rise@0.000ns fall@0.500ns period=1.000ns})
  Path Group:             ap_clk
  Path Type:              Setup (Max at Slow Process Corner)
  Requirement:            1.000ns  (ap_clk rise@1.000ns - ap_clk rise@0.000ns)
  Data Path Delay:        1.493ns  (logic 0.537ns (35.975%)  route 0.956ns (64.025%))
  Logic Levels:           5  (LUT6=3 MUXF7=2)
  Clock Path Skew:        -0.101ns (DCD - SCD + CPR)
    Destination Clock Delay (DCD):    2.207ns = ( 3.207 - 1.000 ) 
    Source Clock Delay      (SCD):    2.965ns
    Clock Pessimism Removal (CPR):    0.658ns
  Clock Uncertainty:      0.035ns  ((TSJ^2 + TIJ^2)^1/2 + DJ) / 2 + PE
    Total System Jitter     (TSJ):    0.071ns
    Total Input Jitter      (TIJ):    0.000ns
    Discrete Jitter          (DJ):    0.000ns
    Phase Error              (PE):    0.000ns
  Clock Net Delay (Source):      1.652ns (routing 0.760ns, distribution 0.892ns)
  Clock Net Delay (Destination): 1.440ns (routing 0.691ns, distribution 0.749ns)

    Location             Delay type                Incr(ns)  Path(ns)    Netlist Resource(s)
  -------------------------------------------------------------------    -------------------
                         (clock ap_clk rise edge)     0.000     0.000 r  
    E11                                               0.000     0.000 r  ap_clk (IN)
                         net (fo=0)                   0.000     0.000    ap_clk_IBUF_inst/I
    E11                  INBUF (Prop_INBUF_HDIOB_M_PAD_O)
                                                      1.081     1.081 r  ap_clk_IBUF_inst/INBUF_INST/O
                         net (fo=1, routed)           0.000     1.081    ap_clk_IBUF_inst/OUT
    E11                  IBUFCTRL (Prop_IBUFCTRL_HDIOB_M_I_O)
                                                      0.000     1.081 r  ap_clk_IBUF_inst/IBUFCTRL_INST/O
                         net (fo=1, routed)           0.204     1.285    ap_clk_IBUF
    BUFGCE_HDIO_X0Y6     BUFGCE (Prop_BUFCE_BUFGCE_HDIO_I_O)
                                                      0.028     1.313 r  ap_clk_IBUF_BUFG_inst/O
    X4Y4 (CLOCK_ROOT)    net (fo=13233, routed)       1.652     2.965    u_nn_accelerator/u_logicnet/layer1_reg/ap_clk_IBUF_BUFG
    SLICE_X97Y331        FDRE                                         r  u_nn_accelerator/u_logicnet/layer1_reg/data_out_reg[198]/C
  -------------------------------------------------------------------    -------------------
    SLICE_X97Y331        FDRE (Prop_DFF2_SLICEM_C_Q)
                                                      0.080     3.045 r  u_nn_accelerator/u_logicnet/layer1_reg/data_out_reg[198]/Q
                         net (fo=165, routed)         0.494     3.539    u_nn_accelerator/u_logicnet/layer1_inst/layer1_N34_inst/M1w[6]
    SLICE_X87Y340        LUT6 (Prop_D6LUT_SLICEM_I1_O)
                                                      0.099     3.638 r  u_nn_accelerator/u_logicnet/layer1_inst/layer1_N34_inst/data_out[68]_i_34/O
                         net (fo=4, routed)           0.166     3.804    u_nn_accelerator/u_logicnet/layer1_inst/layer1_N34_inst/data_out_reg[190]_0
    SLICE_X86Y339        LUT6 (Prop_C6LUT_SLICEM_I1_O)
                                                      0.123     3.927 r  u_nn_accelerator/u_logicnet/layer1_inst/layer1_N34_inst/data_out[68]_i_20/O
                         net (fo=1, routed)           0.021     3.948    u_nn_accelerator/u_logicnet/layer1_inst/layer1_N34_inst/data_out[68]_i_20_n_0
    SLICE_X86Y339        MUXF7 (Prop_F7MUX_CD_SLICEM_I1_O)
                                                      0.068     4.016 r  u_nn_accelerator/u_logicnet/layer1_inst/layer1_N34_inst/data_out_reg[68]_i_7/O
                         net (fo=1, routed)           0.227     4.243    u_nn_accelerator/u_logicnet/layer1_inst/layer1_N34_inst/data_out_reg[68]_i_7_n_0
    SLICE_X87Y338        LUT6 (Prop_B6LUT_SLICEM_I5_O)
                                                      0.100     4.343 r  u_nn_accelerator/u_logicnet/layer1_inst/layer1_N34_inst/data_out[68]_i_2/O
                         net (fo=1, routed)           0.017     4.360    u_nn_accelerator/u_logicnet/layer1_inst/layer1_N34_inst/data_out[68]_i_2_n_0
    SLICE_X87Y338        MUXF7 (Prop_F7MUX_AB_SLICEM_I0_O)
                                                      0.067     4.427 r  u_nn_accelerator/u_logicnet/layer1_inst/layer1_N34_inst/data_out_reg[68]_i_1/O
                         net (fo=1, routed)           0.031     4.458    u_nn_accelerator/u_logicnet/layer2_reg/M2[52]
    SLICE_X87Y338        FDRE                                         r  u_nn_accelerator/u_logicnet/layer2_reg/data_out_reg[68]/D
  -------------------------------------------------------------------    -------------------

                         (clock ap_clk rise edge)     1.000     1.000 r  
    E11                                               0.000     1.000 r  ap_clk (IN)
                         net (fo=0)                   0.000     1.000    ap_clk_IBUF_inst/I
    E11                  INBUF (Prop_INBUF_HDIOB_M_PAD_O)
                                                      0.574     1.574 r  ap_clk_IBUF_inst/INBUF_INST/O
                         net (fo=1, routed)           0.000     1.574    ap_clk_IBUF_inst/OUT
    E11                  IBUFCTRL (Prop_IBUFCTRL_HDIOB_M_I_O)
                                                      0.000     1.574 r  ap_clk_IBUF_inst/IBUFCTRL_INST/O
                         net (fo=1, routed)           0.169     1.743    ap_clk_IBUF
    BUFGCE_HDIO_X0Y6     BUFGCE (Prop_BUFCE_BUFGCE_HDIO_I_O)
                                                      0.024     1.767 r  ap_clk_IBUF_BUFG_inst/O
    X4Y4 (CLOCK_ROOT)    net (fo=13233, routed)       1.440     3.207    u_nn_accelerator/u_logicnet/layer2_reg/ap_clk_IBUF_BUFG
    SLICE_X87Y338        FDRE                                         r  u_nn_accelerator/u_logicnet/layer2_reg/data_out_reg[68]/C
                         clock pessimism              0.658     3.864    
                         clock uncertainty           -0.035     3.829    
    SLICE_X87Y338        FDRE (Setup_BFF_SLICEM_C_D)
                                                      0.025     3.854    u_nn_accelerator/u_logicnet/layer2_reg/data_out_reg[68]
  -------------------------------------------------------------------
                         required time                          3.854    
                         arrival time                          -4.458    
  -------------------------------------------------------------------
                         slack                                 -0.604    

Slack (VIOLATED) :        -0.602ns  (required time - arrival time)
  Source:                 FSM_sequential_current_state_reg[0]/C
                            (rising edge-triggered cell FDCE clocked by ap_clk  {rise@0.000ns fall@0.500ns period=1.000ns})
  Destination:            q_memory_reg[325][5]/CE
                            (rising edge-triggered cell FDRE clocked by ap_clk  {rise@0.000ns fall@0.500ns period=1.000ns})
  Path Group:             ap_clk
  Path Type:              Setup (Max at Slow Process Corner)
  Requirement:            1.000ns  (ap_clk rise@1.000ns - ap_clk rise@0.000ns)
  Data Path Delay:        1.346ns  (logic 0.240ns (17.835%)  route 1.106ns (82.165%))
  Logic Levels:           4  (LUT2=1 LUT3=1 LUT6=2)
  Clock Path Skew:        -0.160ns (DCD - SCD + CPR)
    Destination Clock Delay (DCD):    2.187ns = ( 3.187 - 1.000 ) 
    Source Clock Delay      (SCD):    2.963ns
    Clock Pessimism Removal (CPR):    0.616ns
  Clock Uncertainty:      0.035ns  ((TSJ^2 + TIJ^2)^1/2 + DJ) / 2 + PE
    Total System Jitter     (TSJ):    0.071ns
    Total Input Jitter      (TIJ):    0.000ns
    Discrete Jitter          (DJ):    0.000ns
    Phase Error              (PE):    0.000ns
  Clock Net Delay (Source):      1.650ns (routing 0.760ns, distribution 0.890ns)
  Clock Net Delay (Destination): 1.421ns (routing 0.691ns, distribution 0.730ns)

    Location             Delay type                Incr(ns)  Path(ns)    Netlist Resource(s)
  -------------------------------------------------------------------    -------------------
                         (clock ap_clk rise edge)     0.000     0.000 r  
    E11                                               0.000     0.000 r  ap_clk (IN)
                         net (fo=0)                   0.000     0.000    ap_clk_IBUF_inst/I
    E11                  INBUF (Prop_INBUF_HDIOB_M_PAD_O)
                                                      1.081     1.081 r  ap_clk_IBUF_inst/INBUF_INST/O
                         net (fo=1, routed)           0.000     1.081    ap_clk_IBUF_inst/OUT
    E11                  IBUFCTRL (Prop_IBUFCTRL_HDIOB_M_I_O)
                                                      0.000     1.081 r  ap_clk_IBUF_inst/IBUFCTRL_INST/O
                         net (fo=1, routed)           0.204     1.285    ap_clk_IBUF
    BUFGCE_HDIO_X0Y6     BUFGCE (Prop_BUFCE_BUFGCE_HDIO_I_O)
                                                      0.028     1.313 r  ap_clk_IBUF_BUFG_inst/O
    X4Y4 (CLOCK_ROOT)    net (fo=13233, routed)       1.650     2.963    ap_clk_IBUF_BUFG
    SLICE_X98Y289        FDCE                                         r  FSM_sequential_current_state_reg[0]/C
  -------------------------------------------------------------------    -------------------
    SLICE_X98Y289        FDCE (Prop_DFF_SLICEL_C_Q)
                                                      0.079     3.042 r  FSM_sequential_current_state_reg[0]/Q
                         net (fo=33, routed)          0.131     3.173    current_state_reg[0]
    SLICE_X98Y289        LUT2 (Prop_A6LUT_SLICEL_I0_O)
                                                      0.035     3.208 r  i_memory[0][6]_i_4/O
                         net (fo=4, routed)           0.104     3.312    i_memory[0][6]_i_4_n_0
    SLICE_X99Y289        LUT6 (Prop_D6LUT_SLICEM_I1_O)
                                                      0.037     3.349 r  i_memory[0][6]_i_2/O
                         net (fo=66, routed)          0.064     3.413    i_memory[0][6]_i_2_n_0
    SLICE_X99Y289        LUT3 (Prop_F6LUT_SLICEM_I2_O)
                                                      0.037     3.450 r  i_memory[257][6]_i_2/O
                         net (fo=32, routed)          0.459     3.910    i_memory[257][6]_i_2_n_0
    SLICE_X96Y311        LUT6 (Prop_G6LUT_SLICEM_I2_O)
                                                      0.052     3.962 r  i_memory[325][6]_i_1/O
                         net (fo=14, routed)          0.347     4.309    i_memory[325][6]_i_1_n_0
    SLICE_X96Y320        FDRE                                         r  q_memory_reg[325][5]/CE
  -------------------------------------------------------------------    -------------------

                         (clock ap_clk rise edge)     1.000     1.000 r  
    E11                                               0.000     1.000 r  ap_clk (IN)
                         net (fo=0)                   0.000     1.000    ap_clk_IBUF_inst/I
    E11                  INBUF (Prop_INBUF_HDIOB_M_PAD_O)
                                                      0.574     1.574 r  ap_clk_IBUF_inst/INBUF_INST/O
                         net (fo=1, routed)           0.000     1.574    ap_clk_IBUF_inst/OUT
    E11                  IBUFCTRL (Prop_IBUFCTRL_HDIOB_M_I_O)
                                                      0.000     1.574 r  ap_clk_IBUF_inst/IBUFCTRL_INST/O
                         net (fo=1, routed)           0.169     1.743    ap_clk_IBUF
    BUFGCE_HDIO_X0Y6     BUFGCE (Prop_BUFCE_BUFGCE_HDIO_I_O)
                                                      0.024     1.767 r  ap_clk_IBUF_BUFG_inst/O
    X4Y4 (CLOCK_ROOT)    net (fo=13233, routed)       1.421     3.187    ap_clk_IBUF_BUFG
    SLICE_X96Y320        FDRE                                         r  q_memory_reg[325][5]/C
                         clock pessimism              0.616     3.803    
                         clock uncertainty           -0.035     3.768    
    SLICE_X96Y320        FDRE (Setup_AFF_SLICEM_C_CE)
                                                     -0.061     3.707    q_memory_reg[325][5]
  -------------------------------------------------------------------
                         required time                          3.707    
                         arrival time                          -4.309    
  -------------------------------------------------------------------
                         slack                                 -0.602    

Slack (VIOLATED) :        -0.601ns  (required time - arrival time)
  Source:                 FSM_sequential_current_state_reg[0]/C
                            (rising edge-triggered cell FDCE clocked by ap_clk  {rise@0.000ns fall@0.500ns period=1.000ns})
  Destination:            q_memory_reg[325][6]/CE
                            (rising edge-triggered cell FDRE clocked by ap_clk  {rise@0.000ns fall@0.500ns period=1.000ns})
  Path Group:             ap_clk
  Path Type:              Setup (Max at Slow Process Corner)
  Requirement:            1.000ns  (ap_clk rise@1.000ns - ap_clk rise@0.000ns)
  Data Path Delay:        1.346ns  (logic 0.240ns (17.835%)  route 1.106ns (82.165%))
  Logic Levels:           4  (LUT2=1 LUT3=1 LUT6=2)
  Clock Path Skew:        -0.160ns (DCD - SCD + CPR)
    Destination Clock Delay (DCD):    2.187ns = ( 3.187 - 1.000 ) 
    Source Clock Delay      (SCD):    2.963ns
    Clock Pessimism Removal (CPR):    0.616ns
  Clock Uncertainty:      0.035ns  ((TSJ^2 + TIJ^2)^1/2 + DJ) / 2 + PE
    Total System Jitter     (TSJ):    0.071ns
    Total Input Jitter      (TIJ):    0.000ns
    Discrete Jitter          (DJ):    0.000ns
    Phase Error              (PE):    0.000ns
  Clock Net Delay (Source):      1.650ns (routing 0.760ns, distribution 0.890ns)
  Clock Net Delay (Destination): 1.421ns (routing 0.691ns, distribution 0.730ns)

    Location             Delay type                Incr(ns)  Path(ns)    Netlist Resource(s)
  -------------------------------------------------------------------    -------------------
                         (clock ap_clk rise edge)     0.000     0.000 r  
    E11                                               0.000     0.000 r  ap_clk (IN)
                         net (fo=0)                   0.000     0.000    ap_clk_IBUF_inst/I
    E11                  INBUF (Prop_INBUF_HDIOB_M_PAD_O)
                                                      1.081     1.081 r  ap_clk_IBUF_inst/INBUF_INST/O
                         net (fo=1, routed)           0.000     1.081    ap_clk_IBUF_inst/OUT
    E11                  IBUFCTRL (Prop_IBUFCTRL_HDIOB_M_I_O)
                                                      0.000     1.081 r  ap_clk_IBUF_inst/IBUFCTRL_INST/O
                         net (fo=1, routed)           0.204     1.285    ap_clk_IBUF
    BUFGCE_HDIO_X0Y6     BUFGCE (Prop_BUFCE_BUFGCE_HDIO_I_O)
                                                      0.028     1.313 r  ap_clk_IBUF_BUFG_inst/O
    X4Y4 (CLOCK_ROOT)    net (fo=13233, routed)       1.650     2.963    ap_clk_IBUF_BUFG
    SLICE_X98Y289        FDCE                                         r  FSM_sequential_current_state_reg[0]/C
  -------------------------------------------------------------------    -------------------
    SLICE_X98Y289        FDCE (Prop_DFF_SLICEL_C_Q)
                                                      0.079     3.042 r  FSM_sequential_current_state_reg[0]/Q
                         net (fo=33, routed)          0.131     3.173    current_state_reg[0]
    SLICE_X98Y289        LUT2 (Prop_A6LUT_SLICEL_I0_O)
                                                      0.035     3.208 r  i_memory[0][6]_i_4/O
                         net (fo=4, routed)           0.104     3.312    i_memory[0][6]_i_4_n_0
    SLICE_X99Y289        LUT6 (Prop_D6LUT_SLICEM_I1_O)
                                                      0.037     3.349 r  i_memory[0][6]_i_2/O
                         net (fo=66, routed)          0.064     3.413    i_memory[0][6]_i_2_n_0
    SLICE_X99Y289        LUT3 (Prop_F6LUT_SLICEM_I2_O)
                                                      0.037     3.450 r  i_memory[257][6]_i_2/O
                         net (fo=32, routed)          0.459     3.910    i_memory[257][6]_i_2_n_0
    SLICE_X96Y311        LUT6 (Prop_G6LUT_SLICEM_I2_O)
                                                      0.052     3.962 r  i_memory[325][6]_i_1/O
                         net (fo=14, routed)          0.347     4.309    i_memory[325][6]_i_1_n_0
    SLICE_X96Y320        FDRE                                         r  q_memory_reg[325][6]/CE
  -------------------------------------------------------------------    -------------------

                         (clock ap_clk rise edge)     1.000     1.000 r  
    E11                                               0.000     1.000 r  ap_clk (IN)
                         net (fo=0)                   0.000     1.000    ap_clk_IBUF_inst/I
    E11                  INBUF (Prop_INBUF_HDIOB_M_PAD_O)
                                                      0.574     1.574 r  ap_clk_IBUF_inst/INBUF_INST/O
                         net (fo=1, routed)           0.000     1.574    ap_clk_IBUF_inst/OUT
    E11                  IBUFCTRL (Prop_IBUFCTRL_HDIOB_M_I_O)
                                                      0.000     1.574 r  ap_clk_IBUF_inst/IBUFCTRL_INST/O
                         net (fo=1, routed)           0.169     1.743    ap_clk_IBUF
    BUFGCE_HDIO_X0Y6     BUFGCE (Prop_BUFCE_BUFGCE_HDIO_I_O)
                                                      0.024     1.767 r  ap_clk_IBUF_BUFG_inst/O
    X4Y4 (CLOCK_ROOT)    net (fo=13233, routed)       1.421     3.187    ap_clk_IBUF_BUFG
    SLICE_X96Y320        FDRE                                         r  q_memory_reg[325][6]/C
                         clock pessimism              0.616     3.803    
                         clock uncertainty           -0.035     3.768    
    SLICE_X96Y320        FDRE (Setup_AFF2_SLICEM_C_CE)
                                                     -0.060     3.708    q_memory_reg[325][6]
  -------------------------------------------------------------------
                         required time                          3.708    
                         arrival time                          -4.309    
  -------------------------------------------------------------------
                         slack                                 -0.601    

Slack (VIOLATED) :        -0.598ns  (required time - arrival time)
  Source:                 u_nn_accelerator/u_logicnet/layer2_reg/data_out_reg[49]/C
                            (rising edge-triggered cell FDRE clocked by ap_clk  {rise@0.000ns fall@0.500ns period=1.000ns})
  Destination:            u_nn_accelerator/u_logicnet/layer3_reg/data_out_reg[25]/D
                            (rising edge-triggered cell FDRE clocked by ap_clk  {rise@0.000ns fall@0.500ns period=1.000ns})
  Path Group:             ap_clk
  Path Type:              Setup (Max at Slow Process Corner)
  Requirement:            1.000ns  (ap_clk rise@1.000ns - ap_clk rise@0.000ns)
  Data Path Delay:        1.573ns  (logic 0.645ns (40.995%)  route 0.928ns (59.005%))
  Logic Levels:           6  (LUT5=2 LUT6=2 MUXF7=2)
  Clock Path Skew:        -0.014ns (DCD - SCD + CPR)
    Destination Clock Delay (DCD):    2.240ns = ( 3.240 - 1.000 ) 
    Source Clock Delay      (SCD):    2.911ns
    Clock Pessimism Removal (CPR):    0.657ns
  Clock Uncertainty:      0.035ns  ((TSJ^2 + TIJ^2)^1/2 + DJ) / 2 + PE
    Total System Jitter     (TSJ):    0.071ns
    Total Input Jitter      (TIJ):    0.000ns
    Discrete Jitter          (DJ):    0.000ns
    Phase Error              (PE):    0.000ns
  Clock Net Delay (Source):      1.598ns (routing 0.760ns, distribution 0.838ns)
  Clock Net Delay (Destination): 1.473ns (routing 0.691ns, distribution 0.782ns)

    Location             Delay type                Incr(ns)  Path(ns)    Netlist Resource(s)
  -------------------------------------------------------------------    -------------------
                         (clock ap_clk rise edge)     0.000     0.000 r  
    E11                                               0.000     0.000 r  ap_clk (IN)
                         net (fo=0)                   0.000     0.000    ap_clk_IBUF_inst/I
    E11                  INBUF (Prop_INBUF_HDIOB_M_PAD_O)
                                                      1.081     1.081 r  ap_clk_IBUF_inst/INBUF_INST/O
                         net (fo=1, routed)           0.000     1.081    ap_clk_IBUF_inst/OUT
    E11                  IBUFCTRL (Prop_IBUFCTRL_HDIOB_M_I_O)
                                                      0.000     1.081 r  ap_clk_IBUF_inst/IBUFCTRL_INST/O
                         net (fo=1, routed)           0.204     1.285    ap_clk_IBUF
    BUFGCE_HDIO_X0Y6     BUFGCE (Prop_BUFCE_BUFGCE_HDIO_I_O)
                                                      0.028     1.313 r  ap_clk_IBUF_BUFG_inst/O
    X4Y4 (CLOCK_ROOT)    net (fo=13233, routed)       1.598     2.911    u_nn_accelerator/u_logicnet/layer2_reg/ap_clk_IBUF_BUFG
    SLICE_X92Y327        FDRE                                         r  u_nn_accelerator/u_logicnet/layer2_reg/data_out_reg[49]/C
  -------------------------------------------------------------------    -------------------
    SLICE_X92Y327        FDRE (Prop_HFF_SLICEL_C_Q)
                                                      0.079     2.990 f  u_nn_accelerator/u_logicnet/layer2_reg/data_out_reg[49]/Q
                         net (fo=60, routed)          0.398     3.388    u_nn_accelerator/u_logicnet/layer2_inst/layer2_N12_inst/M2w[5]
    SLICE_X95Y340        LUT6 (Prop_B6LUT_SLICEL_I0_O)
                                                      0.124     3.512 r  u_nn_accelerator/u_logicnet/layer2_inst/layer2_N12_inst/data_out[25]_i_36/O
                         net (fo=5, routed)           0.111     3.624    u_nn_accelerator/u_logicnet/layer2_inst/layer2_N12_inst/data_out_reg[49]_0
    SLICE_X96Y340        LUT5 (Prop_F6LUT_SLICEM_I0_O)
                                                      0.123     3.747 r  u_nn_accelerator/u_logicnet/layer2_inst/layer2_N12_inst/data_out[25]_i_15/O
                         net (fo=2, routed)           0.139     3.886    u_nn_accelerator/u_logicnet/layer2_inst/layer2_N12_inst/data_out[25]_i_15_n_0
    SLICE_X96Y341        LUT5 (Prop_D6LUT_SLICEM_I0_O)
                                                      0.088     3.974 r  u_nn_accelerator/u_logicnet/layer2_inst/layer2_N12_inst/data_out[25]_i_20/O
                         net (fo=1, routed)           0.025     3.999    u_nn_accelerator/u_logicnet/layer2_inst/layer2_N12_inst/data_out[25]_i_20_n_0
    SLICE_X96Y341        MUXF7 (Prop_F7MUX_CD_SLICEM_I0_O)
                                                      0.069     4.068 r  u_nn_accelerator/u_logicnet/layer2_inst/layer2_N12_inst/data_out_reg[25]_i_7/O
                         net (fo=1, routed)           0.215     4.283    u_nn_accelerator/u_logicnet/layer2_inst/layer2_N12_inst/data_out_reg[25]_i_7_n_0
    SLICE_X100Y341       LUT6 (Prop_D6LUT_SLICEL_I5_O)
                                                      0.099     4.382 r  u_nn_accelerator/u_logicnet/layer2_inst/layer2_N12_inst/data_out[25]_i_2/O
                         net (fo=1, routed)           0.009     4.391    u_nn_accelerator/u_logicnet/layer2_inst/layer2_N12_inst/data_out[25]_i_2_n_0
    SLICE_X100Y341       MUXF7 (Prop_F7MUX_CD_SLICEL_I0_O)
                                                      0.063     4.454 r  u_nn_accelerator/u_logicnet/layer2_inst/layer2_N12_inst/data_out_reg[25]_i_1/O
                         net (fo=1, routed)           0.031     4.485    u_nn_accelerator/u_logicnet/layer3_reg/M3[15]
    SLICE_X100Y341       FDRE                                         r  u_nn_accelerator/u_logicnet/layer3_reg/data_out_reg[25]/D
  -------------------------------------------------------------------    -------------------

                         (clock ap_clk rise edge)     1.000     1.000 r  
    E11                                               0.000     1.000 r  ap_clk (IN)
                         net (fo=0)                   0.000     1.000    ap_clk_IBUF_inst/I
    E11                  INBUF (Prop_INBUF_HDIOB_M_PAD_O)
                                                      0.574     1.574 r  ap_clk_IBUF_inst/INBUF_INST/O
                         net (fo=1, routed)           0.000     1.574    ap_clk_IBUF_inst/OUT
    E11                  IBUFCTRL (Prop_IBUFCTRL_HDIOB_M_I_O)
                                                      0.000     1.574 r  ap_clk_IBUF_inst/IBUFCTRL_INST/O
                         net (fo=1, routed)           0.169     1.743    ap_clk_IBUF
    BUFGCE_HDIO_X0Y6     BUFGCE (Prop_BUFCE_BUFGCE_HDIO_I_O)
                                                      0.024     1.767 r  ap_clk_IBUF_BUFG_inst/O
    X4Y4 (CLOCK_ROOT)    net (fo=13233, routed)       1.473     3.240    u_nn_accelerator/u_logicnet/layer3_reg/ap_clk_IBUF_BUFG
    SLICE_X100Y341       FDRE                                         r  u_nn_accelerator/u_logicnet/layer3_reg/data_out_reg[25]/C
                         clock pessimism              0.657     3.897    
                         clock uncertainty           -0.035     3.862    
    SLICE_X100Y341       FDRE (Setup_DFF_SLICEL_C_D)
                                                      0.025     3.887    u_nn_accelerator/u_logicnet/layer3_reg/data_out_reg[25]
  -------------------------------------------------------------------
                         required time                          3.887    
                         arrival time                          -4.485    
  -------------------------------------------------------------------
                         slack                                 -0.598    

Slack (VIOLATED) :        -0.595ns  (required time - arrival time)
  Source:                 u_nn_accelerator/u_logicnet/layer1_reg/data_out_reg[259]/C
                            (rising edge-triggered cell FDRE clocked by ap_clk  {rise@0.000ns fall@0.500ns period=1.000ns})
  Destination:            u_nn_accelerator/u_logicnet/layer2_reg/data_out_reg[72]/D
                            (rising edge-triggered cell FDRE clocked by ap_clk  {rise@0.000ns fall@0.500ns period=1.000ns})
  Path Group:             ap_clk
  Path Type:              Setup (Max at Slow Process Corner)
  Requirement:            1.000ns  (ap_clk rise@1.000ns - ap_clk rise@0.000ns)
  Data Path Delay:        1.520ns  (logic 0.650ns (42.769%)  route 0.870ns (57.231%))
  Logic Levels:           5  (LUT5=2 LUT6=2 MUXF7=1)
  Clock Path Skew:        -0.065ns (DCD - SCD + CPR)
    Destination Clock Delay (DCD):    2.223ns = ( 3.223 - 1.000 ) 
    Source Clock Delay      (SCD):    2.943ns
    Clock Pessimism Removal (CPR):    0.655ns
  Clock Uncertainty:      0.035ns  ((TSJ^2 + TIJ^2)^1/2 + DJ) / 2 + PE
    Total System Jitter     (TSJ):    0.071ns
    Total Input Jitter      (TIJ):    0.000ns
    Discrete Jitter          (DJ):    0.000ns
    Phase Error              (PE):    0.000ns
  Clock Net Delay (Source):      1.630ns (routing 0.760ns, distribution 0.870ns)
  Clock Net Delay (Destination): 1.457ns (routing 0.691ns, distribution 0.766ns)

    Location             Delay type                Incr(ns)  Path(ns)    Netlist Resource(s)
  -------------------------------------------------------------------    -------------------
                         (clock ap_clk rise edge)     0.000     0.000 r  
    E11                                               0.000     0.000 r  ap_clk (IN)
                         net (fo=0)                   0.000     0.000    ap_clk_IBUF_inst/I
    E11                  INBUF (Prop_INBUF_HDIOB_M_PAD_O)
                                                      1.081     1.081 r  ap_clk_IBUF_inst/INBUF_INST/O
                         net (fo=1, routed)           0.000     1.081    ap_clk_IBUF_inst/OUT
    E11                  IBUFCTRL (Prop_IBUFCTRL_HDIOB_M_I_O)
                                                      0.000     1.081 r  ap_clk_IBUF_inst/IBUFCTRL_INST/O
                         net (fo=1, routed)           0.204     1.285    ap_clk_IBUF
    BUFGCE_HDIO_X0Y6     BUFGCE (Prop_BUFCE_BUFGCE_HDIO_I_O)
                                                      0.028     1.313 r  ap_clk_IBUF_BUFG_inst/O
    X4Y4 (CLOCK_ROOT)    net (fo=13233, routed)       1.630     2.943    u_nn_accelerator/u_logicnet/layer1_reg/ap_clk_IBUF_BUFG
    SLICE_X89Y322        FDRE                                         r  u_nn_accelerator/u_logicnet/layer1_reg/data_out_reg[259]/C
  -------------------------------------------------------------------    -------------------
    SLICE_X89Y322        FDRE (Prop_DFF_SLICEM_C_Q)
                                                      0.078     3.021 r  u_nn_accelerator/u_logicnet/layer1_reg/data_out_reg[259]/Q
                         net (fo=80, routed)          0.445     3.466    u_nn_accelerator/u_logicnet/layer1_inst/layer1_N36_inst/M1w[11]
    SLICE_X86Y311        LUT6 (Prop_B6LUT_SLICEM_I2_O)
                                                      0.149     3.615 r  u_nn_accelerator/u_logicnet/layer1_inst/layer1_N36_inst/data_out[72]_i_59/O
                         net (fo=1, routed)           0.017     3.632    u_nn_accelerator/u_logicnet/layer1_inst/layer1_N36_inst/data_out[72]_i_59_n_0
    SLICE_X86Y311        MUXF7 (Prop_F7MUX_AB_SLICEM_I0_O)
                                                      0.067     3.699 r  u_nn_accelerator/u_logicnet/layer1_inst/layer1_N36_inst/data_out_reg[72]_i_21/O
                         net (fo=1, routed)           0.152     3.851    u_nn_accelerator/u_logicnet/layer1_inst/layer1_N36_inst/data_out_reg[72]_i_21_n_0
    SLICE_X87Y311        LUT5 (Prop_E5LUT_SLICEM_I4_O)
                                                      0.113     3.964 r  u_nn_accelerator/u_logicnet/layer1_inst/layer1_N36_inst/data_out[72]_i_6/O
                         net (fo=1, routed)           0.157     4.121    u_nn_accelerator/u_logicnet/layer1_inst/layer1_N36_inst/data_out[72]_i_6_n_0
    SLICE_X87Y314        LUT6 (Prop_H6LUT_SLICEM_I1_O)
                                                      0.152     4.273 r  u_nn_accelerator/u_logicnet/layer1_inst/layer1_N36_inst/data_out[72]_i_2/O
                         net (fo=1, routed)           0.044     4.317    u_nn_accelerator/u_logicnet/layer1_inst/layer1_N36_inst/data_out[72]_i_2_n_0
    SLICE_X87Y314        LUT5 (Prop_E6LUT_SLICEM_I0_O)
                                                      0.091     4.408 r  u_nn_accelerator/u_logicnet/layer1_inst/layer1_N36_inst/data_out[72]_i_1/O
                         net (fo=1, routed)           0.055     4.463    u_nn_accelerator/u_logicnet/layer2_reg/M2[56]
    SLICE_X87Y314        FDRE                                         r  u_nn_accelerator/u_logicnet/layer2_reg/data_out_reg[72]/D
  -------------------------------------------------------------------    -------------------

                         (clock ap_clk rise edge)     1.000     1.000 r  
    E11                                               0.000     1.000 r  ap_clk (IN)
                         net (fo=0)                   0.000     1.000    ap_clk_IBUF_inst/I
    E11                  INBUF (Prop_INBUF_HDIOB_M_PAD_O)
                                                      0.574     1.574 r  ap_clk_IBUF_inst/INBUF_INST/O
                         net (fo=1, routed)           0.000     1.574    ap_clk_IBUF_inst/OUT
    E11                  IBUFCTRL (Prop_IBUFCTRL_HDIOB_M_I_O)
                                                      0.000     1.574 r  ap_clk_IBUF_inst/IBUFCTRL_INST/O
                         net (fo=1, routed)           0.169     1.743    ap_clk_IBUF
    BUFGCE_HDIO_X0Y6     BUFGCE (Prop_BUFCE_BUFGCE_HDIO_I_O)
                                                      0.024     1.767 r  ap_clk_IBUF_BUFG_inst/O
    X4Y4 (CLOCK_ROOT)    net (fo=13233, routed)       1.457     3.223    u_nn_accelerator/u_logicnet/layer2_reg/ap_clk_IBUF_BUFG
    SLICE_X87Y314        FDRE                                         r  u_nn_accelerator/u_logicnet/layer2_reg/data_out_reg[72]/C
                         clock pessimism              0.655     3.878    
                         clock uncertainty           -0.035     3.843    
    SLICE_X87Y314        FDRE (Setup_EFF_SLICEM_C_D)
                                                      0.025     3.868    u_nn_accelerator/u_logicnet/layer2_reg/data_out_reg[72]
  -------------------------------------------------------------------
                         required time                          3.868    
                         arrival time                          -4.463    
  -------------------------------------------------------------------
                         slack                                 -0.595    





Min Delay Paths
--------------------------------------------------------------------------------------
Slack (MET) :             0.010ns  (arrival time - required time)
  Source:                 u_nn_accelerator/u_sum_signed_q1/reduce_layer143_reg[4]/C
                            (rising edge-triggered cell FDRE clocked by ap_clk  {rise@0.000ns fall@0.500ns period=1.000ns})
  Destination:            u_nn_accelerator/u_sum_signed_q1/reduce_layer221_reg[4]/D
                            (rising edge-triggered cell FDRE clocked by ap_clk  {rise@0.000ns fall@0.500ns period=1.000ns})
  Path Group:             ap_clk
  Path Type:              Hold (Min at Slow Process Corner)
  Requirement:            0.000ns  (ap_clk rise@0.000ns - ap_clk rise@0.000ns)
  Data Path Delay:        0.256ns  (logic 0.121ns (47.266%)  route 0.135ns (52.734%))
  Logic Levels:           2  (CARRY8=1 LUT2=1)
  Clock Path Skew:        0.186ns (DCD - SCD - CPR)
    Destination Clock Delay (DCD):    2.958ns
    Source Clock Delay      (SCD):    2.156ns
    Clock Pessimism Removal (CPR):    0.616ns
  Clock Net Delay (Source):      1.390ns (routing 0.691ns, distribution 0.699ns)
  Clock Net Delay (Destination): 1.645ns (routing 0.760ns, distribution 0.885ns)

    Location             Delay type                Incr(ns)  Path(ns)    Netlist Resource(s)
  -------------------------------------------------------------------    -------------------
                         (clock ap_clk rise edge)     0.000     0.000 r  
    E11                                               0.000     0.000 r  ap_clk (IN)
                         net (fo=0)                   0.000     0.000    ap_clk_IBUF_inst/I
    E11                  INBUF (Prop_INBUF_HDIOB_M_PAD_O)
                                                      0.574     0.574 r  ap_clk_IBUF_inst/INBUF_INST/O
                         net (fo=1, routed)           0.000     0.574    ap_clk_IBUF_inst/OUT
    E11                  IBUFCTRL (Prop_IBUFCTRL_HDIOB_M_I_O)
                                                      0.000     0.574 r  ap_clk_IBUF_inst/IBUFCTRL_INST/O
                         net (fo=1, routed)           0.169     0.743    ap_clk_IBUF
    BUFGCE_HDIO_X0Y6     BUFGCE (Prop_BUFCE_BUFGCE_HDIO_I_O)
                                                      0.024     0.767 r  ap_clk_IBUF_BUFG_inst/O
    X4Y4 (CLOCK_ROOT)    net (fo=13233, routed)       1.390     2.156    u_nn_accelerator/u_sum_signed_q1/ap_clk_IBUF_BUFG
    SLICE_X94Y299        FDRE                                         r  u_nn_accelerator/u_sum_signed_q1/reduce_layer143_reg[4]/C
  -------------------------------------------------------------------    -------------------
    SLICE_X94Y299        FDRE (Prop_EFF_SLICEM_C_Q)
                                                      0.058     2.214 r  u_nn_accelerator/u_sum_signed_q1/reduce_layer143_reg[4]/Q
                         net (fo=1, routed)           0.113     2.327    u_nn_accelerator/u_sum_signed_q1/reduce_layer143[4]
    SLICE_X94Y305        LUT2 (Prop_E6LUT_SLICEM_I1_O)
                                                      0.035     2.362 r  u_nn_accelerator/u_sum_signed_q1/reduce_layer221[7]_i_5__2/O
                         net (fo=1, routed)           0.013     2.375    u_nn_accelerator/u_sum_signed_q1/reduce_layer221[7]_i_5__2_n_0
    SLICE_X94Y305        CARRY8 (Prop_CARRY8_SLICEM_S[4]_O[4])
                                                      0.028     2.403 r  u_nn_accelerator/u_sum_signed_q1/reduce_layer221_reg[7]_i_1__2/O[4]
                         net (fo=1, routed)           0.009     2.412    u_nn_accelerator/u_sum_signed_q1/w_reduce_layer221[4]
    SLICE_X94Y305        FDRE                                         r  u_nn_accelerator/u_sum_signed_q1/reduce_layer221_reg[4]/D
  -------------------------------------------------------------------    -------------------

                         (clock ap_clk rise edge)     0.000     0.000 r  
    E11                                               0.000     0.000 r  ap_clk (IN)
                         net (fo=0)                   0.000     0.000    ap_clk_IBUF_inst/I
    E11                  INBUF (Prop_INBUF_HDIOB_M_PAD_O)
                                                      1.081     1.081 r  ap_clk_IBUF_inst/INBUF_INST/O
                         net (fo=1, routed)           0.000     1.081    ap_clk_IBUF_inst/OUT
    E11                  IBUFCTRL (Prop_IBUFCTRL_HDIOB_M_I_O)
                                                      0.000     1.081 r  ap_clk_IBUF_inst/IBUFCTRL_INST/O
                         net (fo=1, routed)           0.204     1.285    ap_clk_IBUF
    BUFGCE_HDIO_X0Y6     BUFGCE (Prop_BUFCE_BUFGCE_HDIO_I_O)
                                                      0.028     1.313 r  ap_clk_IBUF_BUFG_inst/O
    X4Y4 (CLOCK_ROOT)    net (fo=13233, routed)       1.645     2.958    u_nn_accelerator/u_sum_signed_q1/ap_clk_IBUF_BUFG
    SLICE_X94Y305        FDRE                                         r  u_nn_accelerator/u_sum_signed_q1/reduce_layer221_reg[4]/C
                         clock pessimism             -0.616     2.343    
    SLICE_X94Y305        FDRE (Hold_EFF_SLICEM_C_D)
                                                      0.060     2.403    u_nn_accelerator/u_sum_signed_q1/reduce_layer221_reg[4]
  -------------------------------------------------------------------
                         required time                         -2.403    
                         arrival time                           2.412    
  -------------------------------------------------------------------
                         slack                                  0.010    

Slack (MET) :             0.012ns  (arrival time - required time)
  Source:                 i_memory_reg[374][3]/C
                            (rising edge-triggered cell FDRE clocked by ap_clk  {rise@0.000ns fall@0.500ns period=1.000ns})
  Destination:            u_nn_accelerator/u_sum_signed_i1/reduce_layer187_reg[3]/D
                            (rising edge-triggered cell FDRE clocked by ap_clk  {rise@0.000ns fall@0.500ns period=1.000ns})
  Path Group:             ap_clk
  Path Type:              Hold (Min at Slow Process Corner)
  Requirement:            0.000ns  (ap_clk rise@0.000ns - ap_clk rise@0.000ns)
  Data Path Delay:        0.259ns  (logic 0.108ns (41.676%)  route 0.151ns (58.325%))
  Logic Levels:           2  (CARRY8=1 LUT2=1)
  Clock Path Skew:        0.187ns (DCD - SCD - CPR)
    Destination Clock Delay (DCD):    3.021ns
    Source Clock Delay      (SCD):    2.218ns
    Clock Pessimism Removal (CPR):    0.616ns
  Clock Net Delay (Source):      1.452ns (routing 0.691ns, distribution 0.761ns)
  Clock Net Delay (Destination): 1.708ns (routing 0.760ns, distribution 0.948ns)

    Location             Delay type                Incr(ns)  Path(ns)    Netlist Resource(s)
  -------------------------------------------------------------------    -------------------
                         (clock ap_clk rise edge)     0.000     0.000 r  
    E11                                               0.000     0.000 r  ap_clk (IN)
                         net (fo=0)                   0.000     0.000    ap_clk_IBUF_inst/I
    E11                  INBUF (Prop_INBUF_HDIOB_M_PAD_O)
                                                      0.574     0.574 r  ap_clk_IBUF_inst/INBUF_INST/O
                         net (fo=1, routed)           0.000     0.574    ap_clk_IBUF_inst/OUT
    E11                  IBUFCTRL (Prop_IBUFCTRL_HDIOB_M_I_O)
                                                      0.000     0.574 r  ap_clk_IBUF_inst/IBUFCTRL_INST/O
                         net (fo=1, routed)           0.169     0.743    ap_clk_IBUF
    BUFGCE_HDIO_X0Y6     BUFGCE (Prop_BUFCE_BUFGCE_HDIO_I_O)
                                                      0.024     0.767 r  ap_clk_IBUF_BUFG_inst/O
    X4Y4 (CLOCK_ROOT)    net (fo=13233, routed)       1.452     2.218    ap_clk_IBUF_BUFG
    SLICE_X98Y297        FDRE                                         r  i_memory_reg[374][3]/C
  -------------------------------------------------------------------    -------------------
    SLICE_X98Y297        FDRE (Prop_FFF2_SLICEL_C_Q)
                                                      0.060     2.278 r  i_memory_reg[374][3]/Q
                         net (fo=2, routed)           0.132     2.411    u_nn_accelerator/u_sum_signed_i1/reduce_layer187_reg[7]_0[3]
    SLICE_X100Y300       LUT2 (Prop_D6LUT_SLICEL_I0_O)
                                                      0.022     2.433 r  u_nn_accelerator/u_sum_signed_i1/reduce_layer187[7]_i_5__1/O
                         net (fo=1, routed)           0.009     2.442    u_nn_accelerator/u_sum_signed_i1/reduce_layer187[7]_i_5__1_n_0
    SLICE_X100Y300       CARRY8 (Prop_CARRY8_SLICEL_S[3]_O[3])
                                                      0.026     2.468 r  u_nn_accelerator/u_sum_signed_i1/reduce_layer187_reg[7]_i_1__1/O[3]
                         net (fo=1, routed)           0.010     2.478    u_nn_accelerator/u_sum_signed_i1/w_reduce_layer187[3]
    SLICE_X100Y300       FDRE                                         r  u_nn_accelerator/u_sum_signed_i1/reduce_layer187_reg[3]/D
  -------------------------------------------------------------------    -------------------

                         (clock ap_clk rise edge)     0.000     0.000 r  
    E11                                               0.000     0.000 r  ap_clk (IN)
                         net (fo=0)                   0.000     0.000    ap_clk_IBUF_inst/I
    E11                  INBUF (Prop_INBUF_HDIOB_M_PAD_O)
                                                      1.081     1.081 r  ap_clk_IBUF_inst/INBUF_INST/O
                         net (fo=1, routed)           0.000     1.081    ap_clk_IBUF_inst/OUT
    E11                  IBUFCTRL (Prop_IBUFCTRL_HDIOB_M_I_O)
                                                      0.000     1.081 r  ap_clk_IBUF_inst/IBUFCTRL_INST/O
                         net (fo=1, routed)           0.204     1.285    ap_clk_IBUF
    BUFGCE_HDIO_X0Y6     BUFGCE (Prop_BUFCE_BUFGCE_HDIO_I_O)
                                                      0.028     1.313 r  ap_clk_IBUF_BUFG_inst/O
    X4Y4 (CLOCK_ROOT)    net (fo=13233, routed)       1.708     3.021    u_nn_accelerator/u_sum_signed_i1/ap_clk_IBUF_BUFG
    SLICE_X100Y300       FDRE                                         r  u_nn_accelerator/u_sum_signed_i1/reduce_layer187_reg[3]/C
                         clock pessimism             -0.616     2.406    
    SLICE_X100Y300       FDRE (Hold_DFF_SLICEL_C_D)
                                                      0.060     2.466    u_nn_accelerator/u_sum_signed_i1/reduce_layer187_reg[3]
  -------------------------------------------------------------------
                         required time                         -2.466    
                         arrival time                           2.478    
  -------------------------------------------------------------------
                         slack                                  0.012    

Slack (MET) :             0.013ns  (arrival time - required time)
  Source:                 u_nn_accelerator/u_sum_signed_q1/reduce_layer411_reg[5]/C
                            (rising edge-triggered cell FDRE clocked by ap_clk  {rise@0.000ns fall@0.500ns period=1.000ns})
  Destination:            u_nn_accelerator/u_sum_signed_q1/reduce_layer55_reg[5]/D
                            (rising edge-triggered cell FDRE clocked by ap_clk  {rise@0.000ns fall@0.500ns period=1.000ns})
  Path Group:             ap_clk
  Path Type:              Hold (Min at Slow Process Corner)
  Requirement:            0.000ns  (ap_clk rise@0.000ns - ap_clk rise@0.000ns)
  Data Path Delay:        0.264ns  (logic 0.122ns (46.212%)  route 0.142ns (53.788%))
  Logic Levels:           2  (CARRY8=1 LUT2=1)
  Clock Path Skew:        0.191ns (DCD - SCD - CPR)
    Destination Clock Delay (DCD):    3.028ns
    Source Clock Delay      (SCD):    2.221ns
    Clock Pessimism Removal (CPR):    0.616ns
  Clock Net Delay (Source):      1.455ns (routing 0.691ns, distribution 0.764ns)
  Clock Net Delay (Destination): 1.715ns (routing 0.760ns, distribution 0.955ns)

    Location             Delay type                Incr(ns)  Path(ns)    Netlist Resource(s)
  -------------------------------------------------------------------    -------------------
                         (clock ap_clk rise edge)     0.000     0.000 r  
    E11                                               0.000     0.000 r  ap_clk (IN)
                         net (fo=0)                   0.000     0.000    ap_clk_IBUF_inst/I
    E11                  INBUF (Prop_INBUF_HDIOB_M_PAD_O)
                                                      0.574     0.574 r  ap_clk_IBUF_inst/INBUF_INST/O
                         net (fo=1, routed)           0.000     0.574    ap_clk_IBUF_inst/OUT
    E11                  IBUFCTRL (Prop_IBUFCTRL_HDIOB_M_I_O)
                                                      0.000     0.574 r  ap_clk_IBUF_inst/IBUFCTRL_INST/O
                         net (fo=1, routed)           0.169     0.743    ap_clk_IBUF
    BUFGCE_HDIO_X0Y6     BUFGCE (Prop_BUFCE_BUFGCE_HDIO_I_O)
                                                      0.024     0.767 r  ap_clk_IBUF_BUFG_inst/O
    X4Y4 (CLOCK_ROOT)    net (fo=13233, routed)       1.455     2.221    u_nn_accelerator/u_sum_signed_q1/ap_clk_IBUF_BUFG
    SLICE_X99Y296        FDRE                                         r  u_nn_accelerator/u_sum_signed_q1/reduce_layer411_reg[5]/C
  -------------------------------------------------------------------    -------------------
    SLICE_X99Y296        FDRE (Prop_FFF_SLICEM_C_Q)
                                                      0.057     2.278 r  u_nn_accelerator/u_sum_signed_q1/reduce_layer411_reg[5]/Q
                         net (fo=1, routed)           0.112     2.390    u_nn_accelerator/u_sum_signed_q1/reduce_layer411[5]
    SLICE_X97Y300        LUT2 (Prop_F6LUT_SLICEM_I1_O)
                                                      0.035     2.425 r  u_nn_accelerator/u_sum_signed_q1/reduce_layer55[7]_i_4__2/O
                         net (fo=1, routed)           0.020     2.445    u_nn_accelerator/u_sum_signed_q1/reduce_layer55[7]_i_4__2_n_0
    SLICE_X97Y300        CARRY8 (Prop_CARRY8_SLICEM_S[5]_O[5])
                                                      0.030     2.475 r  u_nn_accelerator/u_sum_signed_q1/reduce_layer55_reg[7]_i_1__2/O[5]
                         net (fo=1, routed)           0.010     2.485    u_nn_accelerator/u_sum_signed_q1/w_reduce_layer55[5]
    SLICE_X97Y300        FDRE                                         r  u_nn_accelerator/u_sum_signed_q1/reduce_layer55_reg[5]/D
  -------------------------------------------------------------------    -------------------

                         (clock ap_clk rise edge)     0.000     0.000 r  
    E11                                               0.000     0.000 r  ap_clk (IN)
                         net (fo=0)                   0.000     0.000    ap_clk_IBUF_inst/I
    E11                  INBUF (Prop_INBUF_HDIOB_M_PAD_O)
                                                      1.081     1.081 r  ap_clk_IBUF_inst/INBUF_INST/O
                         net (fo=1, routed)           0.000     1.081    ap_clk_IBUF_inst/OUT
    E11                  IBUFCTRL (Prop_IBUFCTRL_HDIOB_M_I_O)
                                                      0.000     1.081 r  ap_clk_IBUF_inst/IBUFCTRL_INST/O
                         net (fo=1, routed)           0.204     1.285    ap_clk_IBUF
    BUFGCE_HDIO_X0Y6     BUFGCE (Prop_BUFCE_BUFGCE_HDIO_I_O)
                                                      0.028     1.313 r  ap_clk_IBUF_BUFG_inst/O
    X4Y4 (CLOCK_ROOT)    net (fo=13233, routed)       1.715     3.028    u_nn_accelerator/u_sum_signed_q1/ap_clk_IBUF_BUFG
    SLICE_X97Y300        FDRE                                         r  u_nn_accelerator/u_sum_signed_q1/reduce_layer55_reg[5]/C
                         clock pessimism             -0.616     2.413    
    SLICE_X97Y300        FDRE (Hold_FFF_SLICEM_C_D)
                                                      0.060     2.473    u_nn_accelerator/u_sum_signed_q1/reduce_layer55_reg[5]
  -------------------------------------------------------------------
                         required time                         -2.473    
                         arrival time                           2.485    
  -------------------------------------------------------------------
                         slack                                  0.013    

Slack (MET) :             0.013ns  (arrival time - required time)
  Source:                 u_nn_accelerator/u_sum_signed_i0/reduce_layer80_reg[5]/C
                            (rising edge-triggered cell FDRE clocked by ap_clk  {rise@0.000ns fall@0.500ns period=1.000ns})
  Destination:            u_nn_accelerator/u_logicnet/layer0_reg/data_out_reg[9]/D
                            (rising edge-triggered cell FDRE clocked by ap_clk  {rise@0.000ns fall@0.500ns period=1.000ns})
  Path Group:             ap_clk
  Path Type:              Hold (Min at Slow Process Corner)
  Requirement:            0.000ns  (ap_clk rise@0.000ns - ap_clk rise@0.000ns)
  Data Path Delay:        0.284ns  (logic 0.057ns (20.070%)  route 0.227ns (79.930%))
  Logic Levels:           0  
  Clock Path Skew:        0.209ns (DCD - SCD - CPR)
    Destination Clock Delay (DCD):    3.031ns
    Source Clock Delay      (SCD):    2.206ns
    Clock Pessimism Removal (CPR):    0.616ns
  Clock Net Delay (Source):      1.440ns (routing 0.691ns, distribution 0.749ns)
  Clock Net Delay (Destination): 1.718ns (routing 0.760ns, distribution 0.958ns)

    Location             Delay type                Incr(ns)  Path(ns)    Netlist Resource(s)
  -------------------------------------------------------------------    -------------------
                         (clock ap_clk rise edge)     0.000     0.000 r  
    E11                                               0.000     0.000 r  ap_clk (IN)
                         net (fo=0)                   0.000     0.000    ap_clk_IBUF_inst/I
    E11                  INBUF (Prop_INBUF_HDIOB_M_PAD_O)
                                                      0.574     0.574 r  ap_clk_IBUF_inst/INBUF_INST/O
                         net (fo=1, routed)           0.000     0.574    ap_clk_IBUF_inst/OUT
    E11                  IBUFCTRL (Prop_IBUFCTRL_HDIOB_M_I_O)
                                                      0.000     0.574 r  ap_clk_IBUF_inst/IBUFCTRL_INST/O
                         net (fo=1, routed)           0.169     0.743    ap_clk_IBUF
    BUFGCE_HDIO_X0Y6     BUFGCE (Prop_BUFCE_BUFGCE_HDIO_I_O)
                                                      0.024     0.767 r  ap_clk_IBUF_BUFG_inst/O
    X4Y4 (CLOCK_ROOT)    net (fo=13233, routed)       1.440     2.206    u_nn_accelerator/u_sum_signed_i0/ap_clk_IBUF_BUFG
    SLICE_X99Y275        FDRE                                         r  u_nn_accelerator/u_sum_signed_i0/reduce_layer80_reg[5]/C
  -------------------------------------------------------------------    -------------------
    SLICE_X99Y275        FDRE (Prop_FFF_SLICEM_C_Q)
                                                      0.057     2.263 r  u_nn_accelerator/u_sum_signed_i0/reduce_layer80_reg[5]/Q
                         net (fo=1, routed)           0.227     2.490    u_nn_accelerator/u_logicnet/layer0_reg/data_out_reg[0]_31[4]
    SLICE_X99Y302        FDRE                                         r  u_nn_accelerator/u_logicnet/layer0_reg/data_out_reg[9]/D
  -------------------------------------------------------------------    -------------------

                         (clock ap_clk rise edge)     0.000     0.000 r  
    E11                                               0.000     0.000 r  ap_clk (IN)
                         net (fo=0)                   0.000     0.000    ap_clk_IBUF_inst/I
    E11                  INBUF (Prop_INBUF_HDIOB_M_PAD_O)
                                                      1.081     1.081 r  ap_clk_IBUF_inst/INBUF_INST/O
                         net (fo=1, routed)           0.000     1.081    ap_clk_IBUF_inst/OUT
    E11                  IBUFCTRL (Prop_IBUFCTRL_HDIOB_M_I_O)
                                                      0.000     1.081 r  ap_clk_IBUF_inst/IBUFCTRL_INST/O
                         net (fo=1, routed)           0.204     1.285    ap_clk_IBUF
    BUFGCE_HDIO_X0Y6     BUFGCE (Prop_BUFCE_BUFGCE_HDIO_I_O)
                                                      0.028     1.313 r  ap_clk_IBUF_BUFG_inst/O
    X4Y4 (CLOCK_ROOT)    net (fo=13233, routed)       1.718     3.031    u_nn_accelerator/u_logicnet/layer0_reg/ap_clk_IBUF_BUFG
    SLICE_X99Y302        FDRE                                         r  u_nn_accelerator/u_logicnet/layer0_reg/data_out_reg[9]/C
                         clock pessimism             -0.616     2.416    
    SLICE_X99Y302        FDRE (Hold_GFF2_SLICEM_C_D)
                                                      0.062     2.478    u_nn_accelerator/u_logicnet/layer0_reg/data_out_reg[9]
  -------------------------------------------------------------------
                         required time                         -2.478    
                         arrival time                           2.490    
  -------------------------------------------------------------------
                         slack                                  0.013    

Slack (MET) :             0.013ns  (arrival time - required time)
  Source:                 i_memory_reg[374][0]/C
                            (rising edge-triggered cell FDRE clocked by ap_clk  {rise@0.000ns fall@0.500ns period=1.000ns})
  Destination:            u_nn_accelerator/u_sum_signed_i1/reduce_layer187_reg[0]/D
                            (rising edge-triggered cell FDRE clocked by ap_clk  {rise@0.000ns fall@0.500ns period=1.000ns})
  Path Group:             ap_clk
  Path Type:              Hold (Min at Slow Process Corner)
  Requirement:            0.000ns  (ap_clk rise@0.000ns - ap_clk rise@0.000ns)
  Data Path Delay:        0.261ns  (logic 0.109ns (41.836%)  route 0.152ns (58.164%))
  Logic Levels:           2  (CARRY8=1 LUT2=1)
  Clock Path Skew:        0.187ns (DCD - SCD - CPR)
    Destination Clock Delay (DCD):    3.021ns
    Source Clock Delay      (SCD):    2.218ns
    Clock Pessimism Removal (CPR):    0.616ns
  Clock Net Delay (Source):      1.452ns (routing 0.691ns, distribution 0.761ns)
  Clock Net Delay (Destination): 1.708ns (routing 0.760ns, distribution 0.948ns)

    Location             Delay type                Incr(ns)  Path(ns)    Netlist Resource(s)
  -------------------------------------------------------------------    -------------------
                         (clock ap_clk rise edge)     0.000     0.000 r  
    E11                                               0.000     0.000 r  ap_clk (IN)
                         net (fo=0)                   0.000     0.000    ap_clk_IBUF_inst/I
    E11                  INBUF (Prop_INBUF_HDIOB_M_PAD_O)
                                                      0.574     0.574 r  ap_clk_IBUF_inst/INBUF_INST/O
                         net (fo=1, routed)           0.000     0.574    ap_clk_IBUF_inst/OUT
    E11                  IBUFCTRL (Prop_IBUFCTRL_HDIOB_M_I_O)
                                                      0.000     0.574 r  ap_clk_IBUF_inst/IBUFCTRL_INST/O
                         net (fo=1, routed)           0.169     0.743    ap_clk_IBUF
    BUFGCE_HDIO_X0Y6     BUFGCE (Prop_BUFCE_BUFGCE_HDIO_I_O)
                                                      0.024     0.767 r  ap_clk_IBUF_BUFG_inst/O
    X4Y4 (CLOCK_ROOT)    net (fo=13233, routed)       1.452     2.218    ap_clk_IBUF_BUFG
    SLICE_X98Y297        FDRE                                         r  i_memory_reg[374][0]/C
  -------------------------------------------------------------------    -------------------
    SLICE_X98Y297        FDRE (Prop_EFF_SLICEL_C_Q)
                                                      0.059     2.277 r  i_memory_reg[374][0]/Q
                         net (fo=2, routed)           0.133     2.410    u_nn_accelerator/u_sum_signed_i1/reduce_layer187_reg[7]_0[0]
    SLICE_X100Y300       LUT2 (Prop_A6LUT_SLICEL_I0_O)
                                                      0.022     2.432 r  u_nn_accelerator/u_sum_signed_i1/reduce_layer187[7]_i_8__1/O
                         net (fo=1, routed)           0.010     2.442    u_nn_accelerator/u_sum_signed_i1/reduce_layer187[7]_i_8__1_n_0
    SLICE_X100Y300       CARRY8 (Prop_CARRY8_SLICEL_S[0]_O[0])
                                                      0.028     2.470 r  u_nn_accelerator/u_sum_signed_i1/reduce_layer187_reg[7]_i_1__1/O[0]
                         net (fo=1, routed)           0.009     2.479    u_nn_accelerator/u_sum_signed_i1/w_reduce_layer187[0]
    SLICE_X100Y300       FDRE                                         r  u_nn_accelerator/u_sum_signed_i1/reduce_layer187_reg[0]/D
  -------------------------------------------------------------------    -------------------

                         (clock ap_clk rise edge)     0.000     0.000 r  
    E11                                               0.000     0.000 r  ap_clk (IN)
                         net (fo=0)                   0.000     0.000    ap_clk_IBUF_inst/I
    E11                  INBUF (Prop_INBUF_HDIOB_M_PAD_O)
                                                      1.081     1.081 r  ap_clk_IBUF_inst/INBUF_INST/O
                         net (fo=1, routed)           0.000     1.081    ap_clk_IBUF_inst/OUT
    E11                  IBUFCTRL (Prop_IBUFCTRL_HDIOB_M_I_O)
                                                      0.000     1.081 r  ap_clk_IBUF_inst/IBUFCTRL_INST/O
                         net (fo=1, routed)           0.204     1.285    ap_clk_IBUF
    BUFGCE_HDIO_X0Y6     BUFGCE (Prop_BUFCE_BUFGCE_HDIO_I_O)
                                                      0.028     1.313 r  ap_clk_IBUF_BUFG_inst/O
    X4Y4 (CLOCK_ROOT)    net (fo=13233, routed)       1.708     3.021    u_nn_accelerator/u_sum_signed_i1/ap_clk_IBUF_BUFG
    SLICE_X100Y300       FDRE                                         r  u_nn_accelerator/u_sum_signed_i1/reduce_layer187_reg[0]/C
                         clock pessimism             -0.616     2.406    
    SLICE_X100Y300       FDRE (Hold_AFF_SLICEL_C_D)
                                                      0.060     2.466    u_nn_accelerator/u_sum_signed_i1/reduce_layer187_reg[0]
  -------------------------------------------------------------------
                         required time                         -2.466    
                         arrival time                           2.479    
  -------------------------------------------------------------------
                         slack                                  0.013    

Slack (MET) :             0.014ns  (arrival time - required time)
  Source:                 u_nn_accelerator/u_sum_signed_q1/reduce_layer411_reg[7]/C
                            (rising edge-triggered cell FDRE clocked by ap_clk  {rise@0.000ns fall@0.500ns period=1.000ns})
  Destination:            u_nn_accelerator/u_sum_signed_q1/reduce_layer55_reg[7]/D
                            (rising edge-triggered cell FDRE clocked by ap_clk  {rise@0.000ns fall@0.500ns period=1.000ns})
  Path Group:             ap_clk
  Path Type:              Hold (Min at Slow Process Corner)
  Requirement:            0.000ns  (ap_clk rise@0.000ns - ap_clk rise@0.000ns)
  Data Path Delay:        0.265ns  (logic 0.124ns (46.792%)  route 0.141ns (53.208%))
  Logic Levels:           2  (CARRY8=1 LUT2=1)
  Clock Path Skew:        0.191ns (DCD - SCD - CPR)
    Destination Clock Delay (DCD):    3.028ns
    Source Clock Delay      (SCD):    2.221ns
    Clock Pessimism Removal (CPR):    0.616ns
  Clock Net Delay (Source):      1.455ns (routing 0.691ns, distribution 0.764ns)
  Clock Net Delay (Destination): 1.715ns (routing 0.760ns, distribution 0.955ns)

    Location             Delay type                Incr(ns)  Path(ns)    Netlist Resource(s)
  -------------------------------------------------------------------    -------------------
                         (clock ap_clk rise edge)     0.000     0.000 r  
    E11                                               0.000     0.000 r  ap_clk (IN)
                         net (fo=0)                   0.000     0.000    ap_clk_IBUF_inst/I
    E11                  INBUF (Prop_INBUF_HDIOB_M_PAD_O)
                                                      0.574     0.574 r  ap_clk_IBUF_inst/INBUF_INST/O
                         net (fo=1, routed)           0.000     0.574    ap_clk_IBUF_inst/OUT
    E11                  IBUFCTRL (Prop_IBUFCTRL_HDIOB_M_I_O)
                                                      0.000     0.574 r  ap_clk_IBUF_inst/IBUFCTRL_INST/O
                         net (fo=1, routed)           0.169     0.743    ap_clk_IBUF
    BUFGCE_HDIO_X0Y6     BUFGCE (Prop_BUFCE_BUFGCE_HDIO_I_O)
                                                      0.024     0.767 r  ap_clk_IBUF_BUFG_inst/O
    X4Y4 (CLOCK_ROOT)    net (fo=13233, routed)       1.455     2.221    u_nn_accelerator/u_sum_signed_q1/ap_clk_IBUF_BUFG
    SLICE_X99Y296        FDRE                                         r  u_nn_accelerator/u_sum_signed_q1/reduce_layer411_reg[7]/C
  -------------------------------------------------------------------    -------------------
    SLICE_X99Y296        FDRE (Prop_HFF_SLICEM_C_Q)
                                                      0.058     2.279 r  u_nn_accelerator/u_sum_signed_q1/reduce_layer411_reg[7]/Q
                         net (fo=1, routed)           0.116     2.395    u_nn_accelerator/u_sum_signed_q1/reduce_layer411[7]
    SLICE_X97Y300        LUT2 (Prop_H6LUT_SLICEM_I1_O)
                                                      0.037     2.432 r  u_nn_accelerator/u_sum_signed_q1/reduce_layer55[7]_i_2__2/O
                         net (fo=1, routed)           0.015     2.447    u_nn_accelerator/u_sum_signed_q1/reduce_layer55[7]_i_2__2_n_0
    SLICE_X97Y300        CARRY8 (Prop_CARRY8_SLICEM_S[7]_O[7])
                                                      0.029     2.476 r  u_nn_accelerator/u_sum_signed_q1/reduce_layer55_reg[7]_i_1__2/O[7]
                         net (fo=1, routed)           0.010     2.486    u_nn_accelerator/u_sum_signed_q1/w_reduce_layer55[7]
    SLICE_X97Y300        FDRE                                         r  u_nn_accelerator/u_sum_signed_q1/reduce_layer55_reg[7]/D
  -------------------------------------------------------------------    -------------------

                         (clock ap_clk rise edge)     0.000     0.000 r  
    E11                                               0.000     0.000 r  ap_clk (IN)
                         net (fo=0)                   0.000     0.000    ap_clk_IBUF_inst/I
    E11                  INBUF (Prop_INBUF_HDIOB_M_PAD_O)
                                                      1.081     1.081 r  ap_clk_IBUF_inst/INBUF_INST/O
                         net (fo=1, routed)           0.000     1.081    ap_clk_IBUF_inst/OUT
    E11                  IBUFCTRL (Prop_IBUFCTRL_HDIOB_M_I_O)
                                                      0.000     1.081 r  ap_clk_IBUF_inst/IBUFCTRL_INST/O
                         net (fo=1, routed)           0.204     1.285    ap_clk_IBUF
    BUFGCE_HDIO_X0Y6     BUFGCE (Prop_BUFCE_BUFGCE_HDIO_I_O)
                                                      0.028     1.313 r  ap_clk_IBUF_BUFG_inst/O
    X4Y4 (CLOCK_ROOT)    net (fo=13233, routed)       1.715     3.028    u_nn_accelerator/u_sum_signed_q1/ap_clk_IBUF_BUFG
    SLICE_X97Y300        FDRE                                         r  u_nn_accelerator/u_sum_signed_q1/reduce_layer55_reg[7]/C
                         clock pessimism             -0.616     2.413    
    SLICE_X97Y300        FDRE (Hold_HFF_SLICEM_C_D)
                                                      0.060     2.473    u_nn_accelerator/u_sum_signed_q1/reduce_layer55_reg[7]
  -------------------------------------------------------------------
                         required time                         -2.473    
                         arrival time                           2.486    
  -------------------------------------------------------------------
                         slack                                  0.014    

Slack (MET) :             0.015ns  (arrival time - required time)
  Source:                 i_memory_reg[374][0]/C
                            (rising edge-triggered cell FDRE clocked by ap_clk  {rise@0.000ns fall@0.500ns period=1.000ns})
  Destination:            u_nn_accelerator/u_sum_signed_i1/reduce_layer187_reg[1]/D
                            (rising edge-triggered cell FDRE clocked by ap_clk  {rise@0.000ns fall@0.500ns period=1.000ns})
  Path Group:             ap_clk
  Path Type:              Hold (Min at Slow Process Corner)
  Requirement:            0.000ns  (ap_clk rise@0.000ns - ap_clk rise@0.000ns)
  Data Path Delay:        0.263ns  (logic 0.106ns (40.375%)  route 0.157ns (59.625%))
  Logic Levels:           1  (CARRY8=1)
  Clock Path Skew:        0.187ns (DCD - SCD - CPR)
    Destination Clock Delay (DCD):    3.021ns
    Source Clock Delay      (SCD):    2.218ns
    Clock Pessimism Removal (CPR):    0.616ns
  Clock Net Delay (Source):      1.452ns (routing 0.691ns, distribution 0.761ns)
  Clock Net Delay (Destination): 1.708ns (routing 0.760ns, distribution 0.948ns)

    Location             Delay type                Incr(ns)  Path(ns)    Netlist Resource(s)
  -------------------------------------------------------------------    -------------------
                         (clock ap_clk rise edge)     0.000     0.000 r  
    E11                                               0.000     0.000 r  ap_clk (IN)
                         net (fo=0)                   0.000     0.000    ap_clk_IBUF_inst/I
    E11                  INBUF (Prop_INBUF_HDIOB_M_PAD_O)
                                                      0.574     0.574 r  ap_clk_IBUF_inst/INBUF_INST/O
                         net (fo=1, routed)           0.000     0.574    ap_clk_IBUF_inst/OUT
    E11                  IBUFCTRL (Prop_IBUFCTRL_HDIOB_M_I_O)
                                                      0.000     0.574 r  ap_clk_IBUF_inst/IBUFCTRL_INST/O
                         net (fo=1, routed)           0.169     0.743    ap_clk_IBUF
    BUFGCE_HDIO_X0Y6     BUFGCE (Prop_BUFCE_BUFGCE_HDIO_I_O)
                                                      0.024     0.767 r  ap_clk_IBUF_BUFG_inst/O
    X4Y4 (CLOCK_ROOT)    net (fo=13233, routed)       1.452     2.218    ap_clk_IBUF_BUFG
    SLICE_X98Y297        FDRE                                         r  i_memory_reg[374][0]/C
  -------------------------------------------------------------------    -------------------
    SLICE_X98Y297        FDRE (Prop_EFF_SLICEL_C_Q)
                                                      0.059     2.277 r  i_memory_reg[374][0]/Q
                         net (fo=2, routed)           0.147     2.424    u_nn_accelerator/u_sum_signed_i1/reduce_layer187_reg[7]_0[0]
    SLICE_X100Y300       CARRY8 (Prop_CARRY8_SLICEL_DI[0]_O[1])
                                                      0.047     2.471 r  u_nn_accelerator/u_sum_signed_i1/reduce_layer187_reg[7]_i_1__1/O[1]
                         net (fo=1, routed)           0.010     2.481    u_nn_accelerator/u_sum_signed_i1/w_reduce_layer187[1]
    SLICE_X100Y300       FDRE                                         r  u_nn_accelerator/u_sum_signed_i1/reduce_layer187_reg[1]/D
  -------------------------------------------------------------------    -------------------

                         (clock ap_clk rise edge)     0.000     0.000 r  
    E11                                               0.000     0.000 r  ap_clk (IN)
                         net (fo=0)                   0.000     0.000    ap_clk_IBUF_inst/I
    E11                  INBUF (Prop_INBUF_HDIOB_M_PAD_O)
                                                      1.081     1.081 r  ap_clk_IBUF_inst/INBUF_INST/O
                         net (fo=1, routed)           0.000     1.081    ap_clk_IBUF_inst/OUT
    E11                  IBUFCTRL (Prop_IBUFCTRL_HDIOB_M_I_O)
                                                      0.000     1.081 r  ap_clk_IBUF_inst/IBUFCTRL_INST/O
                         net (fo=1, routed)           0.204     1.285    ap_clk_IBUF
    BUFGCE_HDIO_X0Y6     BUFGCE (Prop_BUFCE_BUFGCE_HDIO_I_O)
                                                      0.028     1.313 r  ap_clk_IBUF_BUFG_inst/O
    X4Y4 (CLOCK_ROOT)    net (fo=13233, routed)       1.708     3.021    u_nn_accelerator/u_sum_signed_i1/ap_clk_IBUF_BUFG
    SLICE_X100Y300       FDRE                                         r  u_nn_accelerator/u_sum_signed_i1/reduce_layer187_reg[1]/C
                         clock pessimism             -0.616     2.406    
    SLICE_X100Y300       FDRE (Hold_BFF_SLICEL_C_D)
                                                      0.060     2.466    u_nn_accelerator/u_sum_signed_i1/reduce_layer187_reg[1]
  -------------------------------------------------------------------
                         required time                         -2.466    
                         arrival time                           2.481    
  -------------------------------------------------------------------
                         slack                                  0.015    

Slack (MET) :             0.016ns  (arrival time - required time)
  Source:                 u_nn_accelerator/u_sum_signed_q0/reduce_layer225_reg[2]/C
                            (rising edge-triggered cell FDRE clocked by ap_clk  {rise@0.000ns fall@0.500ns period=1.000ns})
  Destination:            u_nn_accelerator/u_sum_signed_q0/reduce_layer312_reg[2]/D
                            (rising edge-triggered cell FDRE clocked by ap_clk  {rise@0.000ns fall@0.500ns period=1.000ns})
  Path Group:             ap_clk
  Path Type:              Hold (Min at Slow Process Corner)
  Requirement:            0.000ns  (ap_clk rise@0.000ns - ap_clk rise@0.000ns)
  Data Path Delay:        0.251ns  (logic 0.109ns (43.426%)  route 0.142ns (56.574%))
  Logic Levels:           2  (CARRY8=1 LUT2=1)
  Clock Path Skew:        0.175ns (DCD - SCD - CPR)
    Destination Clock Delay (DCD):    2.971ns
    Source Clock Delay      (SCD):    2.142ns
    Clock Pessimism Removal (CPR):    0.654ns
  Clock Net Delay (Source):      1.376ns (routing 0.691ns, distribution 0.685ns)
  Clock Net Delay (Destination): 1.658ns (routing 0.760ns, distribution 0.898ns)

    Location             Delay type                Incr(ns)  Path(ns)    Netlist Resource(s)
  -------------------------------------------------------------------    -------------------
                         (clock ap_clk rise edge)     0.000     0.000 r  
    E11                                               0.000     0.000 r  ap_clk (IN)
                         net (fo=0)                   0.000     0.000    ap_clk_IBUF_inst/I
    E11                  INBUF (Prop_INBUF_HDIOB_M_PAD_O)
                                                      0.574     0.574 r  ap_clk_IBUF_inst/INBUF_INST/O
                         net (fo=1, routed)           0.000     0.574    ap_clk_IBUF_inst/OUT
    E11                  IBUFCTRL (Prop_IBUFCTRL_HDIOB_M_I_O)
                                                      0.000     0.574 r  ap_clk_IBUF_inst/IBUFCTRL_INST/O
                         net (fo=1, routed)           0.169     0.743    ap_clk_IBUF
    BUFGCE_HDIO_X0Y6     BUFGCE (Prop_BUFCE_BUFGCE_HDIO_I_O)
                                                      0.024     0.767 r  ap_clk_IBUF_BUFG_inst/O
    X4Y4 (CLOCK_ROOT)    net (fo=13233, routed)       1.376     2.142    u_nn_accelerator/u_sum_signed_q0/ap_clk_IBUF_BUFG
    SLICE_X96Y262        FDRE                                         r  u_nn_accelerator/u_sum_signed_q0/reduce_layer225_reg[2]/C
  -------------------------------------------------------------------    -------------------
    SLICE_X96Y262        FDRE (Prop_CFF_SLICEM_C_Q)
                                                      0.058     2.200 r  u_nn_accelerator/u_sum_signed_q0/reduce_layer225_reg[2]/Q
                         net (fo=1, routed)           0.113     2.313    u_nn_accelerator/u_sum_signed_q0/reduce_layer225[2]
    SLICE_X97Y260        LUT2 (Prop_C6LUT_SLICEM_I1_O)
                                                      0.022     2.335 r  u_nn_accelerator/u_sum_signed_q0/reduce_layer312[7]_i_7__0/O
                         net (fo=1, routed)           0.019     2.354    u_nn_accelerator/u_sum_signed_q0/reduce_layer312[7]_i_7__0_n_0
    SLICE_X97Y260        CARRY8 (Prop_CARRY8_SLICEM_S[2]_O[2])
                                                      0.029     2.383 r  u_nn_accelerator/u_sum_signed_q0/reduce_layer312_reg[7]_i_1__0/O[2]
                         net (fo=1, routed)           0.010     2.393    u_nn_accelerator/u_sum_signed_q0/w_reduce_layer312[2]
    SLICE_X97Y260        FDRE                                         r  u_nn_accelerator/u_sum_signed_q0/reduce_layer312_reg[2]/D
  -------------------------------------------------------------------    -------------------

                         (clock ap_clk rise edge)     0.000     0.000 r  
    E11                                               0.000     0.000 r  ap_clk (IN)
                         net (fo=0)                   0.000     0.000    ap_clk_IBUF_inst/I
    E11                  INBUF (Prop_INBUF_HDIOB_M_PAD_O)
                                                      1.081     1.081 r  ap_clk_IBUF_inst/INBUF_INST/O
                         net (fo=1, routed)           0.000     1.081    ap_clk_IBUF_inst/OUT
    E11                  IBUFCTRL (Prop_IBUFCTRL_HDIOB_M_I_O)
                                                      0.000     1.081 r  ap_clk_IBUF_inst/IBUFCTRL_INST/O
                         net (fo=1, routed)           0.204     1.285    ap_clk_IBUF
    BUFGCE_HDIO_X0Y6     BUFGCE (Prop_BUFCE_BUFGCE_HDIO_I_O)
                                                      0.028     1.313 r  ap_clk_IBUF_BUFG_inst/O
    X4Y4 (CLOCK_ROOT)    net (fo=13233, routed)       1.658     2.971    u_nn_accelerator/u_sum_signed_q0/ap_clk_IBUF_BUFG
    SLICE_X97Y260        FDRE                                         r  u_nn_accelerator/u_sum_signed_q0/reduce_layer312_reg[2]/C
                         clock pessimism             -0.654     2.318    
    SLICE_X97Y260        FDRE (Hold_CFF_SLICEM_C_D)
                                                      0.060     2.378    u_nn_accelerator/u_sum_signed_q0/reduce_layer312_reg[2]
  -------------------------------------------------------------------
                         required time                         -2.378    
                         arrival time                           2.393    
  -------------------------------------------------------------------
                         slack                                  0.016    

Slack (MET) :             0.017ns  (arrival time - required time)
  Source:                 u_nn_accelerator/u_sum_signed_q1/reduce_layer80_reg[7]/C
                            (rising edge-triggered cell FDRE clocked by ap_clk  {rise@0.000ns fall@0.500ns period=1.000ns})
  Destination:            u_nn_accelerator/u_logicnet/layer0_reg/data_out_reg[49]/D
                            (rising edge-triggered cell FDRE clocked by ap_clk  {rise@0.000ns fall@0.500ns period=1.000ns})
  Path Group:             ap_clk
  Path Type:              Hold (Min at Slow Process Corner)
  Requirement:            0.000ns  (ap_clk rise@0.000ns - ap_clk rise@0.000ns)
  Data Path Delay:        0.127ns  (logic 0.058ns (45.669%)  route 0.069ns (54.331%))
  Logic Levels:           0  
  Clock Path Skew:        0.048ns (DCD - SCD - CPR)
    Destination Clock Delay (DCD):    2.979ns
    Source Clock Delay      (SCD):    2.225ns
    Clock Pessimism Removal (CPR):    0.706ns
  Clock Net Delay (Source):      1.458ns (routing 0.691ns, distribution 0.767ns)
  Clock Net Delay (Destination): 1.666ns (routing 0.760ns, distribution 0.906ns)

    Location             Delay type                Incr(ns)  Path(ns)    Netlist Resource(s)
  -------------------------------------------------------------------    -------------------
                         (clock ap_clk rise edge)     0.000     0.000 r  
    E11                                               0.000     0.000 r  ap_clk (IN)
                         net (fo=0)                   0.000     0.000    ap_clk_IBUF_inst/I
    E11                  INBUF (Prop_INBUF_HDIOB_M_PAD_O)
                                                      0.574     0.574 r  ap_clk_IBUF_inst/INBUF_INST/O
                         net (fo=1, routed)           0.000     0.574    ap_clk_IBUF_inst/OUT
    E11                  IBUFCTRL (Prop_IBUFCTRL_HDIOB_M_I_O)
                                                      0.000     0.574 r  ap_clk_IBUF_inst/IBUFCTRL_INST/O
                         net (fo=1, routed)           0.169     0.743    ap_clk_IBUF
    BUFGCE_HDIO_X0Y6     BUFGCE (Prop_BUFCE_BUFGCE_HDIO_I_O)
                                                      0.024     0.767 r  ap_clk_IBUF_BUFG_inst/O
    X4Y4 (CLOCK_ROOT)    net (fo=13233, routed)       1.458     2.225    u_nn_accelerator/u_sum_signed_q1/ap_clk_IBUF_BUFG
    SLICE_X88Y319        FDRE                                         r  u_nn_accelerator/u_sum_signed_q1/reduce_layer80_reg[7]/C
  -------------------------------------------------------------------    -------------------
    SLICE_X88Y319        FDRE (Prop_HFF_SLICEL_C_Q)
                                                      0.058     2.283 r  u_nn_accelerator/u_sum_signed_q1/reduce_layer80_reg[7]/Q
                         net (fo=1, routed)           0.069     2.352    u_nn_accelerator/u_logicnet/layer0_reg/sum[6]
    SLICE_X88Y318        FDRE                                         r  u_nn_accelerator/u_logicnet/layer0_reg/data_out_reg[49]/D
  -------------------------------------------------------------------    -------------------

                         (clock ap_clk rise edge)     0.000     0.000 r  
    E11                                               0.000     0.000 r  ap_clk (IN)
                         net (fo=0)                   0.000     0.000    ap_clk_IBUF_inst/I
    E11                  INBUF (Prop_INBUF_HDIOB_M_PAD_O)
                                                      1.081     1.081 r  ap_clk_IBUF_inst/INBUF_INST/O
                         net (fo=1, routed)           0.000     1.081    ap_clk_IBUF_inst/OUT
    E11                  IBUFCTRL (Prop_IBUFCTRL_HDIOB_M_I_O)
                                                      0.000     1.081 r  ap_clk_IBUF_inst/IBUFCTRL_INST/O
                         net (fo=1, routed)           0.204     1.285    ap_clk_IBUF
    BUFGCE_HDIO_X0Y6     BUFGCE (Prop_BUFCE_BUFGCE_HDIO_I_O)
                                                      0.028     1.313 r  ap_clk_IBUF_BUFG_inst/O
    X4Y4 (CLOCK_ROOT)    net (fo=13233, routed)       1.666     2.979    u_nn_accelerator/u_logicnet/layer0_reg/ap_clk_IBUF_BUFG
    SLICE_X88Y318        FDRE                                         r  u_nn_accelerator/u_logicnet/layer0_reg/data_out_reg[49]/C
                         clock pessimism             -0.706     2.273    
    SLICE_X88Y318        FDRE (Hold_EFF2_SLICEL_C_D)
                                                      0.062     2.335    u_nn_accelerator/u_logicnet/layer0_reg/data_out_reg[49]
  -------------------------------------------------------------------
                         required time                         -2.335    
                         arrival time                           2.352    
  -------------------------------------------------------------------
                         slack                                  0.017    

Slack (MET) :             0.017ns  (arrival time - required time)
  Source:                 u_nn_accelerator/u_sum_signed_q1/reduce_layer143_reg[7]/C
                            (rising edge-triggered cell FDRE clocked by ap_clk  {rise@0.000ns fall@0.500ns period=1.000ns})
  Destination:            u_nn_accelerator/u_sum_signed_q1/reduce_layer221_reg[7]/D
                            (rising edge-triggered cell FDRE clocked by ap_clk  {rise@0.000ns fall@0.500ns period=1.000ns})
  Path Group:             ap_clk
  Path Type:              Hold (Min at Slow Process Corner)
  Requirement:            0.000ns  (ap_clk rise@0.000ns - ap_clk rise@0.000ns)
  Data Path Delay:        0.263ns  (logic 0.124ns (47.148%)  route 0.139ns (52.852%))
  Logic Levels:           2  (CARRY8=1 LUT2=1)
  Clock Path Skew:        0.186ns (DCD - SCD - CPR)
    Destination Clock Delay (DCD):    2.958ns
    Source Clock Delay      (SCD):    2.156ns
    Clock Pessimism Removal (CPR):    0.616ns
  Clock Net Delay (Source):      1.390ns (routing 0.691ns, distribution 0.699ns)
  Clock Net Delay (Destination): 1.645ns (routing 0.760ns, distribution 0.885ns)

    Location             Delay type                Incr(ns)  Path(ns)    Netlist Resource(s)
  -------------------------------------------------------------------    -------------------
                         (clock ap_clk rise edge)     0.000     0.000 r  
    E11                                               0.000     0.000 r  ap_clk (IN)
                         net (fo=0)                   0.000     0.000    ap_clk_IBUF_inst/I
    E11                  INBUF (Prop_INBUF_HDIOB_M_PAD_O)
                                                      0.574     0.574 r  ap_clk_IBUF_inst/INBUF_INST/O
                         net (fo=1, routed)           0.000     0.574    ap_clk_IBUF_inst/OUT
    E11                  IBUFCTRL (Prop_IBUFCTRL_HDIOB_M_I_O)
                                                      0.000     0.574 r  ap_clk_IBUF_inst/IBUFCTRL_INST/O
                         net (fo=1, routed)           0.169     0.743    ap_clk_IBUF
    BUFGCE_HDIO_X0Y6     BUFGCE (Prop_BUFCE_BUFGCE_HDIO_I_O)
                                                      0.024     0.767 r  ap_clk_IBUF_BUFG_inst/O
    X4Y4 (CLOCK_ROOT)    net (fo=13233, routed)       1.390     2.156    u_nn_accelerator/u_sum_signed_q1/ap_clk_IBUF_BUFG
    SLICE_X94Y299        FDRE                                         r  u_nn_accelerator/u_sum_signed_q1/reduce_layer143_reg[7]/C
  -------------------------------------------------------------------    -------------------
    SLICE_X94Y299        FDRE (Prop_HFF_SLICEM_C_Q)
                                                      0.058     2.214 r  u_nn_accelerator/u_sum_signed_q1/reduce_layer143_reg[7]/Q
                         net (fo=1, routed)           0.114     2.328    u_nn_accelerator/u_sum_signed_q1/reduce_layer143[7]
    SLICE_X94Y305        LUT2 (Prop_H6LUT_SLICEM_I1_O)
                                                      0.037     2.365 r  u_nn_accelerator/u_sum_signed_q1/i___112/O
                         net (fo=1, routed)           0.015     2.380    u_nn_accelerator/u_sum_signed_q1/i___112_n_0
    SLICE_X94Y305        CARRY8 (Prop_CARRY8_SLICEM_S[7]_O[7])
                                                      0.029     2.409 r  u_nn_accelerator/u_sum_signed_q1/reduce_layer221_reg[7]_i_1__2/O[7]
                         net (fo=1, routed)           0.010     2.419    u_nn_accelerator/u_sum_signed_q1/w_reduce_layer221[7]
    SLICE_X94Y305        FDRE                                         r  u_nn_accelerator/u_sum_signed_q1/reduce_layer221_reg[7]/D
  -------------------------------------------------------------------    -------------------

                         (clock ap_clk rise edge)     0.000     0.000 r  
    E11                                               0.000     0.000 r  ap_clk (IN)
                         net (fo=0)                   0.000     0.000    ap_clk_IBUF_inst/I
    E11                  INBUF (Prop_INBUF_HDIOB_M_PAD_O)
                                                      1.081     1.081 r  ap_clk_IBUF_inst/INBUF_INST/O
                         net (fo=1, routed)           0.000     1.081    ap_clk_IBUF_inst/OUT
    E11                  IBUFCTRL (Prop_IBUFCTRL_HDIOB_M_I_O)
                                                      0.000     1.081 r  ap_clk_IBUF_inst/IBUFCTRL_INST/O
                         net (fo=1, routed)           0.204     1.285    ap_clk_IBUF
    BUFGCE_HDIO_X0Y6     BUFGCE (Prop_BUFCE_BUFGCE_HDIO_I_O)
                                                      0.028     1.313 r  ap_clk_IBUF_BUFG_inst/O
    X4Y4 (CLOCK_ROOT)    net (fo=13233, routed)       1.645     2.958    u_nn_accelerator/u_sum_signed_q1/ap_clk_IBUF_BUFG
    SLICE_X94Y305        FDRE                                         r  u_nn_accelerator/u_sum_signed_q1/reduce_layer221_reg[7]/C
                         clock pessimism             -0.616     2.343    
    SLICE_X94Y305        FDRE (Hold_HFF_SLICEM_C_D)
                                                      0.060     2.403    u_nn_accelerator/u_sum_signed_q1/reduce_layer221_reg[7]
  -------------------------------------------------------------------
                         required time                         -2.403    
                         arrival time                           2.419    
  -------------------------------------------------------------------
                         slack                                  0.017    





Pulse Width Checks
--------------------------------------------------------------------------------------
Clock Name:         ap_clk
Waveform(ns):       { 0.000 0.500 }
Period(ns):         1.000
Sources:            { ap_clk }

Check Type        Corner  Lib Pin     Reference Pin  Required(ns)  Actual(ns)  Slack(ns)  Location          Pin
Min Period        n/a     BUFGCE/I    n/a            1.290         1.000       -0.290     BUFGCE_HDIO_X0Y6  ap_clk_IBUF_BUFG_inst/I
Min Period        n/a     SRL16E/CLK  n/a            1.064         1.000       -0.064     SLICE_X99Y283     u_nn_accelerator/u_sum_signed_i0/reduce_layer412_reg[0]_srl2___u_nn_accelerator_u_sum_signed_i0_reduce_layer412_reg_r/CLK
Min Period        n/a     SRL16E/CLK  n/a            1.064         1.000       -0.064     SLICE_X99Y283     u_nn_accelerator/u_sum_signed_i0/reduce_layer412_reg[1]_srl2___u_nn_accelerator_u_sum_signed_i0_reduce_layer412_reg_r/CLK
Min Period        n/a     SRL16E/CLK  n/a            1.064         1.000       -0.064     SLICE_X99Y283     u_nn_accelerator/u_sum_signed_i0/reduce_layer412_reg[2]_srl2___u_nn_accelerator_u_sum_signed_i0_reduce_layer412_reg_r/CLK
Min Period        n/a     SRL16E/CLK  n/a            1.064         1.000       -0.064     SLICE_X99Y283     u_nn_accelerator/u_sum_signed_i0/reduce_layer412_reg[3]_srl2___u_nn_accelerator_u_sum_signed_i0_reduce_layer412_reg_r/CLK
Min Period        n/a     SRL16E/CLK  n/a            1.064         1.000       -0.064     SLICE_X99Y283     u_nn_accelerator/u_sum_signed_i0/reduce_layer412_reg[4]_srl2___u_nn_accelerator_u_sum_signed_i0_reduce_layer412_reg_r/CLK
Min Period        n/a     SRL16E/CLK  n/a            1.064         1.000       -0.064     SLICE_X99Y283     u_nn_accelerator/u_sum_signed_i0/reduce_layer412_reg[5]_srl2___u_nn_accelerator_u_sum_signed_i0_reduce_layer412_reg_r/CLK
Min Period        n/a     SRL16E/CLK  n/a            1.064         1.000       -0.064     SLICE_X99Y283     u_nn_accelerator/u_sum_signed_i0/reduce_layer412_reg[6]_srl2___u_nn_accelerator_u_sum_signed_i0_reduce_layer412_reg_r/CLK
Min Period        n/a     SRL16E/CLK  n/a            1.064         1.000       -0.064     SLICE_X99Y283     u_nn_accelerator/u_sum_signed_i0/reduce_layer412_reg[7]_srl2___u_nn_accelerator_u_sum_signed_i0_reduce_layer412_reg_r/CLK
Min Period        n/a     SRL16E/CLK  n/a            1.064         1.000       -0.064     SLICE_X99Y283     u_nn_accelerator/u_sum_signed_i0/reduce_layer412_reg[8]_srl2___u_nn_accelerator_u_sum_signed_i0_reduce_layer412_reg_r/CLK
Low Pulse Width   Slow    SRL16E/CLK  n/a            0.532         0.500       -0.032     SLICE_X99Y283     u_nn_accelerator/u_sum_signed_i0/reduce_layer412_reg[0]_srl2___u_nn_accelerator_u_sum_signed_i0_reduce_layer412_reg_r/CLK
Low Pulse Width   Fast    SRL16E/CLK  n/a            0.532         0.500       -0.032     SLICE_X99Y283     u_nn_accelerator/u_sum_signed_i0/reduce_layer412_reg[0]_srl2___u_nn_accelerator_u_sum_signed_i0_reduce_layer412_reg_r/CLK
Low Pulse Width   Slow    SRL16E/CLK  n/a            0.532         0.500       -0.032     SLICE_X99Y283     u_nn_accelerator/u_sum_signed_i0/reduce_layer412_reg[1]_srl2___u_nn_accelerator_u_sum_signed_i0_reduce_layer412_reg_r/CLK
Low Pulse Width   Fast    SRL16E/CLK  n/a            0.532         0.500       -0.032     SLICE_X99Y283     u_nn_accelerator/u_sum_signed_i0/reduce_layer412_reg[1]_srl2___u_nn_accelerator_u_sum_signed_i0_reduce_layer412_reg_r/CLK
Low Pulse Width   Slow    SRL16E/CLK  n/a            0.532         0.500       -0.032     SLICE_X99Y283     u_nn_accelerator/u_sum_signed_i0/reduce_layer412_reg[2]_srl2___u_nn_accelerator_u_sum_signed_i0_reduce_layer412_reg_r/CLK
Low Pulse Width   Fast    SRL16E/CLK  n/a            0.532         0.500       -0.032     SLICE_X99Y283     u_nn_accelerator/u_sum_signed_i0/reduce_layer412_reg[2]_srl2___u_nn_accelerator_u_sum_signed_i0_reduce_layer412_reg_r/CLK
Low Pulse Width   Slow    SRL16E/CLK  n/a            0.532         0.500       -0.032     SLICE_X99Y283     u_nn_accelerator/u_sum_signed_i0/reduce_layer412_reg[3]_srl2___u_nn_accelerator_u_sum_signed_i0_reduce_layer412_reg_r/CLK
Low Pulse Width   Fast    SRL16E/CLK  n/a            0.532         0.500       -0.032     SLICE_X99Y283     u_nn_accelerator/u_sum_signed_i0/reduce_layer412_reg[3]_srl2___u_nn_accelerator_u_sum_signed_i0_reduce_layer412_reg_r/CLK
Low Pulse Width   Slow    SRL16E/CLK  n/a            0.532         0.500       -0.032     SLICE_X99Y283     u_nn_accelerator/u_sum_signed_i0/reduce_layer412_reg[4]_srl2___u_nn_accelerator_u_sum_signed_i0_reduce_layer412_reg_r/CLK
Low Pulse Width   Fast    SRL16E/CLK  n/a            0.532         0.500       -0.032     SLICE_X99Y283     u_nn_accelerator/u_sum_signed_i0/reduce_layer412_reg[4]_srl2___u_nn_accelerator_u_sum_signed_i0_reduce_layer412_reg_r/CLK
High Pulse Width  Slow    SRL16E/CLK  n/a            0.532         0.500       -0.032     SLICE_X99Y284     u_nn_accelerator/u_sum_signed_q0/reduce_layer412_reg[0]_srl2___u_nn_accelerator_u_sum_signed_i0_reduce_layer412_reg_r/CLK
High Pulse Width  Slow    SRL16E/CLK  n/a            0.532         0.500       -0.032     SLICE_X99Y284     u_nn_accelerator/u_sum_signed_q0/reduce_layer412_reg[1]_srl2___u_nn_accelerator_u_sum_signed_i0_reduce_layer412_reg_r/CLK
High Pulse Width  Slow    SRL16E/CLK  n/a            0.532         0.500       -0.032     SLICE_X99Y284     u_nn_accelerator/u_sum_signed_q0/reduce_layer412_reg[2]_srl2___u_nn_accelerator_u_sum_signed_i0_reduce_layer412_reg_r/CLK
High Pulse Width  Slow    SRL16E/CLK  n/a            0.532         0.500       -0.032     SLICE_X99Y284     u_nn_accelerator/u_sum_signed_q0/reduce_layer412_reg[3]_srl2___u_nn_accelerator_u_sum_signed_i0_reduce_layer412_reg_r/CLK
High Pulse Width  Slow    SRL16E/CLK  n/a            0.532         0.500       -0.032     SLICE_X99Y284     u_nn_accelerator/u_sum_signed_q0/reduce_layer412_reg[4]_srl2___u_nn_accelerator_u_sum_signed_i0_reduce_layer412_reg_r/CLK
High Pulse Width  Slow    SRL16E/CLK  n/a            0.532         0.500       -0.032     SLICE_X99Y284     u_nn_accelerator/u_sum_signed_q0/reduce_layer412_reg[5]_srl2___u_nn_accelerator_u_sum_signed_i0_reduce_layer412_reg_r/CLK
High Pulse Width  Slow    SRL16E/CLK  n/a            0.532         0.500       -0.032     SLICE_X99Y284     u_nn_accelerator/u_sum_signed_q0/reduce_layer412_reg[6]_srl2___u_nn_accelerator_u_sum_signed_i0_reduce_layer412_reg_r/CLK
High Pulse Width  Slow    SRL16E/CLK  n/a            0.532         0.500       -0.032     SLICE_X99Y284     u_nn_accelerator/u_sum_signed_q0/reduce_layer412_reg[7]_srl2___u_nn_accelerator_u_sum_signed_i0_reduce_layer412_reg_r/CLK
High Pulse Width  Slow    SRL16E/CLK  n/a            0.532         0.500       -0.032     SLICE_X99Y284     u_nn_accelerator/u_sum_signed_q0/reduce_layer412_reg[8]_srl2___u_nn_accelerator_u_sum_signed_i0_reduce_layer412_reg_r/CLK
High Pulse Width  Slow    SRL16E/CLK  n/a            0.532         0.500       -0.032     SLICE_X99Y284     u_nn_accelerator/u_sum_signed_q0/reduce_layer412_reg[9]_srl2___u_nn_accelerator_u_sum_signed_i0_reduce_layer412_reg_r/CLK



--------------------------------------------------------------------------------------
Path Group:  (none)
From Clock:  ap_clk
  To Clock:  

Max Delay            17 Endpoints
Min Delay            17 Endpoints
--------------------------------------------------------------------------------------


Max Delay Paths
--------------------------------------------------------------------------------------
Slack:                    inf
  Source:                 out_DATA_reg[0]/C
                            (rising edge-triggered cell FDCE clocked by ap_clk  {rise@0.000ns fall@0.500ns period=1.000ns})
  Destination:            out_DATA[0]
                            (output port)
  Path Group:             (none)
  Path Type:              Max at Slow Process Corner
  Data Path Delay:        3.743ns  (logic 2.452ns (65.512%)  route 1.291ns (34.488%))
  Logic Levels:           1  (OBUF=1)
  Clock Uncertainty:      0.025ns  ((TSJ^2 + TIJ^2)^1/2 + DJ) / 2 + PE
    Total System Jitter     (TSJ):    0.050ns
    Total Input Jitter      (TIJ):    0.000ns
    Discrete Jitter          (DJ):    0.000ns
    Phase Error              (PE):    0.000ns
  Clock Net Delay (Source):      1.670ns (routing 0.760ns, distribution 0.910ns)

    Location             Delay type                Incr(ns)  Path(ns)    Netlist Resource(s)
  -------------------------------------------------------------------    -------------------
                         (clock ap_clk rise edge)     0.000     0.000 r  
    E11                                               0.000     0.000 r  ap_clk (IN)
                         net (fo=0)                   0.000     0.000    ap_clk_IBUF_inst/I
    E11                  INBUF (Prop_INBUF_HDIOB_M_PAD_O)
                                                      1.081     1.081 r  ap_clk_IBUF_inst/INBUF_INST/O
                         net (fo=1, routed)           0.000     1.081    ap_clk_IBUF_inst/OUT
    E11                  IBUFCTRL (Prop_IBUFCTRL_HDIOB_M_I_O)
                                                      0.000     1.081 r  ap_clk_IBUF_inst/IBUFCTRL_INST/O
                         net (fo=1, routed)           0.204     1.285    ap_clk_IBUF
    BUFGCE_HDIO_X0Y6     BUFGCE (Prop_BUFCE_BUFGCE_HDIO_I_O)
                                                      0.028     1.313 r  ap_clk_IBUF_BUFG_inst/O
    X4Y4 (CLOCK_ROOT)    net (fo=13233, routed)       1.670     2.983    ap_clk_IBUF_BUFG
    SLICE_X101Y348       FDCE                                         r  out_DATA_reg[0]/C
  -------------------------------------------------------------------    -------------------
    SLICE_X101Y348       FDCE (Prop_CFF_SLICEL_C_Q)
                                                      0.079     3.062 r  out_DATA_reg[0]/Q
                         net (fo=1, routed)           1.291     4.353    out_DATA_OBUF[0]
    H10                  OBUF (Prop_OUTBUF_HDIOB_M_I_O)
                                                      2.373     6.727 r  out_DATA_OBUF[0]_inst/O
                         net (fo=0)                   0.000     6.727    out_DATA[0]
    H10                                                               r  out_DATA[0] (OUT)
  -------------------------------------------------------------------    -------------------

Slack:                    inf
  Source:                 pred_addr_reg_reg[0]/C
                            (rising edge-triggered cell FDCE clocked by ap_clk  {rise@0.000ns fall@0.500ns period=1.000ns})
  Destination:            out_ADDR[0]
                            (output port)
  Path Group:             (none)
  Path Type:              Max at Slow Process Corner
  Data Path Delay:        3.531ns  (logic 2.470ns (69.974%)  route 1.060ns (30.026%))
  Logic Levels:           1  (OBUF=1)
  Clock Uncertainty:      0.025ns  ((TSJ^2 + TIJ^2)^1/2 + DJ) / 2 + PE
    Total System Jitter     (TSJ):    0.050ns
    Total Input Jitter      (TIJ):    0.000ns
    Discrete Jitter          (DJ):    0.000ns
    Phase Error              (PE):    0.000ns
  Clock Net Delay (Source):      1.692ns (routing 0.760ns, distribution 0.932ns)

    Location             Delay type                Incr(ns)  Path(ns)    Netlist Resource(s)
  -------------------------------------------------------------------    -------------------
                         (clock ap_clk rise edge)     0.000     0.000 r  
    E11                                               0.000     0.000 r  ap_clk (IN)
                         net (fo=0)                   0.000     0.000    ap_clk_IBUF_inst/I
    E11                  INBUF (Prop_INBUF_HDIOB_M_PAD_O)
                                                      1.081     1.081 r  ap_clk_IBUF_inst/INBUF_INST/O
                         net (fo=1, routed)           0.000     1.081    ap_clk_IBUF_inst/OUT
    E11                  IBUFCTRL (Prop_IBUFCTRL_HDIOB_M_I_O)
                                                      0.000     1.081 r  ap_clk_IBUF_inst/IBUFCTRL_INST/O
                         net (fo=1, routed)           0.204     1.285    ap_clk_IBUF
    BUFGCE_HDIO_X0Y6     BUFGCE (Prop_BUFCE_BUFGCE_HDIO_I_O)
                                                      0.028     1.313 r  ap_clk_IBUF_BUFG_inst/O
    X4Y4 (CLOCK_ROOT)    net (fo=13233, routed)       1.692     3.005    ap_clk_IBUF_BUFG
    SLICE_X106Y333       FDCE                                         r  pred_addr_reg_reg[0]/C
  -------------------------------------------------------------------    -------------------
    SLICE_X106Y333       FDCE (Prop_DFF2_SLICEL_C_Q)
                                                      0.081     3.086 r  pred_addr_reg_reg[0]/Q
                         net (fo=3, routed)           1.060     4.146    out_ADDR_OBUF[0]
    B10                  OBUF (Prop_OUTBUF_HDIOB_S_I_O)
                                                      2.389     6.536 r  out_ADDR_OBUF[0]_inst/O
                         net (fo=0)                   0.000     6.536    out_ADDR[0]
    B10                                                               r  out_ADDR[0] (OUT)
  -------------------------------------------------------------------    -------------------

Slack:                    inf
  Source:                 pred_addr_reg_reg[10]/C
                            (rising edge-triggered cell FDCE clocked by ap_clk  {rise@0.000ns fall@0.500ns period=1.000ns})
  Destination:            out_ADDR[10]
                            (output port)
  Path Group:             (none)
  Path Type:              Max at Slow Process Corner
  Data Path Delay:        3.503ns  (logic 2.456ns (70.104%)  route 1.047ns (29.896%))
  Logic Levels:           1  (OBUF=1)
  Clock Uncertainty:      0.025ns  ((TSJ^2 + TIJ^2)^1/2 + DJ) / 2 + PE
    Total System Jitter     (TSJ):    0.050ns
    Total Input Jitter      (TIJ):    0.000ns
    Discrete Jitter          (DJ):    0.000ns
    Phase Error              (PE):    0.000ns
  Clock Net Delay (Source):      1.692ns (routing 0.760ns, distribution 0.932ns)

    Location             Delay type                Incr(ns)  Path(ns)    Netlist Resource(s)
  -------------------------------------------------------------------    -------------------
                         (clock ap_clk rise edge)     0.000     0.000 r  
    E11                                               0.000     0.000 r  ap_clk (IN)
                         net (fo=0)                   0.000     0.000    ap_clk_IBUF_inst/I
    E11                  INBUF (Prop_INBUF_HDIOB_M_PAD_O)
                                                      1.081     1.081 r  ap_clk_IBUF_inst/INBUF_INST/O
                         net (fo=1, routed)           0.000     1.081    ap_clk_IBUF_inst/OUT
    E11                  IBUFCTRL (Prop_IBUFCTRL_HDIOB_M_I_O)
                                                      0.000     1.081 r  ap_clk_IBUF_inst/IBUFCTRL_INST/O
                         net (fo=1, routed)           0.204     1.285    ap_clk_IBUF
    BUFGCE_HDIO_X0Y6     BUFGCE (Prop_BUFCE_BUFGCE_HDIO_I_O)
                                                      0.028     1.313 r  ap_clk_IBUF_BUFG_inst/O
    X4Y4 (CLOCK_ROOT)    net (fo=13233, routed)       1.692     3.005    ap_clk_IBUF_BUFG
    SLICE_X106Y333       FDCE                                         r  pred_addr_reg_reg[10]/C
  -------------------------------------------------------------------    -------------------
    SLICE_X106Y333       FDCE (Prop_BFF_SLICEL_C_Q)
                                                      0.079     3.084 r  pred_addr_reg_reg[10]/Q
                         net (fo=2, routed)           1.047     4.131    out_ADDR_OBUF[10]
    G12                  OBUF (Prop_OUTBUF_HDIOB_M_I_O)
                                                      2.377     6.508 r  out_ADDR_OBUF[10]_inst/O
                         net (fo=0)                   0.000     6.508    out_ADDR[10]
    G12                                                               r  out_ADDR[10] (OUT)
  -------------------------------------------------------------------    -------------------

Slack:                    inf
  Source:                 pred_addr_reg_reg[4]/C
                            (rising edge-triggered cell FDCE clocked by ap_clk  {rise@0.000ns fall@0.500ns period=1.000ns})
  Destination:            out_ADDR[4]
                            (output port)
  Path Group:             (none)
  Path Type:              Max at Slow Process Corner
  Data Path Delay:        3.421ns  (logic 2.448ns (71.553%)  route 0.973ns (28.447%))
  Logic Levels:           1  (OBUF=1)
  Clock Uncertainty:      0.025ns  ((TSJ^2 + TIJ^2)^1/2 + DJ) / 2 + PE
    Total System Jitter     (TSJ):    0.050ns
    Total Input Jitter      (TIJ):    0.000ns
    Discrete Jitter          (DJ):    0.000ns
    Phase Error              (PE):    0.000ns
  Clock Net Delay (Source):      1.690ns (routing 0.760ns, distribution 0.930ns)

    Location             Delay type                Incr(ns)  Path(ns)    Netlist Resource(s)
  -------------------------------------------------------------------    -------------------
                         (clock ap_clk rise edge)     0.000     0.000 r  
    E11                                               0.000     0.000 r  ap_clk (IN)
                         net (fo=0)                   0.000     0.000    ap_clk_IBUF_inst/I
    E11                  INBUF (Prop_INBUF_HDIOB_M_PAD_O)
                                                      1.081     1.081 r  ap_clk_IBUF_inst/INBUF_INST/O
                         net (fo=1, routed)           0.000     1.081    ap_clk_IBUF_inst/OUT
    E11                  IBUFCTRL (Prop_IBUFCTRL_HDIOB_M_I_O)
                                                      0.000     1.081 r  ap_clk_IBUF_inst/IBUFCTRL_INST/O
                         net (fo=1, routed)           0.204     1.285    ap_clk_IBUF
    BUFGCE_HDIO_X0Y6     BUFGCE (Prop_BUFCE_BUFGCE_HDIO_I_O)
                                                      0.028     1.313 r  ap_clk_IBUF_BUFG_inst/O
    X4Y4 (CLOCK_ROOT)    net (fo=13233, routed)       1.690     3.003    ap_clk_IBUF_BUFG
    SLICE_X106Y332       FDCE                                         r  pred_addr_reg_reg[4]/C
  -------------------------------------------------------------------    -------------------
    SLICE_X106Y332       FDCE (Prop_DFF_SLICEL_C_Q)
                                                      0.079     3.082 r  pred_addr_reg_reg[4]/Q
                         net (fo=2, routed)           0.973     4.055    out_ADDR_OBUF[4]
    C9                   OBUF (Prop_OUTBUF_HDIOB_S_I_O)
                                                      2.369     6.425 r  out_ADDR_OBUF[4]_inst/O
                         net (fo=0)                   0.000     6.425    out_ADDR[4]
    C9                                                                r  out_ADDR[4] (OUT)
  -------------------------------------------------------------------    -------------------

Slack:                    inf
  Source:                 pred_addr_reg_reg[12]/C
                            (rising edge-triggered cell FDCE clocked by ap_clk  {rise@0.000ns fall@0.500ns period=1.000ns})
  Destination:            out_ADDR[12]
                            (output port)
  Path Group:             (none)
  Path Type:              Max at Slow Process Corner
  Data Path Delay:        3.239ns  (logic 2.445ns (75.506%)  route 0.793ns (24.494%))
  Logic Levels:           1  (OBUF=1)
  Clock Uncertainty:      0.025ns  ((TSJ^2 + TIJ^2)^1/2 + DJ) / 2 + PE
    Total System Jitter     (TSJ):    0.050ns
    Total Input Jitter      (TIJ):    0.000ns
    Discrete Jitter          (DJ):    0.000ns
    Phase Error              (PE):    0.000ns
  Clock Net Delay (Source):      1.692ns (routing 0.760ns, distribution 0.932ns)

    Location             Delay type                Incr(ns)  Path(ns)    Netlist Resource(s)
  -------------------------------------------------------------------    -------------------
                         (clock ap_clk rise edge)     0.000     0.000 r  
    E11                                               0.000     0.000 r  ap_clk (IN)
                         net (fo=0)                   0.000     0.000    ap_clk_IBUF_inst/I
    E11                  INBUF (Prop_INBUF_HDIOB_M_PAD_O)
                                                      1.081     1.081 r  ap_clk_IBUF_inst/INBUF_INST/O
                         net (fo=1, routed)           0.000     1.081    ap_clk_IBUF_inst/OUT
    E11                  IBUFCTRL (Prop_IBUFCTRL_HDIOB_M_I_O)
                                                      0.000     1.081 r  ap_clk_IBUF_inst/IBUFCTRL_INST/O
                         net (fo=1, routed)           0.204     1.285    ap_clk_IBUF
    BUFGCE_HDIO_X0Y6     BUFGCE (Prop_BUFCE_BUFGCE_HDIO_I_O)
                                                      0.028     1.313 r  ap_clk_IBUF_BUFG_inst/O
    X4Y4 (CLOCK_ROOT)    net (fo=13233, routed)       1.692     3.005    ap_clk_IBUF_BUFG
    SLICE_X106Y333       FDCE                                         r  pred_addr_reg_reg[12]/C
  -------------------------------------------------------------------    -------------------
    SLICE_X106Y333       FDCE (Prop_DFF_SLICEL_C_Q)
                                                      0.079     3.084 r  pred_addr_reg_reg[12]/Q
                         net (fo=2, routed)           0.793     3.877    out_ADDR_OBUF[12]
    H11                  OBUF (Prop_OUTBUF_HDIOB_M_I_O)
                                                      2.366     6.244 r  out_ADDR_OBUF[12]_inst/O
                         net (fo=0)                   0.000     6.244    out_ADDR[12]
    H11                                                               r  out_ADDR[12] (OUT)
  -------------------------------------------------------------------    -------------------

Slack:                    inf
  Source:                 pred_addr_reg_reg[1]/C
                            (rising edge-triggered cell FDCE clocked by ap_clk  {rise@0.000ns fall@0.500ns period=1.000ns})
  Destination:            out_ADDR[1]
                            (output port)
  Path Group:             (none)
  Path Type:              Max at Slow Process Corner
  Data Path Delay:        3.208ns  (logic 2.447ns (76.299%)  route 0.760ns (23.701%))
  Logic Levels:           1  (OBUF=1)
  Clock Uncertainty:      0.025ns  ((TSJ^2 + TIJ^2)^1/2 + DJ) / 2 + PE
    Total System Jitter     (TSJ):    0.050ns
    Total Input Jitter      (TIJ):    0.000ns
    Discrete Jitter          (DJ):    0.000ns
    Phase Error              (PE):    0.000ns
  Clock Net Delay (Source):      1.690ns (routing 0.760ns, distribution 0.930ns)

    Location             Delay type                Incr(ns)  Path(ns)    Netlist Resource(s)
  -------------------------------------------------------------------    -------------------
                         (clock ap_clk rise edge)     0.000     0.000 r  
    E11                                               0.000     0.000 r  ap_clk (IN)
                         net (fo=0)                   0.000     0.000    ap_clk_IBUF_inst/I
    E11                  INBUF (Prop_INBUF_HDIOB_M_PAD_O)
                                                      1.081     1.081 r  ap_clk_IBUF_inst/INBUF_INST/O
                         net (fo=1, routed)           0.000     1.081    ap_clk_IBUF_inst/OUT
    E11                  IBUFCTRL (Prop_IBUFCTRL_HDIOB_M_I_O)
                                                      0.000     1.081 r  ap_clk_IBUF_inst/IBUFCTRL_INST/O
                         net (fo=1, routed)           0.204     1.285    ap_clk_IBUF
    BUFGCE_HDIO_X0Y6     BUFGCE (Prop_BUFCE_BUFGCE_HDIO_I_O)
                                                      0.028     1.313 r  ap_clk_IBUF_BUFG_inst/O
    X4Y4 (CLOCK_ROOT)    net (fo=13233, routed)       1.690     3.003    ap_clk_IBUF_BUFG
    SLICE_X106Y332       FDCE                                         r  pred_addr_reg_reg[1]/C
  -------------------------------------------------------------------    -------------------
    SLICE_X106Y332       FDCE (Prop_AFF_SLICEL_C_Q)
                                                      0.079     3.082 r  pred_addr_reg_reg[1]/Q
                         net (fo=2, routed)           0.760     3.842    out_ADDR_OBUF[1]
    C11                  OBUF (Prop_OUTBUF_HDIOB_M_I_O)
                                                      2.368     6.211 r  out_ADDR_OBUF[1]_inst/O
                         net (fo=0)                   0.000     6.211    out_ADDR[1]
    C11                                                               r  out_ADDR[1] (OUT)
  -------------------------------------------------------------------    -------------------

Slack:                    inf
  Source:                 pred_addr_reg_reg[8]/C
                            (rising edge-triggered cell FDCE clocked by ap_clk  {rise@0.000ns fall@0.500ns period=1.000ns})
  Destination:            out_ADDR[8]
                            (output port)
  Path Group:             (none)
  Path Type:              Max at Slow Process Corner
  Data Path Delay:        3.197ns  (logic 2.432ns (76.091%)  route 0.764ns (23.909%))
  Logic Levels:           1  (OBUF=1)
  Clock Uncertainty:      0.025ns  ((TSJ^2 + TIJ^2)^1/2 + DJ) / 2 + PE
    Total System Jitter     (TSJ):    0.050ns
    Total Input Jitter      (TIJ):    0.000ns
    Discrete Jitter          (DJ):    0.000ns
    Phase Error              (PE):    0.000ns
  Clock Net Delay (Source):      1.695ns (routing 0.760ns, distribution 0.935ns)

    Location             Delay type                Incr(ns)  Path(ns)    Netlist Resource(s)
  -------------------------------------------------------------------    -------------------
                         (clock ap_clk rise edge)     0.000     0.000 r  
    E11                                               0.000     0.000 r  ap_clk (IN)
                         net (fo=0)                   0.000     0.000    ap_clk_IBUF_inst/I
    E11                  INBUF (Prop_INBUF_HDIOB_M_PAD_O)
                                                      1.081     1.081 r  ap_clk_IBUF_inst/INBUF_INST/O
                         net (fo=1, routed)           0.000     1.081    ap_clk_IBUF_inst/OUT
    E11                  IBUFCTRL (Prop_IBUFCTRL_HDIOB_M_I_O)
                                                      0.000     1.081 r  ap_clk_IBUF_inst/IBUFCTRL_INST/O
                         net (fo=1, routed)           0.204     1.285    ap_clk_IBUF
    BUFGCE_HDIO_X0Y6     BUFGCE (Prop_BUFCE_BUFGCE_HDIO_I_O)
                                                      0.028     1.313 r  ap_clk_IBUF_BUFG_inst/O
    X4Y4 (CLOCK_ROOT)    net (fo=13233, routed)       1.695     3.008    ap_clk_IBUF_BUFG
    SLICE_X106Y332       FDCE                                         r  pred_addr_reg_reg[8]/C
  -------------------------------------------------------------------    -------------------
    SLICE_X106Y332       FDCE (Prop_HFF_SLICEL_C_Q)
                                                      0.079     3.087 r  pred_addr_reg_reg[8]/Q
                         net (fo=2, routed)           0.764     3.851    out_ADDR_OBUF[8]
    F10                  OBUF (Prop_OUTBUF_HDIOB_M_I_O)
                                                      2.353     6.205 r  out_ADDR_OBUF[8]_inst/O
                         net (fo=0)                   0.000     6.205    out_ADDR[8]
    F10                                                               r  out_ADDR[8] (OUT)
  -------------------------------------------------------------------    -------------------

Slack:                    inf
  Source:                 out_DATA_reg[1]/C
                            (rising edge-triggered cell FDCE clocked by ap_clk  {rise@0.000ns fall@0.500ns period=1.000ns})
  Destination:            out_DATA[1]
                            (output port)
  Path Group:             (none)
  Path Type:              Max at Slow Process Corner
  Data Path Delay:        3.224ns  (logic 2.444ns (75.805%)  route 0.780ns (24.195%))
  Logic Levels:           1  (OBUF=1)
  Clock Uncertainty:      0.025ns  ((TSJ^2 + TIJ^2)^1/2 + DJ) / 2 + PE
    Total System Jitter     (TSJ):    0.050ns
    Total Input Jitter      (TIJ):    0.000ns
    Discrete Jitter          (DJ):    0.000ns
    Phase Error              (PE):    0.000ns
  Clock Net Delay (Source):      1.657ns (routing 0.760ns, distribution 0.897ns)

    Location             Delay type                Incr(ns)  Path(ns)    Netlist Resource(s)
  -------------------------------------------------------------------    -------------------
                         (clock ap_clk rise edge)     0.000     0.000 r  
    E11                                               0.000     0.000 r  ap_clk (IN)
                         net (fo=0)                   0.000     0.000    ap_clk_IBUF_inst/I
    E11                  INBUF (Prop_INBUF_HDIOB_M_PAD_O)
                                                      1.081     1.081 r  ap_clk_IBUF_inst/INBUF_INST/O
                         net (fo=1, routed)           0.000     1.081    ap_clk_IBUF_inst/OUT
    E11                  IBUFCTRL (Prop_IBUFCTRL_HDIOB_M_I_O)
                                                      0.000     1.081 r  ap_clk_IBUF_inst/IBUFCTRL_INST/O
                         net (fo=1, routed)           0.204     1.285    ap_clk_IBUF
    BUFGCE_HDIO_X0Y6     BUFGCE (Prop_BUFCE_BUFGCE_HDIO_I_O)
                                                      0.028     1.313 r  ap_clk_IBUF_BUFG_inst/O
    X4Y4 (CLOCK_ROOT)    net (fo=13233, routed)       1.657     2.970    ap_clk_IBUF_BUFG
    SLICE_X98Y340        FDCE                                         r  out_DATA_reg[1]/C
  -------------------------------------------------------------------    -------------------
    SLICE_X98Y340        FDCE (Prop_CFF_SLICEL_C_Q)
                                                      0.079     3.049 r  out_DATA_reg[1]/Q
                         net (fo=1, routed)           0.780     3.829    out_DATA_OBUF[1]
    H9                   OBUF (Prop_OUTBUF_HDIOB_S_I_O)
                                                      2.365     6.194 r  out_DATA_OBUF[1]_inst/O
                         net (fo=0)                   0.000     6.194    out_DATA[1]
    H9                                                                r  out_DATA[1] (OUT)
  -------------------------------------------------------------------    -------------------

Slack:                    inf
  Source:                 pred_addr_reg_reg[3]/C
                            (rising edge-triggered cell FDCE clocked by ap_clk  {rise@0.000ns fall@0.500ns period=1.000ns})
  Destination:            out_ADDR[3]
                            (output port)
  Path Group:             (none)
  Path Type:              Max at Slow Process Corner
  Data Path Delay:        3.141ns  (logic 2.445ns (77.834%)  route 0.696ns (22.166%))
  Logic Levels:           1  (OBUF=1)
  Clock Uncertainty:      0.025ns  ((TSJ^2 + TIJ^2)^1/2 + DJ) / 2 + PE
    Total System Jitter     (TSJ):    0.050ns
    Total Input Jitter      (TIJ):    0.000ns
    Discrete Jitter          (DJ):    0.000ns
    Phase Error              (PE):    0.000ns
  Clock Net Delay (Source):      1.690ns (routing 0.760ns, distribution 0.930ns)

    Location             Delay type                Incr(ns)  Path(ns)    Netlist Resource(s)
  -------------------------------------------------------------------    -------------------
                         (clock ap_clk rise edge)     0.000     0.000 r  
    E11                                               0.000     0.000 r  ap_clk (IN)
                         net (fo=0)                   0.000     0.000    ap_clk_IBUF_inst/I
    E11                  INBUF (Prop_INBUF_HDIOB_M_PAD_O)
                                                      1.081     1.081 r  ap_clk_IBUF_inst/INBUF_INST/O
                         net (fo=1, routed)           0.000     1.081    ap_clk_IBUF_inst/OUT
    E11                  IBUFCTRL (Prop_IBUFCTRL_HDIOB_M_I_O)
                                                      0.000     1.081 r  ap_clk_IBUF_inst/IBUFCTRL_INST/O
                         net (fo=1, routed)           0.204     1.285    ap_clk_IBUF
    BUFGCE_HDIO_X0Y6     BUFGCE (Prop_BUFCE_BUFGCE_HDIO_I_O)
                                                      0.028     1.313 r  ap_clk_IBUF_BUFG_inst/O
    X4Y4 (CLOCK_ROOT)    net (fo=13233, routed)       1.690     3.003    ap_clk_IBUF_BUFG
    SLICE_X106Y332       FDCE                                         r  pred_addr_reg_reg[3]/C
  -------------------------------------------------------------------    -------------------
    SLICE_X106Y332       FDCE (Prop_CFF_SLICEL_C_Q)
                                                      0.079     3.082 r  pred_addr_reg_reg[3]/Q
                         net (fo=2, routed)           0.696     3.778    out_ADDR_OBUF[3]
    D9                   OBUF (Prop_OUTBUF_HDIOB_M_I_O)
                                                      2.366     6.145 r  out_ADDR_OBUF[3]_inst/O
                         net (fo=0)                   0.000     6.145    out_ADDR[3]
    D9                                                                r  out_ADDR[3] (OUT)
  -------------------------------------------------------------------    -------------------

Slack:                    inf
  Source:                 pred_addr_reg_reg[11]/C
                            (rising edge-triggered cell FDCE clocked by ap_clk  {rise@0.000ns fall@0.500ns period=1.000ns})
  Destination:            out_ADDR[11]
                            (output port)
  Path Group:             (none)
  Path Type:              Max at Slow Process Corner
  Data Path Delay:        3.138ns  (logic 2.455ns (78.255%)  route 0.682ns (21.745%))
  Logic Levels:           1  (OBUF=1)
  Clock Uncertainty:      0.025ns  ((TSJ^2 + TIJ^2)^1/2 + DJ) / 2 + PE
    Total System Jitter     (TSJ):    0.050ns
    Total Input Jitter      (TIJ):    0.000ns
    Discrete Jitter          (DJ):    0.000ns
    Phase Error              (PE):    0.000ns
  Clock Net Delay (Source):      1.692ns (routing 0.760ns, distribution 0.932ns)

    Location             Delay type                Incr(ns)  Path(ns)    Netlist Resource(s)
  -------------------------------------------------------------------    -------------------
                         (clock ap_clk rise edge)     0.000     0.000 r  
    E11                                               0.000     0.000 r  ap_clk (IN)
                         net (fo=0)                   0.000     0.000    ap_clk_IBUF_inst/I
    E11                  INBUF (Prop_INBUF_HDIOB_M_PAD_O)
                                                      1.081     1.081 r  ap_clk_IBUF_inst/INBUF_INST/O
                         net (fo=1, routed)           0.000     1.081    ap_clk_IBUF_inst/OUT
    E11                  IBUFCTRL (Prop_IBUFCTRL_HDIOB_M_I_O)
                                                      0.000     1.081 r  ap_clk_IBUF_inst/IBUFCTRL_INST/O
                         net (fo=1, routed)           0.204     1.285    ap_clk_IBUF
    BUFGCE_HDIO_X0Y6     BUFGCE (Prop_BUFCE_BUFGCE_HDIO_I_O)
                                                      0.028     1.313 r  ap_clk_IBUF_BUFG_inst/O
    X4Y4 (CLOCK_ROOT)    net (fo=13233, routed)       1.692     3.005    ap_clk_IBUF_BUFG
    SLICE_X106Y333       FDCE                                         r  pred_addr_reg_reg[11]/C
  -------------------------------------------------------------------    -------------------
    SLICE_X106Y333       FDCE (Prop_CFF_SLICEL_C_Q)
                                                      0.079     3.084 r  pred_addr_reg_reg[11]/Q
                         net (fo=2, routed)           0.682     3.766    out_ADDR_OBUF[11]
    G11                  OBUF (Prop_OUTBUF_HDIOB_S_I_O)
                                                      2.376     6.143 r  out_ADDR_OBUF[11]_inst/O
                         net (fo=0)                   0.000     6.143    out_ADDR[11]
    G11                                                               r  out_ADDR[11] (OUT)
  -------------------------------------------------------------------    -------------------





Min Delay Paths
--------------------------------------------------------------------------------------
Slack:                    inf
  Source:                 pred_addr_reg_reg[5]/C
                            (rising edge-triggered cell FDCE clocked by ap_clk  {rise@0.000ns fall@0.500ns period=1.000ns})
  Destination:            out_ADDR[5]
                            (output port)
  Path Group:             (none)
  Path Type:              Min at Fast Process Corner
  Data Path Delay:        1.393ns  (logic 1.149ns (82.476%)  route 0.244ns (17.524%))
  Logic Levels:           1  (OBUF=1)
  Clock Uncertainty:      0.025ns  ((TSJ^2 + TIJ^2)^1/2 + DJ) / 2 + PE
    Total System Jitter     (TSJ):    0.050ns
    Total Input Jitter      (TIJ):    0.000ns
    Discrete Jitter          (DJ):    0.000ns
    Phase Error              (PE):    0.000ns
  Clock Net Delay (Source):      0.943ns (routing 0.421ns, distribution 0.522ns)

    Location             Delay type                Incr(ns)  Path(ns)    Netlist Resource(s)
  -------------------------------------------------------------------    -------------------
                         (clock ap_clk rise edge)     0.000     0.000 r  
    E11                                               0.000     0.000 r  ap_clk (IN)
                         net (fo=0)                   0.000     0.000    ap_clk_IBUF_inst/I
    E11                  INBUF (Prop_INBUF_HDIOB_M_PAD_O)
                                                      0.415     0.415 r  ap_clk_IBUF_inst/INBUF_INST/O
                         net (fo=1, routed)           0.000     0.415    ap_clk_IBUF_inst/OUT
    E11                  IBUFCTRL (Prop_IBUFCTRL_HDIOB_M_I_O)
                                                      0.000     0.415 r  ap_clk_IBUF_inst/IBUFCTRL_INST/O
                         net (fo=1, routed)           0.091     0.506    ap_clk_IBUF
    BUFGCE_HDIO_X0Y6     BUFGCE (Prop_BUFCE_BUFGCE_HDIO_I_O)
                                                      0.017     0.523 r  ap_clk_IBUF_BUFG_inst/O
    X4Y4 (CLOCK_ROOT)    net (fo=13233, routed)       0.943     1.465    ap_clk_IBUF_BUFG
    SLICE_X106Y332       FDCE                                         r  pred_addr_reg_reg[5]/C
  -------------------------------------------------------------------    -------------------
    SLICE_X106Y332       FDCE (Prop_EFF_SLICEL_C_Q)
                                                      0.039     1.504 r  pred_addr_reg_reg[5]/Q
                         net (fo=2, routed)           0.244     1.748    out_ADDR_OBUF[5]
    D11                  OBUF (Prop_OUTBUF_HDIOB_S_I_O)
                                                      1.110     2.858 r  out_ADDR_OBUF[5]_inst/O
                         net (fo=0)                   0.000     2.858    out_ADDR[5]
    D11                                                               r  out_ADDR[5] (OUT)
  -------------------------------------------------------------------    -------------------

Slack:                    inf
  Source:                 pred_addr_reg_reg[7]/C
                            (rising edge-triggered cell FDCE clocked by ap_clk  {rise@0.000ns fall@0.500ns period=1.000ns})
  Destination:            out_ADDR[7]
                            (output port)
  Path Group:             (none)
  Path Type:              Min at Fast Process Corner
  Data Path Delay:        1.400ns  (logic 1.151ns (82.236%)  route 0.249ns (17.764%))
  Logic Levels:           1  (OBUF=1)
  Clock Uncertainty:      0.025ns  ((TSJ^2 + TIJ^2)^1/2 + DJ) / 2 + PE
    Total System Jitter     (TSJ):    0.050ns
    Total Input Jitter      (TIJ):    0.000ns
    Discrete Jitter          (DJ):    0.000ns
    Phase Error              (PE):    0.000ns
  Clock Net Delay (Source):      0.943ns (routing 0.421ns, distribution 0.522ns)

    Location             Delay type                Incr(ns)  Path(ns)    Netlist Resource(s)
  -------------------------------------------------------------------    -------------------
                         (clock ap_clk rise edge)     0.000     0.000 r  
    E11                                               0.000     0.000 r  ap_clk (IN)
                         net (fo=0)                   0.000     0.000    ap_clk_IBUF_inst/I
    E11                  INBUF (Prop_INBUF_HDIOB_M_PAD_O)
                                                      0.415     0.415 r  ap_clk_IBUF_inst/INBUF_INST/O
                         net (fo=1, routed)           0.000     0.415    ap_clk_IBUF_inst/OUT
    E11                  IBUFCTRL (Prop_IBUFCTRL_HDIOB_M_I_O)
                                                      0.000     0.415 r  ap_clk_IBUF_inst/IBUFCTRL_INST/O
                         net (fo=1, routed)           0.091     0.506    ap_clk_IBUF
    BUFGCE_HDIO_X0Y6     BUFGCE (Prop_BUFCE_BUFGCE_HDIO_I_O)
                                                      0.017     0.523 r  ap_clk_IBUF_BUFG_inst/O
    X4Y4 (CLOCK_ROOT)    net (fo=13233, routed)       0.943     1.465    ap_clk_IBUF_BUFG
    SLICE_X106Y332       FDCE                                         r  pred_addr_reg_reg[7]/C
  -------------------------------------------------------------------    -------------------
    SLICE_X106Y332       FDCE (Prop_GFF_SLICEL_C_Q)
                                                      0.039     1.504 r  pred_addr_reg_reg[7]/Q
                         net (fo=2, routed)           0.249     1.753    out_ADDR_OBUF[7]
    E9                   OBUF (Prop_OUTBUF_HDIOB_S_I_O)
                                                      1.112     2.865 r  out_ADDR_OBUF[7]_inst/O
                         net (fo=0)                   0.000     2.865    out_ADDR[7]
    E9                                                                r  out_ADDR[7] (OUT)
  -------------------------------------------------------------------    -------------------

Slack:                    inf
  Source:                 pred_addr_reg_reg[9]/C
                            (rising edge-triggered cell FDCE clocked by ap_clk  {rise@0.000ns fall@0.500ns period=1.000ns})
  Destination:            out_ADDR[9]
                            (output port)
  Path Group:             (none)
  Path Type:              Min at Fast Process Corner
  Data Path Delay:        1.410ns  (logic 1.134ns (80.423%)  route 0.276ns (19.577%))
  Logic Levels:           1  (OBUF=1)
  Clock Uncertainty:      0.025ns  ((TSJ^2 + TIJ^2)^1/2 + DJ) / 2 + PE
    Total System Jitter     (TSJ):    0.050ns
    Total Input Jitter      (TIJ):    0.000ns
    Discrete Jitter          (DJ):    0.000ns
    Phase Error              (PE):    0.000ns
  Clock Net Delay (Source):      0.940ns (routing 0.421ns, distribution 0.519ns)

    Location             Delay type                Incr(ns)  Path(ns)    Netlist Resource(s)
  -------------------------------------------------------------------    -------------------
                         (clock ap_clk rise edge)     0.000     0.000 r  
    E11                                               0.000     0.000 r  ap_clk (IN)
                         net (fo=0)                   0.000     0.000    ap_clk_IBUF_inst/I
    E11                  INBUF (Prop_INBUF_HDIOB_M_PAD_O)
                                                      0.415     0.415 r  ap_clk_IBUF_inst/INBUF_INST/O
                         net (fo=1, routed)           0.000     0.415    ap_clk_IBUF_inst/OUT
    E11                  IBUFCTRL (Prop_IBUFCTRL_HDIOB_M_I_O)
                                                      0.000     0.415 r  ap_clk_IBUF_inst/IBUFCTRL_INST/O
                         net (fo=1, routed)           0.091     0.506    ap_clk_IBUF
    BUFGCE_HDIO_X0Y6     BUFGCE (Prop_BUFCE_BUFGCE_HDIO_I_O)
                                                      0.017     0.523 r  ap_clk_IBUF_BUFG_inst/O
    X4Y4 (CLOCK_ROOT)    net (fo=13233, routed)       0.940     1.462    ap_clk_IBUF_BUFG
    SLICE_X106Y333       FDCE                                         r  pred_addr_reg_reg[9]/C
  -------------------------------------------------------------------    -------------------
    SLICE_X106Y333       FDCE (Prop_AFF_SLICEL_C_Q)
                                                      0.039     1.501 r  pred_addr_reg_reg[9]/Q
                         net (fo=2, routed)           0.276     1.777    out_ADDR_OBUF[9]
    F9                   OBUF (Prop_OUTBUF_HDIOB_S_I_O)
                                                      1.095     2.872 r  out_ADDR_OBUF[9]_inst/O
                         net (fo=0)                   0.000     2.872    out_ADDR[9]
    F9                                                                r  out_ADDR[9] (OUT)
  -------------------------------------------------------------------    -------------------

Slack:                    inf
  Source:                 out_WE_reg/C
                            (rising edge-triggered cell FDCE clocked by ap_clk  {rise@0.000ns fall@0.500ns period=1.000ns})
  Destination:            out_WE
                            (output port)
  Path Group:             (none)
  Path Type:              Min at Fast Process Corner
  Data Path Delay:        1.408ns  (logic 1.136ns (80.679%)  route 0.272ns (19.321%))
  Logic Levels:           1  (OBUF=1)
  Clock Uncertainty:      0.025ns  ((TSJ^2 + TIJ^2)^1/2 + DJ) / 2 + PE
    Total System Jitter     (TSJ):    0.050ns
    Total Input Jitter      (TIJ):    0.000ns
    Discrete Jitter          (DJ):    0.000ns
    Phase Error              (PE):    0.000ns
  Clock Net Delay (Source):      0.954ns (routing 0.421ns, distribution 0.533ns)

    Location             Delay type                Incr(ns)  Path(ns)    Netlist Resource(s)
  -------------------------------------------------------------------    -------------------
                         (clock ap_clk rise edge)     0.000     0.000 r  
    E11                                               0.000     0.000 r  ap_clk (IN)
                         net (fo=0)                   0.000     0.000    ap_clk_IBUF_inst/I
    E11                  INBUF (Prop_INBUF_HDIOB_M_PAD_O)
                                                      0.415     0.415 r  ap_clk_IBUF_inst/INBUF_INST/O
                         net (fo=1, routed)           0.000     0.415    ap_clk_IBUF_inst/OUT
    E11                  IBUFCTRL (Prop_IBUFCTRL_HDIOB_M_I_O)
                                                      0.000     0.415 r  ap_clk_IBUF_inst/IBUFCTRL_INST/O
                         net (fo=1, routed)           0.091     0.506    ap_clk_IBUF
    BUFGCE_HDIO_X0Y6     BUFGCE (Prop_BUFCE_BUFGCE_HDIO_I_O)
                                                      0.017     0.523 r  ap_clk_IBUF_BUFG_inst/O
    X4Y4 (CLOCK_ROOT)    net (fo=13233, routed)       0.954     1.476    ap_clk_IBUF_BUFG
    SLICE_X105Y300       FDCE                                         r  out_WE_reg/C
  -------------------------------------------------------------------    -------------------
    SLICE_X105Y300       FDCE (Prop_EFF_SLICEL_C_Q)
                                                      0.039     1.515 r  out_WE_reg/Q
                         net (fo=1, routed)           0.272     1.787    out_WE_OBUF
    J11                  OBUF (Prop_OUTBUF_HDIOB_S_I_O)
                                                      1.097     2.884 r  out_WE_OBUF_inst/O
                         net (fo=0)                   0.000     2.884    out_WE
    J11                                                               r  out_WE (OUT)
  -------------------------------------------------------------------    -------------------

Slack:                    inf
  Source:                 pred_addr_reg_reg[13]/C
                            (rising edge-triggered cell FDCE clocked by ap_clk  {rise@0.000ns fall@0.500ns period=1.000ns})
  Destination:            out_ADDR[13]
                            (output port)
  Path Group:             (none)
  Path Type:              Min at Fast Process Corner
  Data Path Delay:        1.440ns  (logic 1.144ns (79.443%)  route 0.296ns (20.557%))
  Logic Levels:           1  (OBUF=1)
  Clock Uncertainty:      0.025ns  ((TSJ^2 + TIJ^2)^1/2 + DJ) / 2 + PE
    Total System Jitter     (TSJ):    0.050ns
    Total Input Jitter      (TIJ):    0.000ns
    Discrete Jitter          (DJ):    0.000ns
    Phase Error              (PE):    0.000ns
  Clock Net Delay (Source):      0.943ns (routing 0.421ns, distribution 0.522ns)

    Location             Delay type                Incr(ns)  Path(ns)    Netlist Resource(s)
  -------------------------------------------------------------------    -------------------
                         (clock ap_clk rise edge)     0.000     0.000 r  
    E11                                               0.000     0.000 r  ap_clk (IN)
                         net (fo=0)                   0.000     0.000    ap_clk_IBUF_inst/I
    E11                  INBUF (Prop_INBUF_HDIOB_M_PAD_O)
                                                      0.415     0.415 r  ap_clk_IBUF_inst/INBUF_INST/O
                         net (fo=1, routed)           0.000     0.415    ap_clk_IBUF_inst/OUT
    E11                  IBUFCTRL (Prop_IBUFCTRL_HDIOB_M_I_O)
                                                      0.000     0.415 r  ap_clk_IBUF_inst/IBUFCTRL_INST/O
                         net (fo=1, routed)           0.091     0.506    ap_clk_IBUF
    BUFGCE_HDIO_X0Y6     BUFGCE (Prop_BUFCE_BUFGCE_HDIO_I_O)
                                                      0.017     0.523 r  ap_clk_IBUF_BUFG_inst/O
    X4Y4 (CLOCK_ROOT)    net (fo=13233, routed)       0.943     1.465    ap_clk_IBUF_BUFG
    SLICE_X106Y333       FDCE                                         r  pred_addr_reg_reg[13]/C
  -------------------------------------------------------------------    -------------------
    SLICE_X106Y333       FDCE (Prop_EFF_SLICEL_C_Q)
                                                      0.039     1.504 r  pred_addr_reg_reg[13]/Q
                         net (fo=2, routed)           0.296     1.800    out_ADDR_OBUF[13]
    G10                  OBUF (Prop_OUTBUF_HDIOB_S_I_O)
                                                      1.105     2.905 r  out_ADDR_OBUF[13]_inst/O
                         net (fo=0)                   0.000     2.905    out_ADDR[13]
    G10                                                               r  out_ADDR[13] (OUT)
  -------------------------------------------------------------------    -------------------

Slack:                    inf
  Source:                 pred_addr_reg_reg[2]/C
                            (rising edge-triggered cell FDCE clocked by ap_clk  {rise@0.000ns fall@0.500ns period=1.000ns})
  Destination:            out_ADDR[2]
                            (output port)
  Path Group:             (none)
  Path Type:              Min at Fast Process Corner
  Data Path Delay:        1.455ns  (logic 1.149ns (78.964%)  route 0.306ns (21.036%))
  Logic Levels:           1  (OBUF=1)
  Clock Uncertainty:      0.025ns  ((TSJ^2 + TIJ^2)^1/2 + DJ) / 2 + PE
    Total System Jitter     (TSJ):    0.050ns
    Total Input Jitter      (TIJ):    0.000ns
    Discrete Jitter          (DJ):    0.000ns
    Phase Error              (PE):    0.000ns
  Clock Net Delay (Source):      0.940ns (routing 0.421ns, distribution 0.519ns)

    Location             Delay type                Incr(ns)  Path(ns)    Netlist Resource(s)
  -------------------------------------------------------------------    -------------------
                         (clock ap_clk rise edge)     0.000     0.000 r  
    E11                                               0.000     0.000 r  ap_clk (IN)
                         net (fo=0)                   0.000     0.000    ap_clk_IBUF_inst/I
    E11                  INBUF (Prop_INBUF_HDIOB_M_PAD_O)
                                                      0.415     0.415 r  ap_clk_IBUF_inst/INBUF_INST/O
                         net (fo=1, routed)           0.000     0.415    ap_clk_IBUF_inst/OUT
    E11                  IBUFCTRL (Prop_IBUFCTRL_HDIOB_M_I_O)
                                                      0.000     0.415 r  ap_clk_IBUF_inst/IBUFCTRL_INST/O
                         net (fo=1, routed)           0.091     0.506    ap_clk_IBUF
    BUFGCE_HDIO_X0Y6     BUFGCE (Prop_BUFCE_BUFGCE_HDIO_I_O)
                                                      0.017     0.523 r  ap_clk_IBUF_BUFG_inst/O
    X4Y4 (CLOCK_ROOT)    net (fo=13233, routed)       0.940     1.462    ap_clk_IBUF_BUFG
    SLICE_X106Y332       FDCE                                         r  pred_addr_reg_reg[2]/C
  -------------------------------------------------------------------    -------------------
    SLICE_X106Y332       FDCE (Prop_BFF_SLICEL_C_Q)
                                                      0.039     1.501 r  pred_addr_reg_reg[2]/Q
                         net (fo=2, routed)           0.306     1.807    out_ADDR_OBUF[2]
    B11                  OBUF (Prop_OUTBUF_HDIOB_S_I_O)
                                                      1.110     2.917 r  out_ADDR_OBUF[2]_inst/O
                         net (fo=0)                   0.000     2.917    out_ADDR[2]
    B11                                                               r  out_ADDR[2] (OUT)
  -------------------------------------------------------------------    -------------------

Slack:                    inf
  Source:                 pred_addr_reg_reg[6]/C
                            (rising edge-triggered cell FDCE clocked by ap_clk  {rise@0.000ns fall@0.500ns period=1.000ns})
  Destination:            out_ADDR[6]
                            (output port)
  Path Group:             (none)
  Path Type:              Min at Fast Process Corner
  Data Path Delay:        1.463ns  (logic 1.152ns (78.732%)  route 0.311ns (21.268%))
  Logic Levels:           1  (OBUF=1)
  Clock Uncertainty:      0.025ns  ((TSJ^2 + TIJ^2)^1/2 + DJ) / 2 + PE
    Total System Jitter     (TSJ):    0.050ns
    Total Input Jitter      (TIJ):    0.000ns
    Discrete Jitter          (DJ):    0.000ns
    Phase Error              (PE):    0.000ns
  Clock Net Delay (Source):      0.943ns (routing 0.421ns, distribution 0.522ns)

    Location             Delay type                Incr(ns)  Path(ns)    Netlist Resource(s)
  -------------------------------------------------------------------    -------------------
                         (clock ap_clk rise edge)     0.000     0.000 r  
    E11                                               0.000     0.000 r  ap_clk (IN)
                         net (fo=0)                   0.000     0.000    ap_clk_IBUF_inst/I
    E11                  INBUF (Prop_INBUF_HDIOB_M_PAD_O)
                                                      0.415     0.415 r  ap_clk_IBUF_inst/INBUF_INST/O
                         net (fo=1, routed)           0.000     0.415    ap_clk_IBUF_inst/OUT
    E11                  IBUFCTRL (Prop_IBUFCTRL_HDIOB_M_I_O)
                                                      0.000     0.415 r  ap_clk_IBUF_inst/IBUFCTRL_INST/O
                         net (fo=1, routed)           0.091     0.506    ap_clk_IBUF
    BUFGCE_HDIO_X0Y6     BUFGCE (Prop_BUFCE_BUFGCE_HDIO_I_O)
                                                      0.017     0.523 r  ap_clk_IBUF_BUFG_inst/O
    X4Y4 (CLOCK_ROOT)    net (fo=13233, routed)       0.943     1.465    ap_clk_IBUF_BUFG
    SLICE_X106Y332       FDCE                                         r  pred_addr_reg_reg[6]/C
  -------------------------------------------------------------------    -------------------
    SLICE_X106Y332       FDCE (Prop_FFF_SLICEL_C_Q)
                                                      0.039     1.504 r  pred_addr_reg_reg[6]/Q
                         net (fo=2, routed)           0.311     1.815    out_ADDR_OBUF[6]
    E10                  OBUF (Prop_OUTBUF_HDIOB_M_I_O)
                                                      1.113     2.928 r  out_ADDR_OBUF[6]_inst/O
                         net (fo=0)                   0.000     2.928    out_ADDR[6]
    E10                                                               r  out_ADDR[6] (OUT)
  -------------------------------------------------------------------    -------------------

Slack:                    inf
  Source:                 pred_addr_reg_reg[11]/C
                            (rising edge-triggered cell FDCE clocked by ap_clk  {rise@0.000ns fall@0.500ns period=1.000ns})
  Destination:            out_ADDR[11]
                            (output port)
  Path Group:             (none)
  Path Type:              Min at Fast Process Corner
  Data Path Delay:        1.468ns  (logic 1.158ns (78.873%)  route 0.310ns (21.127%))
  Logic Levels:           1  (OBUF=1)
  Clock Uncertainty:      0.025ns  ((TSJ^2 + TIJ^2)^1/2 + DJ) / 2 + PE
    Total System Jitter     (TSJ):    0.050ns
    Total Input Jitter      (TIJ):    0.000ns
    Discrete Jitter          (DJ):    0.000ns
    Phase Error              (PE):    0.000ns
  Clock Net Delay (Source):      0.940ns (routing 0.421ns, distribution 0.519ns)

    Location             Delay type                Incr(ns)  Path(ns)    Netlist Resource(s)
  -------------------------------------------------------------------    -------------------
                         (clock ap_clk rise edge)     0.000     0.000 r  
    E11                                               0.000     0.000 r  ap_clk (IN)
                         net (fo=0)                   0.000     0.000    ap_clk_IBUF_inst/I
    E11                  INBUF (Prop_INBUF_HDIOB_M_PAD_O)
                                                      0.415     0.415 r  ap_clk_IBUF_inst/INBUF_INST/O
                         net (fo=1, routed)           0.000     0.415    ap_clk_IBUF_inst/OUT
    E11                  IBUFCTRL (Prop_IBUFCTRL_HDIOB_M_I_O)
                                                      0.000     0.415 r  ap_clk_IBUF_inst/IBUFCTRL_INST/O
                         net (fo=1, routed)           0.091     0.506    ap_clk_IBUF
    BUFGCE_HDIO_X0Y6     BUFGCE (Prop_BUFCE_BUFGCE_HDIO_I_O)
                                                      0.017     0.523 r  ap_clk_IBUF_BUFG_inst/O
    X4Y4 (CLOCK_ROOT)    net (fo=13233, routed)       0.940     1.462    ap_clk_IBUF_BUFG
    SLICE_X106Y333       FDCE                                         r  pred_addr_reg_reg[11]/C
  -------------------------------------------------------------------    -------------------
    SLICE_X106Y333       FDCE (Prop_CFF_SLICEL_C_Q)
                                                      0.039     1.501 r  pred_addr_reg_reg[11]/Q
                         net (fo=2, routed)           0.310     1.811    out_ADDR_OBUF[11]
    G11                  OBUF (Prop_OUTBUF_HDIOB_S_I_O)
                                                      1.119     2.930 r  out_ADDR_OBUF[11]_inst/O
                         net (fo=0)                   0.000     2.930    out_ADDR[11]
    G11                                                               r  out_ADDR[11] (OUT)
  -------------------------------------------------------------------    -------------------

Slack:                    inf
  Source:                 out_DATA_reg[1]/C
                            (rising edge-triggered cell FDCE clocked by ap_clk  {rise@0.000ns fall@0.500ns period=1.000ns})
  Destination:            out_DATA[1]
                            (output port)
  Path Group:             (none)
  Path Type:              Min at Fast Process Corner
  Data Path Delay:        1.514ns  (logic 1.146ns (75.697%)  route 0.368ns (24.303%))
  Logic Levels:           1  (OBUF=1)
  Clock Uncertainty:      0.025ns  ((TSJ^2 + TIJ^2)^1/2 + DJ) / 2 + PE
    Total System Jitter     (TSJ):    0.050ns
    Total Input Jitter      (TIJ):    0.000ns
    Discrete Jitter          (DJ):    0.000ns
    Phase Error              (PE):    0.000ns
  Clock Net Delay (Source):      0.923ns (routing 0.421ns, distribution 0.502ns)

    Location             Delay type                Incr(ns)  Path(ns)    Netlist Resource(s)
  -------------------------------------------------------------------    -------------------
                         (clock ap_clk rise edge)     0.000     0.000 r  
    E11                                               0.000     0.000 r  ap_clk (IN)
                         net (fo=0)                   0.000     0.000    ap_clk_IBUF_inst/I
    E11                  INBUF (Prop_INBUF_HDIOB_M_PAD_O)
                                                      0.415     0.415 r  ap_clk_IBUF_inst/INBUF_INST/O
                         net (fo=1, routed)           0.000     0.415    ap_clk_IBUF_inst/OUT
    E11                  IBUFCTRL (Prop_IBUFCTRL_HDIOB_M_I_O)
                                                      0.000     0.415 r  ap_clk_IBUF_inst/IBUFCTRL_INST/O
                         net (fo=1, routed)           0.091     0.506    ap_clk_IBUF
    BUFGCE_HDIO_X0Y6     BUFGCE (Prop_BUFCE_BUFGCE_HDIO_I_O)
                                                      0.017     0.523 r  ap_clk_IBUF_BUFG_inst/O
    X4Y4 (CLOCK_ROOT)    net (fo=13233, routed)       0.923     1.446    ap_clk_IBUF_BUFG
    SLICE_X98Y340        FDCE                                         r  out_DATA_reg[1]/C
  -------------------------------------------------------------------    -------------------
    SLICE_X98Y340        FDCE (Prop_CFF_SLICEL_C_Q)
                                                      0.039     1.485 r  out_DATA_reg[1]/Q
                         net (fo=1, routed)           0.368     1.853    out_DATA_OBUF[1]
    H9                   OBUF (Prop_OUTBUF_HDIOB_S_I_O)
                                                      1.107     2.960 r  out_DATA_OBUF[1]_inst/O
                         net (fo=0)                   0.000     2.960    out_DATA[1]
    H9                                                                r  out_DATA[1] (OUT)
  -------------------------------------------------------------------    -------------------

Slack:                    inf
  Source:                 pred_addr_reg_reg[3]/C
                            (rising edge-triggered cell FDCE clocked by ap_clk  {rise@0.000ns fall@0.500ns period=1.000ns})
  Destination:            out_ADDR[3]
                            (output port)
  Path Group:             (none)
  Path Type:              Min at Fast Process Corner
  Data Path Delay:        1.513ns  (logic 1.147ns (75.811%)  route 0.366ns (24.189%))
  Logic Levels:           1  (OBUF=1)
  Clock Uncertainty:      0.025ns  ((TSJ^2 + TIJ^2)^1/2 + DJ) / 2 + PE
    Total System Jitter     (TSJ):    0.050ns
    Total Input Jitter      (TIJ):    0.000ns
    Discrete Jitter          (DJ):    0.000ns
    Phase Error              (PE):    0.000ns
  Clock Net Delay (Source):      0.940ns (routing 0.421ns, distribution 0.519ns)

    Location             Delay type                Incr(ns)  Path(ns)    Netlist Resource(s)
  -------------------------------------------------------------------    -------------------
                         (clock ap_clk rise edge)     0.000     0.000 r  
    E11                                               0.000     0.000 r  ap_clk (IN)
                         net (fo=0)                   0.000     0.000    ap_clk_IBUF_inst/I
    E11                  INBUF (Prop_INBUF_HDIOB_M_PAD_O)
                                                      0.415     0.415 r  ap_clk_IBUF_inst/INBUF_INST/O
                         net (fo=1, routed)           0.000     0.415    ap_clk_IBUF_inst/OUT
    E11                  IBUFCTRL (Prop_IBUFCTRL_HDIOB_M_I_O)
                                                      0.000     0.415 r  ap_clk_IBUF_inst/IBUFCTRL_INST/O
                         net (fo=1, routed)           0.091     0.506    ap_clk_IBUF
    BUFGCE_HDIO_X0Y6     BUFGCE (Prop_BUFCE_BUFGCE_HDIO_I_O)
                                                      0.017     0.523 r  ap_clk_IBUF_BUFG_inst/O
    X4Y4 (CLOCK_ROOT)    net (fo=13233, routed)       0.940     1.462    ap_clk_IBUF_BUFG
    SLICE_X106Y332       FDCE                                         r  pred_addr_reg_reg[3]/C
  -------------------------------------------------------------------    -------------------
    SLICE_X106Y332       FDCE (Prop_CFF_SLICEL_C_Q)
                                                      0.039     1.501 r  pred_addr_reg_reg[3]/Q
                         net (fo=2, routed)           0.366     1.867    out_ADDR_OBUF[3]
    D9                   OBUF (Prop_OUTBUF_HDIOB_M_I_O)
                                                      1.108     2.976 r  out_ADDR_OBUF[3]_inst/O
                         net (fo=0)                   0.000     2.976    out_ADDR[3]
    D9                                                                r  out_ADDR[3] (OUT)
  -------------------------------------------------------------------    -------------------





--------------------------------------------------------------------------------------
Path Group:  (none)
From Clock:  
  To Clock:  ap_clk

Max Delay         18788 Endpoints
Min Delay         18788 Endpoints
--------------------------------------------------------------------------------------


Max Delay Paths
--------------------------------------------------------------------------------------
Slack:                    inf
  Source:                 in_TDATA[26]
                            (input port)
  Destination:            i_memory_reg[87][1]/D
                            (rising edge-triggered cell FDRE clocked by ap_clk  {rise@0.000ns fall@0.500ns period=1.000ns})
  Path Group:             (none)
  Path Type:              Setup (Max at Slow Process Corner)
  Data Path Delay:        5.573ns  (logic 1.075ns (19.291%)  route 4.498ns (80.709%))
  Logic Levels:           2  (IBUFCTRL=1 INBUF=1)
  Clock Path Skew:        2.212ns (DCD - SCD + CPR)
    Destination Clock Delay (DCD):    2.212ns
    Source Clock Delay      (SCD):    0.000ns
    Clock Pessimism Removal (CPR):    0.000ns
  Clock Uncertainty:      0.025ns  ((TSJ^2 + TIJ^2)^1/2 + DJ) / 2 + PE
    Total System Jitter     (TSJ):    0.050ns
    Total Input Jitter      (TIJ):    0.000ns
    Discrete Jitter          (DJ):    0.000ns
    Phase Error              (PE):    0.000ns
  Clock Net Delay (Destination): 1.446ns (routing 0.691ns, distribution 0.755ns)

    Location             Delay type                Incr(ns)  Path(ns)    Netlist Resource(s)
  -------------------------------------------------------------------    -------------------
    J16                                               0.000     0.000 r  in_TDATA[26] (IN)
                         net (fo=0)                   0.000     0.000    in_TDATA_IBUF[26]_inst/I
    J16                  INBUF (Prop_INBUF_HDIOB_M_PAD_O)
                                                      1.075     1.075 r  in_TDATA_IBUF[26]_inst/INBUF_INST/O
                         net (fo=1, routed)           0.000     1.075    in_TDATA_IBUF[26]_inst/OUT
    J16                  IBUFCTRL (Prop_IBUFCTRL_HDIOB_M_I_O)
                                                      0.000     1.075 r  in_TDATA_IBUF[26]_inst/IBUFCTRL_INST/O
                         net (fo=400, routed)         4.498     5.573    in_TDATA_IBUF[26]
    SLICE_X98Y284        FDRE                                         r  i_memory_reg[87][1]/D
  -------------------------------------------------------------------    -------------------

                         (clock ap_clk rise edge)     0.000     0.000 r  
    E11                                               0.000     0.000 r  ap_clk (IN)
                         net (fo=0)                   0.000     0.000    ap_clk_IBUF_inst/I
    E11                  INBUF (Prop_INBUF_HDIOB_M_PAD_O)
                                                      0.574     0.574 r  ap_clk_IBUF_inst/INBUF_INST/O
                         net (fo=1, routed)           0.000     0.574    ap_clk_IBUF_inst/OUT
    E11                  IBUFCTRL (Prop_IBUFCTRL_HDIOB_M_I_O)
                                                      0.000     0.574 r  ap_clk_IBUF_inst/IBUFCTRL_INST/O
                         net (fo=1, routed)           0.169     0.743    ap_clk_IBUF
    BUFGCE_HDIO_X0Y6     BUFGCE (Prop_BUFCE_BUFGCE_HDIO_I_O)
                                                      0.024     0.767 r  ap_clk_IBUF_BUFG_inst/O
    X4Y4 (CLOCK_ROOT)    net (fo=13233, routed)       1.446     2.212    ap_clk_IBUF_BUFG
    SLICE_X98Y284        FDRE                                         r  i_memory_reg[87][1]/C

Slack:                    inf
  Source:                 in_TDATA[26]
                            (input port)
  Destination:            i_memory_reg[225][1]/D
                            (rising edge-triggered cell FDRE clocked by ap_clk  {rise@0.000ns fall@0.500ns period=1.000ns})
  Path Group:             (none)
  Path Type:              Setup (Max at Slow Process Corner)
  Data Path Delay:        5.557ns  (logic 1.075ns (19.346%)  route 4.482ns (80.654%))
  Logic Levels:           2  (IBUFCTRL=1 INBUF=1)
  Clock Path Skew:        2.212ns (DCD - SCD + CPR)
    Destination Clock Delay (DCD):    2.212ns
    Source Clock Delay      (SCD):    0.000ns
    Clock Pessimism Removal (CPR):    0.000ns
  Clock Uncertainty:      0.025ns  ((TSJ^2 + TIJ^2)^1/2 + DJ) / 2 + PE
    Total System Jitter     (TSJ):    0.050ns
    Total Input Jitter      (TIJ):    0.000ns
    Discrete Jitter          (DJ):    0.000ns
    Phase Error              (PE):    0.000ns
  Clock Net Delay (Destination): 1.446ns (routing 0.691ns, distribution 0.755ns)

    Location             Delay type                Incr(ns)  Path(ns)    Netlist Resource(s)
  -------------------------------------------------------------------    -------------------
    J16                                               0.000     0.000 r  in_TDATA[26] (IN)
                         net (fo=0)                   0.000     0.000    in_TDATA_IBUF[26]_inst/I
    J16                  INBUF (Prop_INBUF_HDIOB_M_PAD_O)
                                                      1.075     1.075 r  in_TDATA_IBUF[26]_inst/INBUF_INST/O
                         net (fo=1, routed)           0.000     1.075    in_TDATA_IBUF[26]_inst/OUT
    J16                  IBUFCTRL (Prop_IBUFCTRL_HDIOB_M_I_O)
                                                      0.000     1.075 r  in_TDATA_IBUF[26]_inst/IBUFCTRL_INST/O
                         net (fo=400, routed)         4.482     5.557    in_TDATA_IBUF[26]
    SLICE_X98Y284        FDRE                                         r  i_memory_reg[225][1]/D
  -------------------------------------------------------------------    -------------------

                         (clock ap_clk rise edge)     0.000     0.000 r  
    E11                                               0.000     0.000 r  ap_clk (IN)
                         net (fo=0)                   0.000     0.000    ap_clk_IBUF_inst/I
    E11                  INBUF (Prop_INBUF_HDIOB_M_PAD_O)
                                                      0.574     0.574 r  ap_clk_IBUF_inst/INBUF_INST/O
                         net (fo=1, routed)           0.000     0.574    ap_clk_IBUF_inst/OUT
    E11                  IBUFCTRL (Prop_IBUFCTRL_HDIOB_M_I_O)
                                                      0.000     0.574 r  ap_clk_IBUF_inst/IBUFCTRL_INST/O
                         net (fo=1, routed)           0.169     0.743    ap_clk_IBUF
    BUFGCE_HDIO_X0Y6     BUFGCE (Prop_BUFCE_BUFGCE_HDIO_I_O)
                                                      0.024     0.767 r  ap_clk_IBUF_BUFG_inst/O
    X4Y4 (CLOCK_ROOT)    net (fo=13233, routed)       1.446     2.212    ap_clk_IBUF_BUFG
    SLICE_X98Y284        FDRE                                         r  i_memory_reg[225][1]/C

Slack:                    inf
  Source:                 in_TDATA[26]
                            (input port)
  Destination:            i_memory_reg[63][1]/D
                            (rising edge-triggered cell FDRE clocked by ap_clk  {rise@0.000ns fall@0.500ns period=1.000ns})
  Path Group:             (none)
  Path Type:              Setup (Max at Slow Process Corner)
  Data Path Delay:        5.492ns  (logic 1.075ns (19.572%)  route 4.417ns (80.428%))
  Logic Levels:           2  (IBUFCTRL=1 INBUF=1)
  Clock Path Skew:        2.240ns (DCD - SCD + CPR)
    Destination Clock Delay (DCD):    2.240ns
    Source Clock Delay      (SCD):    0.000ns
    Clock Pessimism Removal (CPR):    0.000ns
  Clock Uncertainty:      0.025ns  ((TSJ^2 + TIJ^2)^1/2 + DJ) / 2 + PE
    Total System Jitter     (TSJ):    0.050ns
    Total Input Jitter      (TIJ):    0.000ns
    Discrete Jitter          (DJ):    0.000ns
    Phase Error              (PE):    0.000ns
  Clock Net Delay (Destination): 1.474ns (routing 0.691ns, distribution 0.783ns)

    Location             Delay type                Incr(ns)  Path(ns)    Netlist Resource(s)
  -------------------------------------------------------------------    -------------------
    J16                                               0.000     0.000 r  in_TDATA[26] (IN)
                         net (fo=0)                   0.000     0.000    in_TDATA_IBUF[26]_inst/I
    J16                  INBUF (Prop_INBUF_HDIOB_M_PAD_O)
                                                      1.075     1.075 r  in_TDATA_IBUF[26]_inst/INBUF_INST/O
                         net (fo=1, routed)           0.000     1.075    in_TDATA_IBUF[26]_inst/OUT
    J16                  IBUFCTRL (Prop_IBUFCTRL_HDIOB_M_I_O)
                                                      0.000     1.075 r  in_TDATA_IBUF[26]_inst/IBUFCTRL_INST/O
                         net (fo=400, routed)         4.417     5.492    in_TDATA_IBUF[26]
    SLICE_X107Y283       FDRE                                         r  i_memory_reg[63][1]/D
  -------------------------------------------------------------------    -------------------

                         (clock ap_clk rise edge)     0.000     0.000 r  
    E11                                               0.000     0.000 r  ap_clk (IN)
                         net (fo=0)                   0.000     0.000    ap_clk_IBUF_inst/I
    E11                  INBUF (Prop_INBUF_HDIOB_M_PAD_O)
                                                      0.574     0.574 r  ap_clk_IBUF_inst/INBUF_INST/O
                         net (fo=1, routed)           0.000     0.574    ap_clk_IBUF_inst/OUT
    E11                  IBUFCTRL (Prop_IBUFCTRL_HDIOB_M_I_O)
                                                      0.000     0.574 r  ap_clk_IBUF_inst/IBUFCTRL_INST/O
                         net (fo=1, routed)           0.169     0.743    ap_clk_IBUF
    BUFGCE_HDIO_X0Y6     BUFGCE (Prop_BUFCE_BUFGCE_HDIO_I_O)
                                                      0.024     0.767 r  ap_clk_IBUF_BUFG_inst/O
    X4Y4 (CLOCK_ROOT)    net (fo=13233, routed)       1.474     2.240    ap_clk_IBUF_BUFG
    SLICE_X107Y283       FDRE                                         r  i_memory_reg[63][1]/C

Slack:                    inf
  Source:                 in_TDATA[29]
                            (input port)
  Destination:            i_memory_reg[136][4]/D
                            (rising edge-triggered cell FDRE clocked by ap_clk  {rise@0.000ns fall@0.500ns period=1.000ns})
  Path Group:             (none)
  Path Type:              Setup (Max at Slow Process Corner)
  Data Path Delay:        5.204ns  (logic 1.086ns (20.868%)  route 4.118ns (79.132%))
  Logic Levels:           2  (IBUFCTRL=1 INBUF=1)
  Clock Path Skew:        2.132ns (DCD - SCD + CPR)
    Destination Clock Delay (DCD):    2.132ns
    Source Clock Delay      (SCD):    0.000ns
    Clock Pessimism Removal (CPR):    0.000ns
  Clock Uncertainty:      0.025ns  ((TSJ^2 + TIJ^2)^1/2 + DJ) / 2 + PE
    Total System Jitter     (TSJ):    0.050ns
    Total Input Jitter      (TIJ):    0.000ns
    Discrete Jitter          (DJ):    0.000ns
    Phase Error              (PE):    0.000ns
  Clock Net Delay (Destination): 1.366ns (routing 0.691ns, distribution 0.675ns)

    Location             Delay type                Incr(ns)  Path(ns)    Netlist Resource(s)
  -------------------------------------------------------------------    -------------------
    K16                                               0.000     0.000 r  in_TDATA[29] (IN)
                         net (fo=0)                   0.000     0.000    in_TDATA_IBUF[29]_inst/I
    K16                  INBUF (Prop_INBUF_HDIOB_S_PAD_O)
                                                      1.086     1.086 r  in_TDATA_IBUF[29]_inst/INBUF_INST/O
                         net (fo=1, routed)           0.000     1.086    in_TDATA_IBUF[29]_inst/OUT
    K16                  IBUFCTRL (Prop_IBUFCTRL_HDIOB_S_I_O)
                                                      0.000     1.086 r  in_TDATA_IBUF[29]_inst/IBUFCTRL_INST/O
                         net (fo=400, routed)         4.118     5.204    in_TDATA_IBUF[29]
    SLICE_X96Y269        FDRE                                         r  i_memory_reg[136][4]/D
  -------------------------------------------------------------------    -------------------

                         (clock ap_clk rise edge)     0.000     0.000 r  
    E11                                               0.000     0.000 r  ap_clk (IN)
                         net (fo=0)                   0.000     0.000    ap_clk_IBUF_inst/I
    E11                  INBUF (Prop_INBUF_HDIOB_M_PAD_O)
                                                      0.574     0.574 r  ap_clk_IBUF_inst/INBUF_INST/O
                         net (fo=1, routed)           0.000     0.574    ap_clk_IBUF_inst/OUT
    E11                  IBUFCTRL (Prop_IBUFCTRL_HDIOB_M_I_O)
                                                      0.000     0.574 r  ap_clk_IBUF_inst/IBUFCTRL_INST/O
                         net (fo=1, routed)           0.169     0.743    ap_clk_IBUF
    BUFGCE_HDIO_X0Y6     BUFGCE (Prop_BUFCE_BUFGCE_HDIO_I_O)
                                                      0.024     0.767 r  ap_clk_IBUF_BUFG_inst/O
    X4Y4 (CLOCK_ROOT)    net (fo=13233, routed)       1.366     2.132    ap_clk_IBUF_BUFG
    SLICE_X96Y269        FDRE                                         r  i_memory_reg[136][4]/C

Slack:                    inf
  Source:                 in_TDATA[29]
                            (input port)
  Destination:            i_memory_reg[144][4]/D
                            (rising edge-triggered cell FDRE clocked by ap_clk  {rise@0.000ns fall@0.500ns period=1.000ns})
  Path Group:             (none)
  Path Type:              Setup (Max at Slow Process Corner)
  Data Path Delay:        5.171ns  (logic 1.086ns (21.001%)  route 4.085ns (78.999%))
  Logic Levels:           2  (IBUFCTRL=1 INBUF=1)
  Clock Path Skew:        2.203ns (DCD - SCD + CPR)
    Destination Clock Delay (DCD):    2.203ns
    Source Clock Delay      (SCD):    0.000ns
    Clock Pessimism Removal (CPR):    0.000ns
  Clock Uncertainty:      0.025ns  ((TSJ^2 + TIJ^2)^1/2 + DJ) / 2 + PE
    Total System Jitter     (TSJ):    0.050ns
    Total Input Jitter      (TIJ):    0.000ns
    Discrete Jitter          (DJ):    0.000ns
    Phase Error              (PE):    0.000ns
  Clock Net Delay (Destination): 1.437ns (routing 0.691ns, distribution 0.746ns)

    Location             Delay type                Incr(ns)  Path(ns)    Netlist Resource(s)
  -------------------------------------------------------------------    -------------------
    K16                                               0.000     0.000 r  in_TDATA[29] (IN)
                         net (fo=0)                   0.000     0.000    in_TDATA_IBUF[29]_inst/I
    K16                  INBUF (Prop_INBUF_HDIOB_S_PAD_O)
                                                      1.086     1.086 r  in_TDATA_IBUF[29]_inst/INBUF_INST/O
                         net (fo=1, routed)           0.000     1.086    in_TDATA_IBUF[29]_inst/OUT
    K16                  IBUFCTRL (Prop_IBUFCTRL_HDIOB_S_I_O)
                                                      0.000     1.086 r  in_TDATA_IBUF[29]_inst/IBUFCTRL_INST/O
                         net (fo=400, routed)         4.085     5.171    in_TDATA_IBUF[29]
    SLICE_X99Y273        FDRE                                         r  i_memory_reg[144][4]/D
  -------------------------------------------------------------------    -------------------

                         (clock ap_clk rise edge)     0.000     0.000 r  
    E11                                               0.000     0.000 r  ap_clk (IN)
                         net (fo=0)                   0.000     0.000    ap_clk_IBUF_inst/I
    E11                  INBUF (Prop_INBUF_HDIOB_M_PAD_O)
                                                      0.574     0.574 r  ap_clk_IBUF_inst/INBUF_INST/O
                         net (fo=1, routed)           0.000     0.574    ap_clk_IBUF_inst/OUT
    E11                  IBUFCTRL (Prop_IBUFCTRL_HDIOB_M_I_O)
                                                      0.000     0.574 r  ap_clk_IBUF_inst/IBUFCTRL_INST/O
                         net (fo=1, routed)           0.169     0.743    ap_clk_IBUF
    BUFGCE_HDIO_X0Y6     BUFGCE (Prop_BUFCE_BUFGCE_HDIO_I_O)
                                                      0.024     0.767 r  ap_clk_IBUF_BUFG_inst/O
    X4Y4 (CLOCK_ROOT)    net (fo=13233, routed)       1.437     2.203    ap_clk_IBUF_BUFG
    SLICE_X99Y273        FDRE                                         r  i_memory_reg[144][4]/C

Slack:                    inf
  Source:                 in_TDATA[26]
                            (input port)
  Destination:            i_memory_reg[60][1]/D
                            (rising edge-triggered cell FDRE clocked by ap_clk  {rise@0.000ns fall@0.500ns period=1.000ns})
  Path Group:             (none)
  Path Type:              Setup (Max at Slow Process Corner)
  Data Path Delay:        5.159ns  (logic 1.075ns (20.837%)  route 4.084ns (79.163%))
  Logic Levels:           2  (IBUFCTRL=1 INBUF=1)
  Clock Path Skew:        2.267ns (DCD - SCD + CPR)
    Destination Clock Delay (DCD):    2.267ns
    Source Clock Delay      (SCD):    0.000ns
    Clock Pessimism Removal (CPR):    0.000ns
  Clock Uncertainty:      0.025ns  ((TSJ^2 + TIJ^2)^1/2 + DJ) / 2 + PE
    Total System Jitter     (TSJ):    0.050ns
    Total Input Jitter      (TIJ):    0.000ns
    Discrete Jitter          (DJ):    0.000ns
    Phase Error              (PE):    0.000ns
  Clock Net Delay (Destination): 1.501ns (routing 0.691ns, distribution 0.810ns)

    Location             Delay type                Incr(ns)  Path(ns)    Netlist Resource(s)
  -------------------------------------------------------------------    -------------------
    J16                                               0.000     0.000 r  in_TDATA[26] (IN)
                         net (fo=0)                   0.000     0.000    in_TDATA_IBUF[26]_inst/I
    J16                  INBUF (Prop_INBUF_HDIOB_M_PAD_O)
                                                      1.075     1.075 r  in_TDATA_IBUF[26]_inst/INBUF_INST/O
                         net (fo=1, routed)           0.000     1.075    in_TDATA_IBUF[26]_inst/OUT
    J16                  IBUFCTRL (Prop_IBUFCTRL_HDIOB_M_I_O)
                                                      0.000     1.075 r  in_TDATA_IBUF[26]_inst/IBUFCTRL_INST/O
                         net (fo=400, routed)         4.084     5.159    in_TDATA_IBUF[26]
    SLICE_X108Y287       FDRE                                         r  i_memory_reg[60][1]/D
  -------------------------------------------------------------------    -------------------

                         (clock ap_clk rise edge)     0.000     0.000 r  
    E11                                               0.000     0.000 r  ap_clk (IN)
                         net (fo=0)                   0.000     0.000    ap_clk_IBUF_inst/I
    E11                  INBUF (Prop_INBUF_HDIOB_M_PAD_O)
                                                      0.574     0.574 r  ap_clk_IBUF_inst/INBUF_INST/O
                         net (fo=1, routed)           0.000     0.574    ap_clk_IBUF_inst/OUT
    E11                  IBUFCTRL (Prop_IBUFCTRL_HDIOB_M_I_O)
                                                      0.000     0.574 r  ap_clk_IBUF_inst/IBUFCTRL_INST/O
                         net (fo=1, routed)           0.169     0.743    ap_clk_IBUF
    BUFGCE_HDIO_X0Y6     BUFGCE (Prop_BUFCE_BUFGCE_HDIO_I_O)
                                                      0.024     0.767 r  ap_clk_IBUF_BUFG_inst/O
    X4Y4 (CLOCK_ROOT)    net (fo=13233, routed)       1.501     2.267    ap_clk_IBUF_BUFG
    SLICE_X108Y287       FDRE                                         r  i_memory_reg[60][1]/C

Slack:                    inf
  Source:                 in_TDATA[26]
                            (input port)
  Destination:            i_memory_reg[387][1]/D
                            (rising edge-triggered cell FDRE clocked by ap_clk  {rise@0.000ns fall@0.500ns period=1.000ns})
  Path Group:             (none)
  Path Type:              Setup (Max at Slow Process Corner)
  Data Path Delay:        5.152ns  (logic 1.075ns (20.863%)  route 4.077ns (79.137%))
  Logic Levels:           2  (IBUFCTRL=1 INBUF=1)
  Clock Path Skew:        2.274ns (DCD - SCD + CPR)
    Destination Clock Delay (DCD):    2.274ns
    Source Clock Delay      (SCD):    0.000ns
    Clock Pessimism Removal (CPR):    0.000ns
  Clock Uncertainty:      0.025ns  ((TSJ^2 + TIJ^2)^1/2 + DJ) / 2 + PE
    Total System Jitter     (TSJ):    0.050ns
    Total Input Jitter      (TIJ):    0.000ns
    Discrete Jitter          (DJ):    0.000ns
    Phase Error              (PE):    0.000ns
  Clock Net Delay (Destination): 1.508ns (routing 0.691ns, distribution 0.817ns)

    Location             Delay type                Incr(ns)  Path(ns)    Netlist Resource(s)
  -------------------------------------------------------------------    -------------------
    J16                                               0.000     0.000 r  in_TDATA[26] (IN)
                         net (fo=0)                   0.000     0.000    in_TDATA_IBUF[26]_inst/I
    J16                  INBUF (Prop_INBUF_HDIOB_M_PAD_O)
                                                      1.075     1.075 r  in_TDATA_IBUF[26]_inst/INBUF_INST/O
                         net (fo=1, routed)           0.000     1.075    in_TDATA_IBUF[26]_inst/OUT
    J16                  IBUFCTRL (Prop_IBUFCTRL_HDIOB_M_I_O)
                                                      0.000     1.075 r  in_TDATA_IBUF[26]_inst/IBUFCTRL_INST/O
                         net (fo=400, routed)         4.077     5.152    in_TDATA_IBUF[26]
    SLICE_X109Y289       FDRE                                         r  i_memory_reg[387][1]/D
  -------------------------------------------------------------------    -------------------

                         (clock ap_clk rise edge)     0.000     0.000 r  
    E11                                               0.000     0.000 r  ap_clk (IN)
                         net (fo=0)                   0.000     0.000    ap_clk_IBUF_inst/I
    E11                  INBUF (Prop_INBUF_HDIOB_M_PAD_O)
                                                      0.574     0.574 r  ap_clk_IBUF_inst/INBUF_INST/O
                         net (fo=1, routed)           0.000     0.574    ap_clk_IBUF_inst/OUT
    E11                  IBUFCTRL (Prop_IBUFCTRL_HDIOB_M_I_O)
                                                      0.000     0.574 r  ap_clk_IBUF_inst/IBUFCTRL_INST/O
                         net (fo=1, routed)           0.169     0.743    ap_clk_IBUF
    BUFGCE_HDIO_X0Y6     BUFGCE (Prop_BUFCE_BUFGCE_HDIO_I_O)
                                                      0.024     0.767 r  ap_clk_IBUF_BUFG_inst/O
    X4Y4 (CLOCK_ROOT)    net (fo=13233, routed)       1.508     2.274    ap_clk_IBUF_BUFG
    SLICE_X109Y289       FDRE                                         r  i_memory_reg[387][1]/C

Slack:                    inf
  Source:                 in_TDATA[29]
                            (input port)
  Destination:            i_memory_reg[101][4]/D
                            (rising edge-triggered cell FDRE clocked by ap_clk  {rise@0.000ns fall@0.500ns period=1.000ns})
  Path Group:             (none)
  Path Type:              Setup (Max at Slow Process Corner)
  Data Path Delay:        5.146ns  (logic 1.086ns (21.106%)  route 4.060ns (78.894%))
  Logic Levels:           2  (IBUFCTRL=1 INBUF=1)
  Clock Path Skew:        2.146ns (DCD - SCD + CPR)
    Destination Clock Delay (DCD):    2.146ns
    Source Clock Delay      (SCD):    0.000ns
    Clock Pessimism Removal (CPR):    0.000ns
  Clock Uncertainty:      0.025ns  ((TSJ^2 + TIJ^2)^1/2 + DJ) / 2 + PE
    Total System Jitter     (TSJ):    0.050ns
    Total Input Jitter      (TIJ):    0.000ns
    Discrete Jitter          (DJ):    0.000ns
    Phase Error              (PE):    0.000ns
  Clock Net Delay (Destination): 1.380ns (routing 0.691ns, distribution 0.689ns)

    Location             Delay type                Incr(ns)  Path(ns)    Netlist Resource(s)
  -------------------------------------------------------------------    -------------------
    K16                                               0.000     0.000 r  in_TDATA[29] (IN)
                         net (fo=0)                   0.000     0.000    in_TDATA_IBUF[29]_inst/I
    K16                  INBUF (Prop_INBUF_HDIOB_S_PAD_O)
                                                      1.086     1.086 r  in_TDATA_IBUF[29]_inst/INBUF_INST/O
                         net (fo=1, routed)           0.000     1.086    in_TDATA_IBUF[29]_inst/OUT
    K16                  IBUFCTRL (Prop_IBUFCTRL_HDIOB_S_I_O)
                                                      0.000     1.086 r  in_TDATA_IBUF[29]_inst/IBUFCTRL_INST/O
                         net (fo=400, routed)         4.060     5.146    in_TDATA_IBUF[29]
    SLICE_X96Y258        FDRE                                         r  i_memory_reg[101][4]/D
  -------------------------------------------------------------------    -------------------

                         (clock ap_clk rise edge)     0.000     0.000 r  
    E11                                               0.000     0.000 r  ap_clk (IN)
                         net (fo=0)                   0.000     0.000    ap_clk_IBUF_inst/I
    E11                  INBUF (Prop_INBUF_HDIOB_M_PAD_O)
                                                      0.574     0.574 r  ap_clk_IBUF_inst/INBUF_INST/O
                         net (fo=1, routed)           0.000     0.574    ap_clk_IBUF_inst/OUT
    E11                  IBUFCTRL (Prop_IBUFCTRL_HDIOB_M_I_O)
                                                      0.000     0.574 r  ap_clk_IBUF_inst/IBUFCTRL_INST/O
                         net (fo=1, routed)           0.169     0.743    ap_clk_IBUF
    BUFGCE_HDIO_X0Y6     BUFGCE (Prop_BUFCE_BUFGCE_HDIO_I_O)
                                                      0.024     0.767 r  ap_clk_IBUF_BUFG_inst/O
    X4Y4 (CLOCK_ROOT)    net (fo=13233, routed)       1.380     2.146    ap_clk_IBUF_BUFG
    SLICE_X96Y258        FDRE                                         r  i_memory_reg[101][4]/C

Slack:                    inf
  Source:                 in_TDATA[29]
                            (input port)
  Destination:            i_memory_reg[121][4]/D
                            (rising edge-triggered cell FDRE clocked by ap_clk  {rise@0.000ns fall@0.500ns period=1.000ns})
  Path Group:             (none)
  Path Type:              Setup (Max at Slow Process Corner)
  Data Path Delay:        5.130ns  (logic 1.086ns (21.172%)  route 4.044ns (78.828%))
  Logic Levels:           2  (IBUFCTRL=1 INBUF=1)
  Clock Path Skew:        2.217ns (DCD - SCD + CPR)
    Destination Clock Delay (DCD):    2.217ns
    Source Clock Delay      (SCD):    0.000ns
    Clock Pessimism Removal (CPR):    0.000ns
  Clock Uncertainty:      0.025ns  ((TSJ^2 + TIJ^2)^1/2 + DJ) / 2 + PE
    Total System Jitter     (TSJ):    0.050ns
    Total Input Jitter      (TIJ):    0.000ns
    Discrete Jitter          (DJ):    0.000ns
    Phase Error              (PE):    0.000ns
  Clock Net Delay (Destination): 1.450ns (routing 0.691ns, distribution 0.759ns)

    Location             Delay type                Incr(ns)  Path(ns)    Netlist Resource(s)
  -------------------------------------------------------------------    -------------------
    K16                                               0.000     0.000 r  in_TDATA[29] (IN)
                         net (fo=0)                   0.000     0.000    in_TDATA_IBUF[29]_inst/I
    K16                  INBUF (Prop_INBUF_HDIOB_S_PAD_O)
                                                      1.086     1.086 r  in_TDATA_IBUF[29]_inst/INBUF_INST/O
                         net (fo=1, routed)           0.000     1.086    in_TDATA_IBUF[29]_inst/OUT
    K16                  IBUFCTRL (Prop_IBUFCTRL_HDIOB_S_I_O)
                                                      0.000     1.086 r  in_TDATA_IBUF[29]_inst/IBUFCTRL_INST/O
                         net (fo=400, routed)         4.044     5.130    in_TDATA_IBUF[29]
    SLICE_X100Y258       FDRE                                         r  i_memory_reg[121][4]/D
  -------------------------------------------------------------------    -------------------

                         (clock ap_clk rise edge)     0.000     0.000 r  
    E11                                               0.000     0.000 r  ap_clk (IN)
                         net (fo=0)                   0.000     0.000    ap_clk_IBUF_inst/I
    E11                  INBUF (Prop_INBUF_HDIOB_M_PAD_O)
                                                      0.574     0.574 r  ap_clk_IBUF_inst/INBUF_INST/O
                         net (fo=1, routed)           0.000     0.574    ap_clk_IBUF_inst/OUT
    E11                  IBUFCTRL (Prop_IBUFCTRL_HDIOB_M_I_O)
                                                      0.000     0.574 r  ap_clk_IBUF_inst/IBUFCTRL_INST/O
                         net (fo=1, routed)           0.169     0.743    ap_clk_IBUF
    BUFGCE_HDIO_X0Y6     BUFGCE (Prop_BUFCE_BUFGCE_HDIO_I_O)
                                                      0.024     0.767 r  ap_clk_IBUF_BUFG_inst/O
    X4Y4 (CLOCK_ROOT)    net (fo=13233, routed)       1.450     2.217    ap_clk_IBUF_BUFG
    SLICE_X100Y258       FDRE                                         r  i_memory_reg[121][4]/C

Slack:                    inf
  Source:                 in_TDATA[26]
                            (input port)
  Destination:            i_memory_reg[385][1]/D
                            (rising edge-triggered cell FDRE clocked by ap_clk  {rise@0.000ns fall@0.500ns period=1.000ns})
  Path Group:             (none)
  Path Type:              Setup (Max at Slow Process Corner)
  Data Path Delay:        5.124ns  (logic 1.075ns (20.979%)  route 4.049ns (79.021%))
  Logic Levels:           2  (IBUFCTRL=1 INBUF=1)
  Clock Path Skew:        2.267ns (DCD - SCD + CPR)
    Destination Clock Delay (DCD):    2.267ns
    Source Clock Delay      (SCD):    0.000ns
    Clock Pessimism Removal (CPR):    0.000ns
  Clock Uncertainty:      0.025ns  ((TSJ^2 + TIJ^2)^1/2 + DJ) / 2 + PE
    Total System Jitter     (TSJ):    0.050ns
    Total Input Jitter      (TIJ):    0.000ns
    Discrete Jitter          (DJ):    0.000ns
    Phase Error              (PE):    0.000ns
  Clock Net Delay (Destination): 1.501ns (routing 0.691ns, distribution 0.810ns)

    Location             Delay type                Incr(ns)  Path(ns)    Netlist Resource(s)
  -------------------------------------------------------------------    -------------------
    J16                                               0.000     0.000 r  in_TDATA[26] (IN)
                         net (fo=0)                   0.000     0.000    in_TDATA_IBUF[26]_inst/I
    J16                  INBUF (Prop_INBUF_HDIOB_M_PAD_O)
                                                      1.075     1.075 r  in_TDATA_IBUF[26]_inst/INBUF_INST/O
                         net (fo=1, routed)           0.000     1.075    in_TDATA_IBUF[26]_inst/OUT
    J16                  IBUFCTRL (Prop_IBUFCTRL_HDIOB_M_I_O)
                                                      0.000     1.075 r  in_TDATA_IBUF[26]_inst/IBUFCTRL_INST/O
                         net (fo=400, routed)         4.049     5.124    in_TDATA_IBUF[26]
    SLICE_X108Y287       FDRE                                         r  i_memory_reg[385][1]/D
  -------------------------------------------------------------------    -------------------

                         (clock ap_clk rise edge)     0.000     0.000 r  
    E11                                               0.000     0.000 r  ap_clk (IN)
                         net (fo=0)                   0.000     0.000    ap_clk_IBUF_inst/I
    E11                  INBUF (Prop_INBUF_HDIOB_M_PAD_O)
                                                      0.574     0.574 r  ap_clk_IBUF_inst/INBUF_INST/O
                         net (fo=1, routed)           0.000     0.574    ap_clk_IBUF_inst/OUT
    E11                  IBUFCTRL (Prop_IBUFCTRL_HDIOB_M_I_O)
                                                      0.000     0.574 r  ap_clk_IBUF_inst/IBUFCTRL_INST/O
                         net (fo=1, routed)           0.169     0.743    ap_clk_IBUF
    BUFGCE_HDIO_X0Y6     BUFGCE (Prop_BUFCE_BUFGCE_HDIO_I_O)
                                                      0.024     0.767 r  ap_clk_IBUF_BUFG_inst/O
    X4Y4 (CLOCK_ROOT)    net (fo=13233, routed)       1.501     2.267    ap_clk_IBUF_BUFG
    SLICE_X108Y287       FDRE                                         r  i_memory_reg[385][1]/C





Min Delay Paths
--------------------------------------------------------------------------------------
Slack:                    inf
  Source:                 in_TDATA[26]
                            (input port)
  Destination:            i_memory_reg[53][1]/D
                            (rising edge-triggered cell FDRE clocked by ap_clk  {rise@0.000ns fall@0.500ns period=1.000ns})
  Path Group:             (none)
  Path Type:              Hold (Min at Fast Process Corner)
  Data Path Delay:        0.652ns  (logic 0.408ns (62.622%)  route 0.244ns (37.378%))
  Logic Levels:           2  (IBUFCTRL=1 INBUF=1)
  Clock Path Skew:        1.878ns (DCD - SCD - CPR)
    Destination Clock Delay (DCD):    1.878ns
    Source Clock Delay      (SCD):    0.000ns
    Clock Pessimism Removal (CPR):    -0.000ns
  Clock Net Delay (Destination): 1.043ns (routing 0.470ns, distribution 0.573ns)

    Location             Delay type                Incr(ns)  Path(ns)    Netlist Resource(s)
  -------------------------------------------------------------------    -------------------
    J16                                               0.000     0.000 r  in_TDATA[26] (IN)
                         net (fo=0)                   0.000     0.000    in_TDATA_IBUF[26]_inst/I
    J16                  INBUF (Prop_INBUF_HDIOB_M_PAD_O)
                                                      0.408     0.408 r  in_TDATA_IBUF[26]_inst/INBUF_INST/O
                         net (fo=1, routed)           0.000     0.408    in_TDATA_IBUF[26]_inst/OUT
    J16                  IBUFCTRL (Prop_IBUFCTRL_HDIOB_M_I_O)
                                                      0.000     0.408 r  in_TDATA_IBUF[26]_inst/IBUFCTRL_INST/O
                         net (fo=400, routed)         0.244     0.652    in_TDATA_IBUF[26]
    SLICE_X106Y276       FDRE                                         r  i_memory_reg[53][1]/D
  -------------------------------------------------------------------    -------------------

                         (clock ap_clk rise edge)     0.000     0.000 r  
    E11                                               0.000     0.000 r  ap_clk (IN)
                         net (fo=0)                   0.000     0.000    ap_clk_IBUF_inst/I
    E11                  INBUF (Prop_INBUF_HDIOB_M_PAD_O)
                                                      0.703     0.703 r  ap_clk_IBUF_inst/INBUF_INST/O
                         net (fo=1, routed)           0.000     0.703    ap_clk_IBUF_inst/OUT
    E11                  IBUFCTRL (Prop_IBUFCTRL_HDIOB_M_I_O)
                                                      0.000     0.703 r  ap_clk_IBUF_inst/IBUFCTRL_INST/O
                         net (fo=1, routed)           0.113     0.816    ap_clk_IBUF
    BUFGCE_HDIO_X0Y6     BUFGCE (Prop_BUFCE_BUFGCE_HDIO_I_O)
                                                      0.019     0.835 r  ap_clk_IBUF_BUFG_inst/O
    X4Y4 (CLOCK_ROOT)    net (fo=13233, routed)       1.043     1.878    ap_clk_IBUF_BUFG
    SLICE_X106Y276       FDRE                                         r  i_memory_reg[53][1]/C

Slack:                    inf
  Source:                 in_TDATA[27]
                            (input port)
  Destination:            i_memory_reg[50][2]/D
                            (rising edge-triggered cell FDRE clocked by ap_clk  {rise@0.000ns fall@0.500ns period=1.000ns})
  Path Group:             (none)
  Path Type:              Hold (Min at Fast Process Corner)
  Data Path Delay:        0.662ns  (logic 0.408ns (61.652%)  route 0.254ns (38.348%))
  Logic Levels:           2  (IBUFCTRL=1 INBUF=1)
  Clock Path Skew:        1.879ns (DCD - SCD - CPR)
    Destination Clock Delay (DCD):    1.879ns
    Source Clock Delay      (SCD):    0.000ns
    Clock Pessimism Removal (CPR):    -0.000ns
  Clock Net Delay (Destination): 1.044ns (routing 0.470ns, distribution 0.574ns)

    Location             Delay type                Incr(ns)  Path(ns)    Netlist Resource(s)
  -------------------------------------------------------------------    -------------------
    H16                                               0.000     0.000 r  in_TDATA[27] (IN)
                         net (fo=0)                   0.000     0.000    in_TDATA_IBUF[27]_inst/I
    H16                  INBUF (Prop_INBUF_HDIOB_S_PAD_O)
                                                      0.408     0.408 r  in_TDATA_IBUF[27]_inst/INBUF_INST/O
                         net (fo=1, routed)           0.000     0.408    in_TDATA_IBUF[27]_inst/OUT
    H16                  IBUFCTRL (Prop_IBUFCTRL_HDIOB_S_I_O)
                                                      0.000     0.408 r  in_TDATA_IBUF[27]_inst/IBUFCTRL_INST/O
                         net (fo=400, routed)         0.254     0.662    in_TDATA_IBUF[27]
    SLICE_X106Y278       FDRE                                         r  i_memory_reg[50][2]/D
  -------------------------------------------------------------------    -------------------

                         (clock ap_clk rise edge)     0.000     0.000 r  
    E11                                               0.000     0.000 r  ap_clk (IN)
                         net (fo=0)                   0.000     0.000    ap_clk_IBUF_inst/I
    E11                  INBUF (Prop_INBUF_HDIOB_M_PAD_O)
                                                      0.703     0.703 r  ap_clk_IBUF_inst/INBUF_INST/O
                         net (fo=1, routed)           0.000     0.703    ap_clk_IBUF_inst/OUT
    E11                  IBUFCTRL (Prop_IBUFCTRL_HDIOB_M_I_O)
                                                      0.000     0.703 r  ap_clk_IBUF_inst/IBUFCTRL_INST/O
                         net (fo=1, routed)           0.113     0.816    ap_clk_IBUF
    BUFGCE_HDIO_X0Y6     BUFGCE (Prop_BUFCE_BUFGCE_HDIO_I_O)
                                                      0.019     0.835 r  ap_clk_IBUF_BUFG_inst/O
    X4Y4 (CLOCK_ROOT)    net (fo=13233, routed)       1.044     1.879    ap_clk_IBUF_BUFG
    SLICE_X106Y278       FDRE                                         r  i_memory_reg[50][2]/C

Slack:                    inf
  Source:                 in_TDATA[27]
                            (input port)
  Destination:            i_memory_reg[32][2]/D
                            (rising edge-triggered cell FDRE clocked by ap_clk  {rise@0.000ns fall@0.500ns period=1.000ns})
  Path Group:             (none)
  Path Type:              Hold (Min at Fast Process Corner)
  Data Path Delay:        0.663ns  (logic 0.408ns (61.559%)  route 0.255ns (38.441%))
  Logic Levels:           2  (IBUFCTRL=1 INBUF=1)
  Clock Path Skew:        1.876ns (DCD - SCD - CPR)
    Destination Clock Delay (DCD):    1.876ns
    Source Clock Delay      (SCD):    0.000ns
    Clock Pessimism Removal (CPR):    -0.000ns
  Clock Net Delay (Destination): 1.041ns (routing 0.470ns, distribution 0.571ns)

    Location             Delay type                Incr(ns)  Path(ns)    Netlist Resource(s)
  -------------------------------------------------------------------    -------------------
    H16                                               0.000     0.000 r  in_TDATA[27] (IN)
                         net (fo=0)                   0.000     0.000    in_TDATA_IBUF[27]_inst/I
    H16                  INBUF (Prop_INBUF_HDIOB_S_PAD_O)
                                                      0.408     0.408 r  in_TDATA_IBUF[27]_inst/INBUF_INST/O
                         net (fo=1, routed)           0.000     0.408    in_TDATA_IBUF[27]_inst/OUT
    H16                  IBUFCTRL (Prop_IBUFCTRL_HDIOB_S_I_O)
                                                      0.000     0.408 r  in_TDATA_IBUF[27]_inst/IBUFCTRL_INST/O
                         net (fo=400, routed)         0.255     0.663    in_TDATA_IBUF[27]
    SLICE_X106Y279       FDRE                                         r  i_memory_reg[32][2]/D
  -------------------------------------------------------------------    -------------------

                         (clock ap_clk rise edge)     0.000     0.000 r  
    E11                                               0.000     0.000 r  ap_clk (IN)
                         net (fo=0)                   0.000     0.000    ap_clk_IBUF_inst/I
    E11                  INBUF (Prop_INBUF_HDIOB_M_PAD_O)
                                                      0.703     0.703 r  ap_clk_IBUF_inst/INBUF_INST/O
                         net (fo=1, routed)           0.000     0.703    ap_clk_IBUF_inst/OUT
    E11                  IBUFCTRL (Prop_IBUFCTRL_HDIOB_M_I_O)
                                                      0.000     0.703 r  ap_clk_IBUF_inst/IBUFCTRL_INST/O
                         net (fo=1, routed)           0.113     0.816    ap_clk_IBUF
    BUFGCE_HDIO_X0Y6     BUFGCE (Prop_BUFCE_BUFGCE_HDIO_I_O)
                                                      0.019     0.835 r  ap_clk_IBUF_BUFG_inst/O
    X4Y4 (CLOCK_ROOT)    net (fo=13233, routed)       1.041     1.876    ap_clk_IBUF_BUFG
    SLICE_X106Y279       FDRE                                         r  i_memory_reg[32][2]/C

Slack:                    inf
  Source:                 in_TDATA[16]
                            (input port)
  Destination:            q_memory_reg[38][5]/D
                            (rising edge-triggered cell FDRE clocked by ap_clk  {rise@0.000ns fall@0.500ns period=1.000ns})
  Path Group:             (none)
  Path Type:              Hold (Min at Fast Process Corner)
  Data Path Delay:        0.665ns  (logic 0.409ns (61.444%)  route 0.256ns (38.556%))
  Logic Levels:           2  (IBUFCTRL=1 INBUF=1)
  Clock Path Skew:        1.880ns (DCD - SCD - CPR)
    Destination Clock Delay (DCD):    1.880ns
    Source Clock Delay      (SCD):    0.000ns
    Clock Pessimism Removal (CPR):    -0.000ns
  Clock Net Delay (Destination): 1.045ns (routing 0.470ns, distribution 0.575ns)

    Location             Delay type                Incr(ns)  Path(ns)    Netlist Resource(s)
  -------------------------------------------------------------------    -------------------
    G13                                               0.000     0.000 r  in_TDATA[16] (IN)
                         net (fo=0)                   0.000     0.000    in_TDATA_IBUF[16]_inst/I
    G13                  INBUF (Prop_INBUF_HDIOB_S_PAD_O)
                                                      0.409     0.409 r  in_TDATA_IBUF[16]_inst/INBUF_INST/O
                         net (fo=1, routed)           0.000     0.409    in_TDATA_IBUF[16]_inst/OUT
    G13                  IBUFCTRL (Prop_IBUFCTRL_HDIOB_S_I_O)
                                                      0.000     0.409 r  in_TDATA_IBUF[16]_inst/IBUFCTRL_INST/O
                         net (fo=400, routed)         0.256     0.665    in_TDATA_IBUF[16]
    SLICE_X106Y287       FDRE                                         r  q_memory_reg[38][5]/D
  -------------------------------------------------------------------    -------------------

                         (clock ap_clk rise edge)     0.000     0.000 r  
    E11                                               0.000     0.000 r  ap_clk (IN)
                         net (fo=0)                   0.000     0.000    ap_clk_IBUF_inst/I
    E11                  INBUF (Prop_INBUF_HDIOB_M_PAD_O)
                                                      0.703     0.703 r  ap_clk_IBUF_inst/INBUF_INST/O
                         net (fo=1, routed)           0.000     0.703    ap_clk_IBUF_inst/OUT
    E11                  IBUFCTRL (Prop_IBUFCTRL_HDIOB_M_I_O)
                                                      0.000     0.703 r  ap_clk_IBUF_inst/IBUFCTRL_INST/O
                         net (fo=1, routed)           0.113     0.816    ap_clk_IBUF
    BUFGCE_HDIO_X0Y6     BUFGCE (Prop_BUFCE_BUFGCE_HDIO_I_O)
                                                      0.019     0.835 r  ap_clk_IBUF_BUFG_inst/O
    X4Y4 (CLOCK_ROOT)    net (fo=13233, routed)       1.045     1.880    ap_clk_IBUF_BUFG
    SLICE_X106Y287       FDRE                                         r  q_memory_reg[38][5]/C

Slack:                    inf
  Source:                 in_TDATA[30]
                            (input port)
  Destination:            i_memory_reg[71][5]/D
                            (rising edge-triggered cell FDRE clocked by ap_clk  {rise@0.000ns fall@0.500ns period=1.000ns})
  Path Group:             (none)
  Path Type:              Hold (Min at Fast Process Corner)
  Data Path Delay:        0.665ns  (logic 0.393ns (59.088%)  route 0.272ns (40.912%))
  Logic Levels:           2  (IBUFCTRL=1 INBUF=1)
  Clock Path Skew:        1.878ns (DCD - SCD - CPR)
    Destination Clock Delay (DCD):    1.878ns
    Source Clock Delay      (SCD):    0.000ns
    Clock Pessimism Removal (CPR):    -0.000ns
  Clock Net Delay (Destination): 1.043ns (routing 0.470ns, distribution 0.573ns)

    Location             Delay type                Incr(ns)  Path(ns)    Netlist Resource(s)
  -------------------------------------------------------------------    -------------------
    K15                                               0.000     0.000 r  in_TDATA[30] (IN)
                         net (fo=0)                   0.000     0.000    in_TDATA_IBUF[30]_inst/I
    K15                  INBUF (Prop_INBUF_HDIOB_M_PAD_O)
                                                      0.393     0.393 r  in_TDATA_IBUF[30]_inst/INBUF_INST/O
                         net (fo=1, routed)           0.000     0.393    in_TDATA_IBUF[30]_inst/OUT
    K15                  IBUFCTRL (Prop_IBUFCTRL_HDIOB_M_I_O)
                                                      0.000     0.393 r  in_TDATA_IBUF[30]_inst/IBUFCTRL_INST/O
                         net (fo=400, routed)         0.272     0.665    in_TDATA_IBUF[30]
    SLICE_X106Y265       FDRE                                         r  i_memory_reg[71][5]/D
  -------------------------------------------------------------------    -------------------

                         (clock ap_clk rise edge)     0.000     0.000 r  
    E11                                               0.000     0.000 r  ap_clk (IN)
                         net (fo=0)                   0.000     0.000    ap_clk_IBUF_inst/I
    E11                  INBUF (Prop_INBUF_HDIOB_M_PAD_O)
                                                      0.703     0.703 r  ap_clk_IBUF_inst/INBUF_INST/O
                         net (fo=1, routed)           0.000     0.703    ap_clk_IBUF_inst/OUT
    E11                  IBUFCTRL (Prop_IBUFCTRL_HDIOB_M_I_O)
                                                      0.000     0.703 r  ap_clk_IBUF_inst/IBUFCTRL_INST/O
                         net (fo=1, routed)           0.113     0.816    ap_clk_IBUF
    BUFGCE_HDIO_X0Y6     BUFGCE (Prop_BUFCE_BUFGCE_HDIO_I_O)
                                                      0.019     0.835 r  ap_clk_IBUF_BUFG_inst/O
    X4Y4 (CLOCK_ROOT)    net (fo=13233, routed)       1.043     1.878    ap_clk_IBUF_BUFG
    SLICE_X106Y265       FDRE                                         r  i_memory_reg[71][5]/C

Slack:                    inf
  Source:                 in_TDATA[31]
                            (input port)
  Destination:            i_memory_reg[64][6]/D
                            (rising edge-triggered cell FDRE clocked by ap_clk  {rise@0.000ns fall@0.500ns period=1.000ns})
  Path Group:             (none)
  Path Type:              Hold (Min at Fast Process Corner)
  Data Path Delay:        0.676ns  (logic 0.393ns (58.143%)  route 0.283ns (41.857%))
  Logic Levels:           2  (IBUFCTRL=1 INBUF=1)
  Clock Path Skew:        1.877ns (DCD - SCD - CPR)
    Destination Clock Delay (DCD):    1.877ns
    Source Clock Delay      (SCD):    0.000ns
    Clock Pessimism Removal (CPR):    -0.000ns
  Clock Net Delay (Destination): 1.042ns (routing 0.470ns, distribution 0.572ns)

    Location             Delay type                Incr(ns)  Path(ns)    Netlist Resource(s)
  -------------------------------------------------------------------    -------------------
    K14                                               0.000     0.000 r  in_TDATA[31] (IN)
                         net (fo=0)                   0.000     0.000    in_TDATA_IBUF[31]_inst/I
    K14                  INBUF (Prop_INBUF_HDIOB_S_PAD_O)
                                                      0.393     0.393 r  in_TDATA_IBUF[31]_inst/INBUF_INST/O
                         net (fo=1, routed)           0.000     0.393    in_TDATA_IBUF[31]_inst/OUT
    K14                  IBUFCTRL (Prop_IBUFCTRL_HDIOB_S_I_O)
                                                      0.000     0.393 r  in_TDATA_IBUF[31]_inst/IBUFCTRL_INST/O
                         net (fo=400, routed)         0.283     0.676    in_TDATA_IBUF[31]
    SLICE_X106Y267       FDRE                                         r  i_memory_reg[64][6]/D
  -------------------------------------------------------------------    -------------------

                         (clock ap_clk rise edge)     0.000     0.000 r  
    E11                                               0.000     0.000 r  ap_clk (IN)
                         net (fo=0)                   0.000     0.000    ap_clk_IBUF_inst/I
    E11                  INBUF (Prop_INBUF_HDIOB_M_PAD_O)
                                                      0.703     0.703 r  ap_clk_IBUF_inst/INBUF_INST/O
                         net (fo=1, routed)           0.000     0.703    ap_clk_IBUF_inst/OUT
    E11                  IBUFCTRL (Prop_IBUFCTRL_HDIOB_M_I_O)
                                                      0.000     0.703 r  ap_clk_IBUF_inst/IBUFCTRL_INST/O
                         net (fo=1, routed)           0.113     0.816    ap_clk_IBUF
    BUFGCE_HDIO_X0Y6     BUFGCE (Prop_BUFCE_BUFGCE_HDIO_I_O)
                                                      0.019     0.835 r  ap_clk_IBUF_BUFG_inst/O
    X4Y4 (CLOCK_ROOT)    net (fo=13233, routed)       1.042     1.877    ap_clk_IBUF_BUFG
    SLICE_X106Y267       FDRE                                         r  i_memory_reg[64][6]/C

Slack:                    inf
  Source:                 in_TDATA[15]
                            (input port)
  Destination:            q_memory_reg[38][4]/D
                            (rising edge-triggered cell FDRE clocked by ap_clk  {rise@0.000ns fall@0.500ns period=1.000ns})
  Path Group:             (none)
  Path Type:              Hold (Min at Fast Process Corner)
  Data Path Delay:        0.680ns  (logic 0.411ns (60.439%)  route 0.269ns (39.561%))
  Logic Levels:           2  (IBUFCTRL=1 INBUF=1)
  Clock Path Skew:        1.885ns (DCD - SCD - CPR)
    Destination Clock Delay (DCD):    1.885ns
    Source Clock Delay      (SCD):    0.000ns
    Clock Pessimism Removal (CPR):    -0.000ns
  Clock Net Delay (Destination): 1.050ns (routing 0.470ns, distribution 0.580ns)

    Location             Delay type                Incr(ns)  Path(ns)    Netlist Resource(s)
  -------------------------------------------------------------------    -------------------
    H13                                               0.000     0.000 r  in_TDATA[15] (IN)
                         net (fo=0)                   0.000     0.000    in_TDATA_IBUF[15]_inst/I
    H13                  INBUF (Prop_INBUF_HDIOB_M_PAD_O)
                                                      0.411     0.411 r  in_TDATA_IBUF[15]_inst/INBUF_INST/O
                         net (fo=1, routed)           0.000     0.411    in_TDATA_IBUF[15]_inst/OUT
    H13                  IBUFCTRL (Prop_IBUFCTRL_HDIOB_M_I_O)
                                                      0.000     0.411 r  in_TDATA_IBUF[15]_inst/IBUFCTRL_INST/O
                         net (fo=400, routed)         0.269     0.680    in_TDATA_IBUF[15]
    SLICE_X107Y285       FDRE                                         r  q_memory_reg[38][4]/D
  -------------------------------------------------------------------    -------------------

                         (clock ap_clk rise edge)     0.000     0.000 r  
    E11                                               0.000     0.000 r  ap_clk (IN)
                         net (fo=0)                   0.000     0.000    ap_clk_IBUF_inst/I
    E11                  INBUF (Prop_INBUF_HDIOB_M_PAD_O)
                                                      0.703     0.703 r  ap_clk_IBUF_inst/INBUF_INST/O
                         net (fo=1, routed)           0.000     0.703    ap_clk_IBUF_inst/OUT
    E11                  IBUFCTRL (Prop_IBUFCTRL_HDIOB_M_I_O)
                                                      0.000     0.703 r  ap_clk_IBUF_inst/IBUFCTRL_INST/O
                         net (fo=1, routed)           0.113     0.816    ap_clk_IBUF
    BUFGCE_HDIO_X0Y6     BUFGCE (Prop_BUFCE_BUFGCE_HDIO_I_O)
                                                      0.019     0.835 r  ap_clk_IBUF_BUFG_inst/O
    X4Y4 (CLOCK_ROOT)    net (fo=13233, routed)       1.050     1.885    ap_clk_IBUF_BUFG
    SLICE_X107Y285       FDRE                                         r  q_memory_reg[38][4]/C

Slack:                    inf
  Source:                 in_TDATA[30]
                            (input port)
  Destination:            i_memory_reg[115][5]/D
                            (rising edge-triggered cell FDRE clocked by ap_clk  {rise@0.000ns fall@0.500ns period=1.000ns})
  Path Group:             (none)
  Path Type:              Hold (Min at Fast Process Corner)
  Data Path Delay:        0.686ns  (logic 0.393ns (57.310%)  route 0.293ns (42.690%))
  Logic Levels:           2  (IBUFCTRL=1 INBUF=1)
  Clock Path Skew:        1.876ns (DCD - SCD - CPR)
    Destination Clock Delay (DCD):    1.876ns
    Source Clock Delay      (SCD):    0.000ns
    Clock Pessimism Removal (CPR):    -0.000ns
  Clock Net Delay (Destination): 1.041ns (routing 0.470ns, distribution 0.571ns)

    Location             Delay type                Incr(ns)  Path(ns)    Netlist Resource(s)
  -------------------------------------------------------------------    -------------------
    K15                                               0.000     0.000 r  in_TDATA[30] (IN)
                         net (fo=0)                   0.000     0.000    in_TDATA_IBUF[30]_inst/I
    K15                  INBUF (Prop_INBUF_HDIOB_M_PAD_O)
                                                      0.393     0.393 r  in_TDATA_IBUF[30]_inst/INBUF_INST/O
                         net (fo=1, routed)           0.000     0.393    in_TDATA_IBUF[30]_inst/OUT
    K15                  IBUFCTRL (Prop_IBUFCTRL_HDIOB_M_I_O)
                                                      0.000     0.393 r  in_TDATA_IBUF[30]_inst/IBUFCTRL_INST/O
                         net (fo=400, routed)         0.293     0.686    in_TDATA_IBUF[30]
    SLICE_X105Y263       FDRE                                         r  i_memory_reg[115][5]/D
  -------------------------------------------------------------------    -------------------

                         (clock ap_clk rise edge)     0.000     0.000 r  
    E11                                               0.000     0.000 r  ap_clk (IN)
                         net (fo=0)                   0.000     0.000    ap_clk_IBUF_inst/I
    E11                  INBUF (Prop_INBUF_HDIOB_M_PAD_O)
                                                      0.703     0.703 r  ap_clk_IBUF_inst/INBUF_INST/O
                         net (fo=1, routed)           0.000     0.703    ap_clk_IBUF_inst/OUT
    E11                  IBUFCTRL (Prop_IBUFCTRL_HDIOB_M_I_O)
                                                      0.000     0.703 r  ap_clk_IBUF_inst/IBUFCTRL_INST/O
                         net (fo=1, routed)           0.113     0.816    ap_clk_IBUF
    BUFGCE_HDIO_X0Y6     BUFGCE (Prop_BUFCE_BUFGCE_HDIO_I_O)
                                                      0.019     0.835 r  ap_clk_IBUF_BUFG_inst/O
    X4Y4 (CLOCK_ROOT)    net (fo=13233, routed)       1.041     1.876    ap_clk_IBUF_BUFG
    SLICE_X105Y263       FDRE                                         r  i_memory_reg[115][5]/C

Slack:                    inf
  Source:                 in_TDATA[28]
                            (input port)
  Destination:            i_memory_reg[65][3]/D
                            (rising edge-triggered cell FDRE clocked by ap_clk  {rise@0.000ns fall@0.500ns period=1.000ns})
  Path Group:             (none)
  Path Type:              Hold (Min at Fast Process Corner)
  Data Path Delay:        0.687ns  (logic 0.419ns (61.060%)  route 0.267ns (38.940%))
  Logic Levels:           2  (IBUFCTRL=1 INBUF=1)
  Clock Path Skew:        1.877ns (DCD - SCD - CPR)
    Destination Clock Delay (DCD):    1.877ns
    Source Clock Delay      (SCD):    0.000ns
    Clock Pessimism Removal (CPR):    -0.000ns
  Clock Net Delay (Destination): 1.042ns (routing 0.470ns, distribution 0.572ns)

    Location             Delay type                Incr(ns)  Path(ns)    Netlist Resource(s)
  -------------------------------------------------------------------    -------------------
    K17                                               0.000     0.000 r  in_TDATA[28] (IN)
                         net (fo=0)                   0.000     0.000    in_TDATA_IBUF[28]_inst/I
    K17                  INBUF (Prop_INBUF_HDIOB_M_PAD_O)
                                                      0.419     0.419 r  in_TDATA_IBUF[28]_inst/INBUF_INST/O
                         net (fo=1, routed)           0.000     0.419    in_TDATA_IBUF[28]_inst/OUT
    K17                  IBUFCTRL (Prop_IBUFCTRL_HDIOB_M_I_O)
                                                      0.000     0.419 r  in_TDATA_IBUF[28]_inst/IBUFCTRL_INST/O
                         net (fo=400, routed)         0.267     0.687    in_TDATA_IBUF[28]
    SLICE_X107Y272       FDRE                                         r  i_memory_reg[65][3]/D
  -------------------------------------------------------------------    -------------------

                         (clock ap_clk rise edge)     0.000     0.000 r  
    E11                                               0.000     0.000 r  ap_clk (IN)
                         net (fo=0)                   0.000     0.000    ap_clk_IBUF_inst/I
    E11                  INBUF (Prop_INBUF_HDIOB_M_PAD_O)
                                                      0.703     0.703 r  ap_clk_IBUF_inst/INBUF_INST/O
                         net (fo=1, routed)           0.000     0.703    ap_clk_IBUF_inst/OUT
    E11                  IBUFCTRL (Prop_IBUFCTRL_HDIOB_M_I_O)
                                                      0.000     0.703 r  ap_clk_IBUF_inst/IBUFCTRL_INST/O
                         net (fo=1, routed)           0.113     0.816    ap_clk_IBUF
    BUFGCE_HDIO_X0Y6     BUFGCE (Prop_BUFCE_BUFGCE_HDIO_I_O)
                                                      0.019     0.835 r  ap_clk_IBUF_BUFG_inst/O
    X4Y4 (CLOCK_ROOT)    net (fo=13233, routed)       1.042     1.877    ap_clk_IBUF_BUFG
    SLICE_X107Y272       FDRE                                         r  i_memory_reg[65][3]/C

Slack:                    inf
  Source:                 in_TDATA[15]
                            (input port)
  Destination:            q_memory_reg[37][4]/D
                            (rising edge-triggered cell FDRE clocked by ap_clk  {rise@0.000ns fall@0.500ns period=1.000ns})
  Path Group:             (none)
  Path Type:              Hold (Min at Fast Process Corner)
  Data Path Delay:        0.689ns  (logic 0.411ns (59.649%)  route 0.278ns (40.351%))
  Logic Levels:           2  (IBUFCTRL=1 INBUF=1)
  Clock Path Skew:        1.885ns (DCD - SCD - CPR)
    Destination Clock Delay (DCD):    1.885ns
    Source Clock Delay      (SCD):    0.000ns
    Clock Pessimism Removal (CPR):    -0.000ns
  Clock Net Delay (Destination): 1.050ns (routing 0.470ns, distribution 0.580ns)

    Location             Delay type                Incr(ns)  Path(ns)    Netlist Resource(s)
  -------------------------------------------------------------------    -------------------
    H13                                               0.000     0.000 r  in_TDATA[15] (IN)
                         net (fo=0)                   0.000     0.000    in_TDATA_IBUF[15]_inst/I
    H13                  INBUF (Prop_INBUF_HDIOB_M_PAD_O)
                                                      0.411     0.411 r  in_TDATA_IBUF[15]_inst/INBUF_INST/O
                         net (fo=1, routed)           0.000     0.411    in_TDATA_IBUF[15]_inst/OUT
    H13                  IBUFCTRL (Prop_IBUFCTRL_HDIOB_M_I_O)
                                                      0.000     0.411 r  in_TDATA_IBUF[15]_inst/IBUFCTRL_INST/O
                         net (fo=400, routed)         0.278     0.689    in_TDATA_IBUF[15]
    SLICE_X107Y285       FDRE                                         r  q_memory_reg[37][4]/D
  -------------------------------------------------------------------    -------------------

                         (clock ap_clk rise edge)     0.000     0.000 r  
    E11                                               0.000     0.000 r  ap_clk (IN)
                         net (fo=0)                   0.000     0.000    ap_clk_IBUF_inst/I
    E11                  INBUF (Prop_INBUF_HDIOB_M_PAD_O)
                                                      0.703     0.703 r  ap_clk_IBUF_inst/INBUF_INST/O
                         net (fo=1, routed)           0.000     0.703    ap_clk_IBUF_inst/OUT
    E11                  IBUFCTRL (Prop_IBUFCTRL_HDIOB_M_I_O)
                                                      0.000     0.703 r  ap_clk_IBUF_inst/IBUFCTRL_INST/O
                         net (fo=1, routed)           0.113     0.816    ap_clk_IBUF
    BUFGCE_HDIO_X0Y6     BUFGCE (Prop_BUFCE_BUFGCE_HDIO_I_O)
                                                      0.019     0.835 r  ap_clk_IBUF_BUFG_inst/O
    X4Y4 (CLOCK_ROOT)    net (fo=13233, routed)       1.050     1.885    ap_clk_IBUF_BUFG
    SLICE_X107Y285       FDRE                                         r  q_memory_reg[37][4]/C





