Copyright 1986-2022 Xilinx, Inc. All Rights Reserved.
-----------------------------------------------------------------------------------------------------------------------------------------------------------------------------------------------------------------------------------------------------------------
| Tool Version      : Vivado v.2022.2 (lin64) Build 3671981 Fri Oct 14 04:59:54 MDT 2022
| Date              : Tue May 12 13:18:17 2026
| Host              : en4228283l running 64-bit Ubuntu 22.04.5 LTS
| Command           : report_timing_summary -max_paths 10 -report_unconstrained -file nn_classifier_wrapper_timing_summary_routed.rpt -pb nn_classifier_wrapper_timing_summary_routed.pb -rpx nn_classifier_wrapper_timing_summary_routed.rpx -warn_on_violation
| Design            : nn_classifier_wrapper
| Device            : xczu49dr-ffvf1760
| Speed File        : -2  PRODUCTION 1.32 01-31-2021
| Temperature Grade : E
-----------------------------------------------------------------------------------------------------------------------------------------------------------------------------------------------------------------------------------------------------------------

Timing Summary Report

------------------------------------------------------------------------------------------------
| Timer Settings
| --------------
------------------------------------------------------------------------------------------------

  Enable Multi Corner Analysis               :  Yes
  Enable Pessimism Removal                   :  Yes
  Pessimism Removal Resolution               :  Nearest Common Node
  Enable Input Delay Default Clock           :  No
  Enable Preset / Clear Arcs                 :  No
  Disable Flight Delays                      :  No
  Ignore I/O Paths                           :  No
  Timing Early Launch at Borrowing Latches   :  No
  Borrow Time for Max Delay Exceptions       :  Yes
  Merge Timing Exceptions                    :  Yes

  Corner  Analyze    Analyze    
  Name    Max Paths  Min Paths  
  ------  ---------  ---------  
  Slow    Yes        Yes        
  Fast    Yes        Yes        


------------------------------------------------------------------------------------------------
| Report Methodology
| ------------------
------------------------------------------------------------------------------------------------

Rule       Severity  Description                    Violations  
---------  --------  -----------------------------  ----------  
TIMING-18  Warning   Missing input or output delay  51          

Note: This report is based on the most recent report_methodology run and may not be up-to-date. Run report_methodology on the current design for the latest report.



check_timing report

Table of Contents
-----------------
1. checking no_clock (0)
2. checking constant_clock (0)
3. checking pulse_width_clock (0)
4. checking unconstrained_internal_endpoints (0)
5. checking no_input_delay (13)
6. checking no_output_delay (16)
7. checking multiple_clock (0)
8. checking generated_clocks (0)
9. checking loops (0)
10. checking partial_input_delay (0)
11. checking partial_output_delay (0)
12. checking latch_loops (0)

1. checking no_clock (0)
------------------------
 There are 0 register/latch pins with no clock.


2. checking constant_clock (0)
------------------------------
 There are 0 register/latch pins with constant_clock.


3. checking pulse_width_clock (0)
---------------------------------
 There are 0 register/latch pins which need pulse_width check


4. checking unconstrained_internal_endpoints (0)
------------------------------------------------
 There are 0 pins that are not constrained for maximum delay.

 There are 0 pins that are not constrained for maximum delay due to constant clock.


5. checking no_input_delay (13)
-------------------------------
 There are 13 input ports with no input delay specified. (HIGH)

 There are 0 input ports with no input delay but user has a false path constraint.


6. checking no_output_delay (16)
--------------------------------
 There are 16 ports with no output delay specified. (HIGH)

 There are 0 ports with no output delay but user has a false path constraint

 There are 0 ports with no output delay but with a timing clock defined on it or propagating through it


7. checking multiple_clock (0)
------------------------------
 There are 0 register/latch pins with multiple clocks.


8. checking generated_clocks (0)
--------------------------------
 There are 0 generated clocks that are not connected to a clock source.


9. checking loops (0)
---------------------
 There are 0 combinational loops in the design.


10. checking partial_input_delay (0)
------------------------------------
 There are 0 input ports with partial input delay specified.


11. checking partial_output_delay (0)
-------------------------------------
 There are 0 ports with partial output delay specified.


12. checking latch_loops (0)
----------------------------
 There are 0 combinational latch loops in the design through latch input



------------------------------------------------------------------------------------------------
| Design Timing Summary
| ---------------------
------------------------------------------------------------------------------------------------

    WNS(ns)      TNS(ns)  TNS Failing Endpoints  TNS Total Endpoints      WHS(ns)      THS(ns)  THS Failing Endpoints  THS Total Endpoints     WPWS(ns)     TPWS(ns)  TPWS Failing Endpoints  TPWS Total Endpoints  
    -------      -------  ---------------------  -------------------      -------      -------  ---------------------  -------------------     --------     --------  ----------------------  --------------------  
     -0.567    -1528.746                   5003                 9738        0.016        0.000                      0                 9738       -0.290       -1.442                      19                  9699  


Timing constraints are not met.


------------------------------------------------------------------------------------------------
| Clock Summary
| -------------
------------------------------------------------------------------------------------------------

Clock   Waveform(ns)         Period(ns)      Frequency(MHz)
-----   ------------         ----------      --------------
ap_clk  {0.000 0.500}        1.000           1000.000        


------------------------------------------------------------------------------------------------
| Intra Clock Table
| -----------------
------------------------------------------------------------------------------------------------

Clock             WNS(ns)      TNS(ns)  TNS Failing Endpoints  TNS Total Endpoints      WHS(ns)      THS(ns)  THS Failing Endpoints  THS Total Endpoints     WPWS(ns)     TPWS(ns)  TPWS Failing Endpoints  TPWS Total Endpoints  
-----             -------      -------  ---------------------  -------------------      -------      -------  ---------------------  -------------------     --------     --------  ----------------------  --------------------  
ap_clk             -0.567    -1528.746                   5003                 9738        0.016        0.000                      0                 9738       -0.290       -1.442                      19                  9699  


------------------------------------------------------------------------------------------------
| Inter Clock Table
| -----------------
------------------------------------------------------------------------------------------------

From Clock    To Clock          WNS(ns)      TNS(ns)  TNS Failing Endpoints  TNS Total Endpoints      WHS(ns)      THS(ns)  THS Failing Endpoints  THS Total Endpoints  
----------    --------          -------      -------  ---------------------  -------------------      -------      -------  ---------------------  -------------------  


------------------------------------------------------------------------------------------------
| Other Path Groups Table
| -----------------------
------------------------------------------------------------------------------------------------

Path Group    From Clock    To Clock          WNS(ns)      TNS(ns)  TNS Failing Endpoints  TNS Total Endpoints      WHS(ns)      THS(ns)  THS Failing Endpoints  THS Total Endpoints  
----------    ----------    --------          -------      -------  ---------------------  -------------------      -------      -------  ---------------------  -------------------  


------------------------------------------------------------------------------------------------
| User Ignored Path Table
| -----------------------
------------------------------------------------------------------------------------------------

Path Group    From Clock    To Clock    
----------    ----------    --------    


------------------------------------------------------------------------------------------------
| Unconstrained Path Table
| ------------------------
------------------------------------------------------------------------------------------------

Path Group    From Clock    To Clock    
----------    ----------    --------    
(none)        ap_clk                      
(none)                      ap_clk        


------------------------------------------------------------------------------------------------
| Timing Details
| --------------
------------------------------------------------------------------------------------------------


---------------------------------------------------------------------------------------------------
From Clock:  ap_clk
  To Clock:  ap_clk

Setup :         5003  Failing Endpoints,  Worst Slack       -0.567ns,  Total Violation    -1528.746ns
Hold  :            0  Failing Endpoints,  Worst Slack        0.016ns,  Total Violation        0.000ns
PW    :           19  Failing Endpoints,  Worst Slack       -0.290ns,  Total Violation       -1.442ns
---------------------------------------------------------------------------------------------------


Max Delay Paths
--------------------------------------------------------------------------------------
Slack (VIOLATED) :        -0.567ns  (required time - arrival time)
  Source:                 load_count_reg[3]_replica/C
                            (rising edge-triggered cell FDCE clocked by ap_clk  {rise@0.000ns fall@0.500ns period=1.000ns})
  Destination:            i_memory_reg[39][0]/CE
                            (rising edge-triggered cell FDRE clocked by ap_clk  {rise@0.000ns fall@0.500ns period=1.000ns})
  Path Group:             ap_clk
  Path Type:              Setup (Max at Slow Process Corner)
  Requirement:            1.000ns  (ap_clk rise@1.000ns - ap_clk rise@0.000ns)
  Data Path Delay:        1.412ns  (logic 0.324ns (22.943%)  route 1.088ns (77.057%))
  Logic Levels:           2  (LUT4=1 LUT6=1)
  Clock Path Skew:        -0.058ns (DCD - SCD + CPR)
    Destination Clock Delay (DCD):    2.298ns = ( 3.298 - 1.000 ) 
    Source Clock Delay      (SCD):    3.017ns
    Clock Pessimism Removal (CPR):    0.661ns
  Clock Uncertainty:      0.035ns  ((TSJ^2 + TIJ^2)^1/2 + DJ) / 2 + PE
    Total System Jitter     (TSJ):    0.071ns
    Total Input Jitter      (TIJ):    0.000ns
    Discrete Jitter          (DJ):    0.000ns
    Phase Error              (PE):    0.000ns
  Clock Net Delay (Source):      1.699ns (routing 0.760ns, distribution 0.939ns)
  Clock Net Delay (Destination): 1.527ns (routing 0.691ns, distribution 0.836ns)

    Location             Delay type                Incr(ns)  Path(ns)    Netlist Resource(s)
  -------------------------------------------------------------------    -------------------
                         (clock ap_clk rise edge)     0.000     0.000 r  
    K17                                               0.000     0.000 r  ap_clk (IN)
                         net (fo=0)                   0.000     0.000    ap_clk_IBUF_inst/I
    K17                  INBUF (Prop_INBUF_HDIOB_M_PAD_O)
                                                      1.086     1.086 r  ap_clk_IBUF_inst/INBUF_INST/O
                         net (fo=1, routed)           0.000     1.086    ap_clk_IBUF_inst/OUT
    K17                  IBUFCTRL (Prop_IBUFCTRL_HDIOB_M_I_O)
                                                      0.000     1.086 r  ap_clk_IBUF_inst/IBUFCTRL_INST/O
                         net (fo=1, routed)           0.204     1.290    ap_clk_IBUF
    BUFGCE_HDIO_X0Y4     BUFGCE (Prop_BUFCE_BUFGCE_HDIO_I_O)
                                                      0.028     1.318 r  ap_clk_IBUF_BUFG_inst/O
    X4Y3 (CLOCK_ROOT)    net (fo=9698, routed)        1.699     3.017    ap_clk_IBUF_BUFG
    SLICE_X107Y271       FDCE                                         r  load_count_reg[3]_replica/C
  -------------------------------------------------------------------    -------------------
    SLICE_X107Y271       FDCE (Prop_FFF_SLICEM_C_Q)
                                                      0.076     3.093 f  load_count_reg[3]_replica/Q
                         net (fo=40, routed)          0.440     3.533    load_count[3]_repN
    SLICE_X107Y263       LUT6 (Prop_A6LUT_SLICEM_I5_O)
                                                      0.125     3.658 r  i_memory[36][4]_i_2/O
                         net (fo=8, routed)           0.228     3.886    i_memory[36][4]_i_2_n_0
    SLICE_X107Y256       LUT4 (Prop_F6LUT_SLICEM_I0_O)
                                                      0.123     4.009 r  i_memory[39][4]_i_1/O
                         net (fo=10, routed)          0.420     4.429    i_memory[39][4]_i_1_n_0
    SLICE_X107Y252       FDRE                                         r  i_memory_reg[39][0]/CE
  -------------------------------------------------------------------    -------------------

                         (clock ap_clk rise edge)     1.000     1.000 r  
    K17                                               0.000     1.000 r  ap_clk (IN)
                         net (fo=0)                   0.000     1.000    ap_clk_IBUF_inst/I
    K17                  INBUF (Prop_INBUF_HDIOB_M_PAD_O)
                                                      0.578     1.578 r  ap_clk_IBUF_inst/INBUF_INST/O
                         net (fo=1, routed)           0.000     1.578    ap_clk_IBUF_inst/OUT
    K17                  IBUFCTRL (Prop_IBUFCTRL_HDIOB_M_I_O)
                                                      0.000     1.578 r  ap_clk_IBUF_inst/IBUFCTRL_INST/O
                         net (fo=1, routed)           0.169     1.747    ap_clk_IBUF
    BUFGCE_HDIO_X0Y4     BUFGCE (Prop_BUFCE_BUFGCE_HDIO_I_O)
                                                      0.024     1.771 r  ap_clk_IBUF_BUFG_inst/O
    X4Y3 (CLOCK_ROOT)    net (fo=9698, routed)        1.527     3.298    ap_clk_IBUF_BUFG
    SLICE_X107Y252       FDRE                                         r  i_memory_reg[39][0]/C
                         clock pessimism              0.661     3.959    
                         clock uncertainty           -0.035     3.924    
    SLICE_X107Y252       FDRE (Setup_AFF_SLICEM_C_CE)
                                                     -0.061     3.863    i_memory_reg[39][0]
  -------------------------------------------------------------------
                         required time                          3.863    
                         arrival time                          -4.429    
  -------------------------------------------------------------------
                         slack                                 -0.567    

Slack (VIOLATED) :        -0.567ns  (required time - arrival time)
  Source:                 load_count_reg[3]_replica/C
                            (rising edge-triggered cell FDCE clocked by ap_clk  {rise@0.000ns fall@0.500ns period=1.000ns})
  Destination:            i_memory_reg[39][2]/CE
                            (rising edge-triggered cell FDRE clocked by ap_clk  {rise@0.000ns fall@0.500ns period=1.000ns})
  Path Group:             ap_clk
  Path Type:              Setup (Max at Slow Process Corner)
  Requirement:            1.000ns  (ap_clk rise@1.000ns - ap_clk rise@0.000ns)
  Data Path Delay:        1.412ns  (logic 0.324ns (22.943%)  route 1.088ns (77.057%))
  Logic Levels:           2  (LUT4=1 LUT6=1)
  Clock Path Skew:        -0.058ns (DCD - SCD + CPR)
    Destination Clock Delay (DCD):    2.298ns = ( 3.298 - 1.000 ) 
    Source Clock Delay      (SCD):    3.017ns
    Clock Pessimism Removal (CPR):    0.661ns
  Clock Uncertainty:      0.035ns  ((TSJ^2 + TIJ^2)^1/2 + DJ) / 2 + PE
    Total System Jitter     (TSJ):    0.071ns
    Total Input Jitter      (TIJ):    0.000ns
    Discrete Jitter          (DJ):    0.000ns
    Phase Error              (PE):    0.000ns
  Clock Net Delay (Source):      1.699ns (routing 0.760ns, distribution 0.939ns)
  Clock Net Delay (Destination): 1.527ns (routing 0.691ns, distribution 0.836ns)

    Location             Delay type                Incr(ns)  Path(ns)    Netlist Resource(s)
  -------------------------------------------------------------------    -------------------
                         (clock ap_clk rise edge)     0.000     0.000 r  
    K17                                               0.000     0.000 r  ap_clk (IN)
                         net (fo=0)                   0.000     0.000    ap_clk_IBUF_inst/I
    K17                  INBUF (Prop_INBUF_HDIOB_M_PAD_O)
                                                      1.086     1.086 r  ap_clk_IBUF_inst/INBUF_INST/O
                         net (fo=1, routed)           0.000     1.086    ap_clk_IBUF_inst/OUT
    K17                  IBUFCTRL (Prop_IBUFCTRL_HDIOB_M_I_O)
                                                      0.000     1.086 r  ap_clk_IBUF_inst/IBUFCTRL_INST/O
                         net (fo=1, routed)           0.204     1.290    ap_clk_IBUF
    BUFGCE_HDIO_X0Y4     BUFGCE (Prop_BUFCE_BUFGCE_HDIO_I_O)
                                                      0.028     1.318 r  ap_clk_IBUF_BUFG_inst/O
    X4Y3 (CLOCK_ROOT)    net (fo=9698, routed)        1.699     3.017    ap_clk_IBUF_BUFG
    SLICE_X107Y271       FDCE                                         r  load_count_reg[3]_replica/C
  -------------------------------------------------------------------    -------------------
    SLICE_X107Y271       FDCE (Prop_FFF_SLICEM_C_Q)
                                                      0.076     3.093 f  load_count_reg[3]_replica/Q
                         net (fo=40, routed)          0.440     3.533    load_count[3]_repN
    SLICE_X107Y263       LUT6 (Prop_A6LUT_SLICEM_I5_O)
                                                      0.125     3.658 r  i_memory[36][4]_i_2/O
                         net (fo=8, routed)           0.228     3.886    i_memory[36][4]_i_2_n_0
    SLICE_X107Y256       LUT4 (Prop_F6LUT_SLICEM_I0_O)
                                                      0.123     4.009 r  i_memory[39][4]_i_1/O
                         net (fo=10, routed)          0.420     4.429    i_memory[39][4]_i_1_n_0
    SLICE_X107Y252       FDRE                                         r  i_memory_reg[39][2]/CE
  -------------------------------------------------------------------    -------------------

                         (clock ap_clk rise edge)     1.000     1.000 r  
    K17                                               0.000     1.000 r  ap_clk (IN)
                         net (fo=0)                   0.000     1.000    ap_clk_IBUF_inst/I
    K17                  INBUF (Prop_INBUF_HDIOB_M_PAD_O)
                                                      0.578     1.578 r  ap_clk_IBUF_inst/INBUF_INST/O
                         net (fo=1, routed)           0.000     1.578    ap_clk_IBUF_inst/OUT
    K17                  IBUFCTRL (Prop_IBUFCTRL_HDIOB_M_I_O)
                                                      0.000     1.578 r  ap_clk_IBUF_inst/IBUFCTRL_INST/O
                         net (fo=1, routed)           0.169     1.747    ap_clk_IBUF
    BUFGCE_HDIO_X0Y4     BUFGCE (Prop_BUFCE_BUFGCE_HDIO_I_O)
                                                      0.024     1.771 r  ap_clk_IBUF_BUFG_inst/O
    X4Y3 (CLOCK_ROOT)    net (fo=9698, routed)        1.527     3.298    ap_clk_IBUF_BUFG
    SLICE_X107Y252       FDRE                                         r  i_memory_reg[39][2]/C
                         clock pessimism              0.661     3.959    
                         clock uncertainty           -0.035     3.924    
    SLICE_X107Y252       FDRE (Setup_BFF_SLICEM_C_CE)
                                                     -0.061     3.863    i_memory_reg[39][2]
  -------------------------------------------------------------------
                         required time                          3.863    
                         arrival time                          -4.429    
  -------------------------------------------------------------------
                         slack                                 -0.567    

Slack (VIOLATED) :        -0.567ns  (required time - arrival time)
  Source:                 load_count_reg[3]_replica/C
                            (rising edge-triggered cell FDCE clocked by ap_clk  {rise@0.000ns fall@0.500ns period=1.000ns})
  Destination:            q_memory_reg[39][1]/CE
                            (rising edge-triggered cell FDRE clocked by ap_clk  {rise@0.000ns fall@0.500ns period=1.000ns})
  Path Group:             ap_clk
  Path Type:              Setup (Max at Slow Process Corner)
  Requirement:            1.000ns  (ap_clk rise@1.000ns - ap_clk rise@0.000ns)
  Data Path Delay:        1.412ns  (logic 0.324ns (22.943%)  route 1.088ns (77.057%))
  Logic Levels:           2  (LUT4=1 LUT6=1)
  Clock Path Skew:        -0.058ns (DCD - SCD + CPR)
    Destination Clock Delay (DCD):    2.298ns = ( 3.298 - 1.000 ) 
    Source Clock Delay      (SCD):    3.017ns
    Clock Pessimism Removal (CPR):    0.661ns
  Clock Uncertainty:      0.035ns  ((TSJ^2 + TIJ^2)^1/2 + DJ) / 2 + PE
    Total System Jitter     (TSJ):    0.071ns
    Total Input Jitter      (TIJ):    0.000ns
    Discrete Jitter          (DJ):    0.000ns
    Phase Error              (PE):    0.000ns
  Clock Net Delay (Source):      1.699ns (routing 0.760ns, distribution 0.939ns)
  Clock Net Delay (Destination): 1.527ns (routing 0.691ns, distribution 0.836ns)

    Location             Delay type                Incr(ns)  Path(ns)    Netlist Resource(s)
  -------------------------------------------------------------------    -------------------
                         (clock ap_clk rise edge)     0.000     0.000 r  
    K17                                               0.000     0.000 r  ap_clk (IN)
                         net (fo=0)                   0.000     0.000    ap_clk_IBUF_inst/I
    K17                  INBUF (Prop_INBUF_HDIOB_M_PAD_O)
                                                      1.086     1.086 r  ap_clk_IBUF_inst/INBUF_INST/O
                         net (fo=1, routed)           0.000     1.086    ap_clk_IBUF_inst/OUT
    K17                  IBUFCTRL (Prop_IBUFCTRL_HDIOB_M_I_O)
                                                      0.000     1.086 r  ap_clk_IBUF_inst/IBUFCTRL_INST/O
                         net (fo=1, routed)           0.204     1.290    ap_clk_IBUF
    BUFGCE_HDIO_X0Y4     BUFGCE (Prop_BUFCE_BUFGCE_HDIO_I_O)
                                                      0.028     1.318 r  ap_clk_IBUF_BUFG_inst/O
    X4Y3 (CLOCK_ROOT)    net (fo=9698, routed)        1.699     3.017    ap_clk_IBUF_BUFG
    SLICE_X107Y271       FDCE                                         r  load_count_reg[3]_replica/C
  -------------------------------------------------------------------    -------------------
    SLICE_X107Y271       FDCE (Prop_FFF_SLICEM_C_Q)
                                                      0.076     3.093 f  load_count_reg[3]_replica/Q
                         net (fo=40, routed)          0.440     3.533    load_count[3]_repN
    SLICE_X107Y263       LUT6 (Prop_A6LUT_SLICEM_I5_O)
                                                      0.125     3.658 r  i_memory[36][4]_i_2/O
                         net (fo=8, routed)           0.228     3.886    i_memory[36][4]_i_2_n_0
    SLICE_X107Y256       LUT4 (Prop_F6LUT_SLICEM_I0_O)
                                                      0.123     4.009 r  i_memory[39][4]_i_1/O
                         net (fo=10, routed)          0.420     4.429    i_memory[39][4]_i_1_n_0
    SLICE_X107Y252       FDRE                                         r  q_memory_reg[39][1]/CE
  -------------------------------------------------------------------    -------------------

                         (clock ap_clk rise edge)     1.000     1.000 r  
    K17                                               0.000     1.000 r  ap_clk (IN)
                         net (fo=0)                   0.000     1.000    ap_clk_IBUF_inst/I
    K17                  INBUF (Prop_INBUF_HDIOB_M_PAD_O)
                                                      0.578     1.578 r  ap_clk_IBUF_inst/INBUF_INST/O
                         net (fo=1, routed)           0.000     1.578    ap_clk_IBUF_inst/OUT
    K17                  IBUFCTRL (Prop_IBUFCTRL_HDIOB_M_I_O)
                                                      0.000     1.578 r  ap_clk_IBUF_inst/IBUFCTRL_INST/O
                         net (fo=1, routed)           0.169     1.747    ap_clk_IBUF
    BUFGCE_HDIO_X0Y4     BUFGCE (Prop_BUFCE_BUFGCE_HDIO_I_O)
                                                      0.024     1.771 r  ap_clk_IBUF_BUFG_inst/O
    X4Y3 (CLOCK_ROOT)    net (fo=9698, routed)        1.527     3.298    ap_clk_IBUF_BUFG
    SLICE_X107Y252       FDRE                                         r  q_memory_reg[39][1]/C
                         clock pessimism              0.661     3.959    
                         clock uncertainty           -0.035     3.924    
    SLICE_X107Y252       FDRE (Setup_CFF_SLICEM_C_CE)
                                                     -0.061     3.863    q_memory_reg[39][1]
  -------------------------------------------------------------------
                         required time                          3.863    
                         arrival time                          -4.429    
  -------------------------------------------------------------------
                         slack                                 -0.567    

Slack (VIOLATED) :        -0.567ns  (required time - arrival time)
  Source:                 load_count_reg[3]_replica/C
                            (rising edge-triggered cell FDCE clocked by ap_clk  {rise@0.000ns fall@0.500ns period=1.000ns})
  Destination:            q_memory_reg[39][3]/CE
                            (rising edge-triggered cell FDRE clocked by ap_clk  {rise@0.000ns fall@0.500ns period=1.000ns})
  Path Group:             ap_clk
  Path Type:              Setup (Max at Slow Process Corner)
  Requirement:            1.000ns  (ap_clk rise@1.000ns - ap_clk rise@0.000ns)
  Data Path Delay:        1.412ns  (logic 0.324ns (22.943%)  route 1.088ns (77.057%))
  Logic Levels:           2  (LUT4=1 LUT6=1)
  Clock Path Skew:        -0.058ns (DCD - SCD + CPR)
    Destination Clock Delay (DCD):    2.298ns = ( 3.298 - 1.000 ) 
    Source Clock Delay      (SCD):    3.017ns
    Clock Pessimism Removal (CPR):    0.661ns
  Clock Uncertainty:      0.035ns  ((TSJ^2 + TIJ^2)^1/2 + DJ) / 2 + PE
    Total System Jitter     (TSJ):    0.071ns
    Total Input Jitter      (TIJ):    0.000ns
    Discrete Jitter          (DJ):    0.000ns
    Phase Error              (PE):    0.000ns
  Clock Net Delay (Source):      1.699ns (routing 0.760ns, distribution 0.939ns)
  Clock Net Delay (Destination): 1.527ns (routing 0.691ns, distribution 0.836ns)

    Location             Delay type                Incr(ns)  Path(ns)    Netlist Resource(s)
  -------------------------------------------------------------------    -------------------
                         (clock ap_clk rise edge)     0.000     0.000 r  
    K17                                               0.000     0.000 r  ap_clk (IN)
                         net (fo=0)                   0.000     0.000    ap_clk_IBUF_inst/I
    K17                  INBUF (Prop_INBUF_HDIOB_M_PAD_O)
                                                      1.086     1.086 r  ap_clk_IBUF_inst/INBUF_INST/O
                         net (fo=1, routed)           0.000     1.086    ap_clk_IBUF_inst/OUT
    K17                  IBUFCTRL (Prop_IBUFCTRL_HDIOB_M_I_O)
                                                      0.000     1.086 r  ap_clk_IBUF_inst/IBUFCTRL_INST/O
                         net (fo=1, routed)           0.204     1.290    ap_clk_IBUF
    BUFGCE_HDIO_X0Y4     BUFGCE (Prop_BUFCE_BUFGCE_HDIO_I_O)
                                                      0.028     1.318 r  ap_clk_IBUF_BUFG_inst/O
    X4Y3 (CLOCK_ROOT)    net (fo=9698, routed)        1.699     3.017    ap_clk_IBUF_BUFG
    SLICE_X107Y271       FDCE                                         r  load_count_reg[3]_replica/C
  -------------------------------------------------------------------    -------------------
    SLICE_X107Y271       FDCE (Prop_FFF_SLICEM_C_Q)
                                                      0.076     3.093 f  load_count_reg[3]_replica/Q
                         net (fo=40, routed)          0.440     3.533    load_count[3]_repN
    SLICE_X107Y263       LUT6 (Prop_A6LUT_SLICEM_I5_O)
                                                      0.125     3.658 r  i_memory[36][4]_i_2/O
                         net (fo=8, routed)           0.228     3.886    i_memory[36][4]_i_2_n_0
    SLICE_X107Y256       LUT4 (Prop_F6LUT_SLICEM_I0_O)
                                                      0.123     4.009 r  i_memory[39][4]_i_1/O
                         net (fo=10, routed)          0.420     4.429    i_memory[39][4]_i_1_n_0
    SLICE_X107Y252       FDRE                                         r  q_memory_reg[39][3]/CE
  -------------------------------------------------------------------    -------------------

                         (clock ap_clk rise edge)     1.000     1.000 r  
    K17                                               0.000     1.000 r  ap_clk (IN)
                         net (fo=0)                   0.000     1.000    ap_clk_IBUF_inst/I
    K17                  INBUF (Prop_INBUF_HDIOB_M_PAD_O)
                                                      0.578     1.578 r  ap_clk_IBUF_inst/INBUF_INST/O
                         net (fo=1, routed)           0.000     1.578    ap_clk_IBUF_inst/OUT
    K17                  IBUFCTRL (Prop_IBUFCTRL_HDIOB_M_I_O)
                                                      0.000     1.578 r  ap_clk_IBUF_inst/IBUFCTRL_INST/O
                         net (fo=1, routed)           0.169     1.747    ap_clk_IBUF
    BUFGCE_HDIO_X0Y4     BUFGCE (Prop_BUFCE_BUFGCE_HDIO_I_O)
                                                      0.024     1.771 r  ap_clk_IBUF_BUFG_inst/O
    X4Y3 (CLOCK_ROOT)    net (fo=9698, routed)        1.527     3.298    ap_clk_IBUF_BUFG
    SLICE_X107Y252       FDRE                                         r  q_memory_reg[39][3]/C
                         clock pessimism              0.661     3.959    
                         clock uncertainty           -0.035     3.924    
    SLICE_X107Y252       FDRE (Setup_DFF_SLICEM_C_CE)
                                                     -0.061     3.863    q_memory_reg[39][3]
  -------------------------------------------------------------------
                         required time                          3.863    
                         arrival time                          -4.429    
  -------------------------------------------------------------------
                         slack                                 -0.567    

Slack (VIOLATED) :        -0.566ns  (required time - arrival time)
  Source:                 load_count_reg[7]/C
                            (rising edge-triggered cell FDCE clocked by ap_clk  {rise@0.000ns fall@0.500ns period=1.000ns})
  Destination:            q_memory_reg[346][3]/CE
                            (rising edge-triggered cell FDRE clocked by ap_clk  {rise@0.000ns fall@0.500ns period=1.000ns})
  Path Group:             ap_clk
  Path Type:              Setup (Max at Slow Process Corner)
  Requirement:            1.000ns  (ap_clk rise@1.000ns - ap_clk rise@0.000ns)
  Data Path Delay:        1.462ns  (logic 0.326ns (22.298%)  route 1.136ns (77.702%))
  Logic Levels:           2  (LUT4=1 LUT6=1)
  Clock Path Skew:        -0.008ns (DCD - SCD + CPR)
    Destination Clock Delay (DCD):    2.357ns = ( 3.357 - 1.000 ) 
    Source Clock Delay      (SCD):    3.026ns
    Clock Pessimism Removal (CPR):    0.661ns
  Clock Uncertainty:      0.035ns  ((TSJ^2 + TIJ^2)^1/2 + DJ) / 2 + PE
    Total System Jitter     (TSJ):    0.071ns
    Total Input Jitter      (TIJ):    0.000ns
    Discrete Jitter          (DJ):    0.000ns
    Phase Error              (PE):    0.000ns
  Clock Net Delay (Source):      1.708ns (routing 0.760ns, distribution 0.948ns)
  Clock Net Delay (Destination): 1.586ns (routing 0.691ns, distribution 0.895ns)

    Location             Delay type                Incr(ns)  Path(ns)    Netlist Resource(s)
  -------------------------------------------------------------------    -------------------
                         (clock ap_clk rise edge)     0.000     0.000 r  
    K17                                               0.000     0.000 r  ap_clk (IN)
                         net (fo=0)                   0.000     0.000    ap_clk_IBUF_inst/I
    K17                  INBUF (Prop_INBUF_HDIOB_M_PAD_O)
                                                      1.086     1.086 r  ap_clk_IBUF_inst/INBUF_INST/O
                         net (fo=1, routed)           0.000     1.086    ap_clk_IBUF_inst/OUT
    K17                  IBUFCTRL (Prop_IBUFCTRL_HDIOB_M_I_O)
                                                      0.000     1.086 r  ap_clk_IBUF_inst/IBUFCTRL_INST/O
                         net (fo=1, routed)           0.204     1.290    ap_clk_IBUF
    BUFGCE_HDIO_X0Y4     BUFGCE (Prop_BUFCE_BUFGCE_HDIO_I_O)
                                                      0.028     1.318 r  ap_clk_IBUF_BUFG_inst/O
    X4Y3 (CLOCK_ROOT)    net (fo=9698, routed)        1.708     3.026    ap_clk_IBUF_BUFG
    SLICE_X107Y269       FDCE                                         r  load_count_reg[7]/C
  -------------------------------------------------------------------    -------------------
    SLICE_X107Y269       FDCE (Prop_DFF_SLICEM_C_Q)
                                                      0.078     3.104 f  load_count_reg[7]/Q
                         net (fo=7, routed)           0.120     3.225    load_count[7]
    SLICE_X107Y268       LUT6 (Prop_H6LUT_SLICEM_I5_O)
                                                      0.125     3.350 r  i_memory[0][4]_i_3/O
                         net (fo=256, routed)         0.655     4.005    i_memory[0][4]_i_3_n_0
    SLICE_X110Y271       LUT4 (Prop_F6LUT_SLICEM_I2_O)
                                                      0.123     4.128 r  i_memory[346][4]_i_1/O
                         net (fo=10, routed)          0.360     4.488    i_memory[346][4]_i_1_n_0
    SLICE_X113Y273       FDRE                                         r  q_memory_reg[346][3]/CE
  -------------------------------------------------------------------    -------------------

                         (clock ap_clk rise edge)     1.000     1.000 r  
    K17                                               0.000     1.000 r  ap_clk (IN)
                         net (fo=0)                   0.000     1.000    ap_clk_IBUF_inst/I
    K17                  INBUF (Prop_INBUF_HDIOB_M_PAD_O)
                                                      0.578     1.578 r  ap_clk_IBUF_inst/INBUF_INST/O
                         net (fo=1, routed)           0.000     1.578    ap_clk_IBUF_inst/OUT
    K17                  IBUFCTRL (Prop_IBUFCTRL_HDIOB_M_I_O)
                                                      0.000     1.578 r  ap_clk_IBUF_inst/IBUFCTRL_INST/O
                         net (fo=1, routed)           0.169     1.747    ap_clk_IBUF
    BUFGCE_HDIO_X0Y4     BUFGCE (Prop_BUFCE_BUFGCE_HDIO_I_O)
                                                      0.024     1.771 r  ap_clk_IBUF_BUFG_inst/O
    X4Y3 (CLOCK_ROOT)    net (fo=9698, routed)        1.586     3.357    ap_clk_IBUF_BUFG
    SLICE_X113Y273       FDRE                                         r  q_memory_reg[346][3]/C
                         clock pessimism              0.661     4.018    
                         clock uncertainty           -0.035     3.982    
    SLICE_X113Y273       FDRE (Setup_DFF2_SLICEM_C_CE)
                                                     -0.060     3.922    q_memory_reg[346][3]
  -------------------------------------------------------------------
                         required time                          3.922    
                         arrival time                          -4.488    
  -------------------------------------------------------------------
                         slack                                 -0.566    

Slack (VIOLATED) :        -0.566ns  (required time - arrival time)
  Source:                 load_count_reg[7]/C
                            (rising edge-triggered cell FDCE clocked by ap_clk  {rise@0.000ns fall@0.500ns period=1.000ns})
  Destination:            q_memory_reg[346][4]/CE
                            (rising edge-triggered cell FDRE clocked by ap_clk  {rise@0.000ns fall@0.500ns period=1.000ns})
  Path Group:             ap_clk
  Path Type:              Setup (Max at Slow Process Corner)
  Requirement:            1.000ns  (ap_clk rise@1.000ns - ap_clk rise@0.000ns)
  Data Path Delay:        1.462ns  (logic 0.326ns (22.298%)  route 1.136ns (77.702%))
  Logic Levels:           2  (LUT4=1 LUT6=1)
  Clock Path Skew:        -0.008ns (DCD - SCD + CPR)
    Destination Clock Delay (DCD):    2.357ns = ( 3.357 - 1.000 ) 
    Source Clock Delay      (SCD):    3.026ns
    Clock Pessimism Removal (CPR):    0.661ns
  Clock Uncertainty:      0.035ns  ((TSJ^2 + TIJ^2)^1/2 + DJ) / 2 + PE
    Total System Jitter     (TSJ):    0.071ns
    Total Input Jitter      (TIJ):    0.000ns
    Discrete Jitter          (DJ):    0.000ns
    Phase Error              (PE):    0.000ns
  Clock Net Delay (Source):      1.708ns (routing 0.760ns, distribution 0.948ns)
  Clock Net Delay (Destination): 1.586ns (routing 0.691ns, distribution 0.895ns)

    Location             Delay type                Incr(ns)  Path(ns)    Netlist Resource(s)
  -------------------------------------------------------------------    -------------------
                         (clock ap_clk rise edge)     0.000     0.000 r  
    K17                                               0.000     0.000 r  ap_clk (IN)
                         net (fo=0)                   0.000     0.000    ap_clk_IBUF_inst/I
    K17                  INBUF (Prop_INBUF_HDIOB_M_PAD_O)
                                                      1.086     1.086 r  ap_clk_IBUF_inst/INBUF_INST/O
                         net (fo=1, routed)           0.000     1.086    ap_clk_IBUF_inst/OUT
    K17                  IBUFCTRL (Prop_IBUFCTRL_HDIOB_M_I_O)
                                                      0.000     1.086 r  ap_clk_IBUF_inst/IBUFCTRL_INST/O
                         net (fo=1, routed)           0.204     1.290    ap_clk_IBUF
    BUFGCE_HDIO_X0Y4     BUFGCE (Prop_BUFCE_BUFGCE_HDIO_I_O)
                                                      0.028     1.318 r  ap_clk_IBUF_BUFG_inst/O
    X4Y3 (CLOCK_ROOT)    net (fo=9698, routed)        1.708     3.026    ap_clk_IBUF_BUFG
    SLICE_X107Y269       FDCE                                         r  load_count_reg[7]/C
  -------------------------------------------------------------------    -------------------
    SLICE_X107Y269       FDCE (Prop_DFF_SLICEM_C_Q)
                                                      0.078     3.104 f  load_count_reg[7]/Q
                         net (fo=7, routed)           0.120     3.225    load_count[7]
    SLICE_X107Y268       LUT6 (Prop_H6LUT_SLICEM_I5_O)
                                                      0.125     3.350 r  i_memory[0][4]_i_3/O
                         net (fo=256, routed)         0.655     4.005    i_memory[0][4]_i_3_n_0
    SLICE_X110Y271       LUT4 (Prop_F6LUT_SLICEM_I2_O)
                                                      0.123     4.128 r  i_memory[346][4]_i_1/O
                         net (fo=10, routed)          0.360     4.488    i_memory[346][4]_i_1_n_0
    SLICE_X113Y273       FDRE                                         r  q_memory_reg[346][4]/CE
  -------------------------------------------------------------------    -------------------

                         (clock ap_clk rise edge)     1.000     1.000 r  
    K17                                               0.000     1.000 r  ap_clk (IN)
                         net (fo=0)                   0.000     1.000    ap_clk_IBUF_inst/I
    K17                  INBUF (Prop_INBUF_HDIOB_M_PAD_O)
                                                      0.578     1.578 r  ap_clk_IBUF_inst/INBUF_INST/O
                         net (fo=1, routed)           0.000     1.578    ap_clk_IBUF_inst/OUT
    K17                  IBUFCTRL (Prop_IBUFCTRL_HDIOB_M_I_O)
                                                      0.000     1.578 r  ap_clk_IBUF_inst/IBUFCTRL_INST/O
                         net (fo=1, routed)           0.169     1.747    ap_clk_IBUF
    BUFGCE_HDIO_X0Y4     BUFGCE (Prop_BUFCE_BUFGCE_HDIO_I_O)
                                                      0.024     1.771 r  ap_clk_IBUF_BUFG_inst/O
    X4Y3 (CLOCK_ROOT)    net (fo=9698, routed)        1.586     3.357    ap_clk_IBUF_BUFG
    SLICE_X113Y273       FDRE                                         r  q_memory_reg[346][4]/C
                         clock pessimism              0.661     4.018    
                         clock uncertainty           -0.035     3.982    
    SLICE_X113Y273       FDRE (Setup_CFF2_SLICEM_C_CE)
                                                     -0.060     3.922    q_memory_reg[346][4]
  -------------------------------------------------------------------
                         required time                          3.922    
                         arrival time                          -4.488    
  -------------------------------------------------------------------
                         slack                                 -0.566    

Slack (VIOLATED) :        -0.566ns  (required time - arrival time)
  Source:                 load_count_reg[7]/C
                            (rising edge-triggered cell FDCE clocked by ap_clk  {rise@0.000ns fall@0.500ns period=1.000ns})
  Destination:            q_memory_reg[368][1]/CE
                            (rising edge-triggered cell FDRE clocked by ap_clk  {rise@0.000ns fall@0.500ns period=1.000ns})
  Path Group:             ap_clk
  Path Type:              Setup (Max at Slow Process Corner)
  Requirement:            1.000ns  (ap_clk rise@1.000ns - ap_clk rise@0.000ns)
  Data Path Delay:        1.420ns  (logic 0.291ns (20.497%)  route 1.129ns (79.503%))
  Logic Levels:           2  (LUT6=2)
  Clock Path Skew:        -0.051ns (DCD - SCD + CPR)
    Destination Clock Delay (DCD):    2.315ns = ( 3.315 - 1.000 ) 
    Source Clock Delay      (SCD):    3.026ns
    Clock Pessimism Removal (CPR):    0.661ns
  Clock Uncertainty:      0.035ns  ((TSJ^2 + TIJ^2)^1/2 + DJ) / 2 + PE
    Total System Jitter     (TSJ):    0.071ns
    Total Input Jitter      (TIJ):    0.000ns
    Discrete Jitter          (DJ):    0.000ns
    Phase Error              (PE):    0.000ns
  Clock Net Delay (Source):      1.708ns (routing 0.760ns, distribution 0.948ns)
  Clock Net Delay (Destination): 1.544ns (routing 0.691ns, distribution 0.853ns)

    Location             Delay type                Incr(ns)  Path(ns)    Netlist Resource(s)
  -------------------------------------------------------------------    -------------------
                         (clock ap_clk rise edge)     0.000     0.000 r  
    K17                                               0.000     0.000 r  ap_clk (IN)
                         net (fo=0)                   0.000     0.000    ap_clk_IBUF_inst/I
    K17                  INBUF (Prop_INBUF_HDIOB_M_PAD_O)
                                                      1.086     1.086 r  ap_clk_IBUF_inst/INBUF_INST/O
                         net (fo=1, routed)           0.000     1.086    ap_clk_IBUF_inst/OUT
    K17                  IBUFCTRL (Prop_IBUFCTRL_HDIOB_M_I_O)
                                                      0.000     1.086 r  ap_clk_IBUF_inst/IBUFCTRL_INST/O
                         net (fo=1, routed)           0.204     1.290    ap_clk_IBUF
    BUFGCE_HDIO_X0Y4     BUFGCE (Prop_BUFCE_BUFGCE_HDIO_I_O)
                                                      0.028     1.318 r  ap_clk_IBUF_BUFG_inst/O
    X4Y3 (CLOCK_ROOT)    net (fo=9698, routed)        1.708     3.026    ap_clk_IBUF_BUFG
    SLICE_X107Y269       FDCE                                         r  load_count_reg[7]/C
  -------------------------------------------------------------------    -------------------
    SLICE_X107Y269       FDCE (Prop_DFF_SLICEM_C_Q)
                                                      0.078     3.104 f  load_count_reg[7]/Q
                         net (fo=7, routed)           0.120     3.225    load_count[7]
    SLICE_X107Y268       LUT6 (Prop_H6LUT_SLICEM_I5_O)
                                                      0.125     3.350 r  i_memory[0][4]_i_3/O
                         net (fo=256, routed)         0.488     3.837    i_memory[0][4]_i_3_n_0
    SLICE_X107Y278       LUT6 (Prop_F6LUT_SLICEM_I3_O)
                                                      0.088     3.925 r  i_memory[368][4]_i_1/O
                         net (fo=10, routed)          0.521     4.446    i_memory[368][4]_i_1_n_0
    SLICE_X108Y286       FDRE                                         r  q_memory_reg[368][1]/CE
  -------------------------------------------------------------------    -------------------

                         (clock ap_clk rise edge)     1.000     1.000 r  
    K17                                               0.000     1.000 r  ap_clk (IN)
                         net (fo=0)                   0.000     1.000    ap_clk_IBUF_inst/I
    K17                  INBUF (Prop_INBUF_HDIOB_M_PAD_O)
                                                      0.578     1.578 r  ap_clk_IBUF_inst/INBUF_INST/O
                         net (fo=1, routed)           0.000     1.578    ap_clk_IBUF_inst/OUT
    K17                  IBUFCTRL (Prop_IBUFCTRL_HDIOB_M_I_O)
                                                      0.000     1.578 r  ap_clk_IBUF_inst/IBUFCTRL_INST/O
                         net (fo=1, routed)           0.169     1.747    ap_clk_IBUF
    BUFGCE_HDIO_X0Y4     BUFGCE (Prop_BUFCE_BUFGCE_HDIO_I_O)
                                                      0.024     1.771 r  ap_clk_IBUF_BUFG_inst/O
    X4Y3 (CLOCK_ROOT)    net (fo=9698, routed)        1.544     3.315    ap_clk_IBUF_BUFG
    SLICE_X108Y286       FDRE                                         r  q_memory_reg[368][1]/C
                         clock pessimism              0.661     3.976    
                         clock uncertainty           -0.035     3.940    
    SLICE_X108Y286       FDRE (Setup_EFF2_SLICEL_C_CE)
                                                     -0.060     3.880    q_memory_reg[368][1]
  -------------------------------------------------------------------
                         required time                          3.880    
                         arrival time                          -4.446    
  -------------------------------------------------------------------
                         slack                                 -0.566    

Slack (VIOLATED) :        -0.566ns  (required time - arrival time)
  Source:                 load_count_reg[3]_replica/C
                            (rising edge-triggered cell FDCE clocked by ap_clk  {rise@0.000ns fall@0.500ns period=1.000ns})
  Destination:            i_memory_reg[39][1]/CE
                            (rising edge-triggered cell FDRE clocked by ap_clk  {rise@0.000ns fall@0.500ns period=1.000ns})
  Path Group:             ap_clk
  Path Type:              Setup (Max at Slow Process Corner)
  Requirement:            1.000ns  (ap_clk rise@1.000ns - ap_clk rise@0.000ns)
  Data Path Delay:        1.412ns  (logic 0.324ns (22.943%)  route 1.088ns (77.057%))
  Logic Levels:           2  (LUT4=1 LUT6=1)
  Clock Path Skew:        -0.058ns (DCD - SCD + CPR)
    Destination Clock Delay (DCD):    2.298ns = ( 3.298 - 1.000 ) 
    Source Clock Delay      (SCD):    3.017ns
    Clock Pessimism Removal (CPR):    0.661ns
  Clock Uncertainty:      0.035ns  ((TSJ^2 + TIJ^2)^1/2 + DJ) / 2 + PE
    Total System Jitter     (TSJ):    0.071ns
    Total Input Jitter      (TIJ):    0.000ns
    Discrete Jitter          (DJ):    0.000ns
    Phase Error              (PE):    0.000ns
  Clock Net Delay (Source):      1.699ns (routing 0.760ns, distribution 0.939ns)
  Clock Net Delay (Destination): 1.527ns (routing 0.691ns, distribution 0.836ns)

    Location             Delay type                Incr(ns)  Path(ns)    Netlist Resource(s)
  -------------------------------------------------------------------    -------------------
                         (clock ap_clk rise edge)     0.000     0.000 r  
    K17                                               0.000     0.000 r  ap_clk (IN)
                         net (fo=0)                   0.000     0.000    ap_clk_IBUF_inst/I
    K17                  INBUF (Prop_INBUF_HDIOB_M_PAD_O)
                                                      1.086     1.086 r  ap_clk_IBUF_inst/INBUF_INST/O
                         net (fo=1, routed)           0.000     1.086    ap_clk_IBUF_inst/OUT
    K17                  IBUFCTRL (Prop_IBUFCTRL_HDIOB_M_I_O)
                                                      0.000     1.086 r  ap_clk_IBUF_inst/IBUFCTRL_INST/O
                         net (fo=1, routed)           0.204     1.290    ap_clk_IBUF
    BUFGCE_HDIO_X0Y4     BUFGCE (Prop_BUFCE_BUFGCE_HDIO_I_O)
                                                      0.028     1.318 r  ap_clk_IBUF_BUFG_inst/O
    X4Y3 (CLOCK_ROOT)    net (fo=9698, routed)        1.699     3.017    ap_clk_IBUF_BUFG
    SLICE_X107Y271       FDCE                                         r  load_count_reg[3]_replica/C
  -------------------------------------------------------------------    -------------------
    SLICE_X107Y271       FDCE (Prop_FFF_SLICEM_C_Q)
                                                      0.076     3.093 f  load_count_reg[3]_replica/Q
                         net (fo=40, routed)          0.440     3.533    load_count[3]_repN
    SLICE_X107Y263       LUT6 (Prop_A6LUT_SLICEM_I5_O)
                                                      0.125     3.658 r  i_memory[36][4]_i_2/O
                         net (fo=8, routed)           0.228     3.886    i_memory[36][4]_i_2_n_0
    SLICE_X107Y256       LUT4 (Prop_F6LUT_SLICEM_I0_O)
                                                      0.123     4.009 r  i_memory[39][4]_i_1/O
                         net (fo=10, routed)          0.420     4.429    i_memory[39][4]_i_1_n_0
    SLICE_X107Y252       FDRE                                         r  i_memory_reg[39][1]/CE
  -------------------------------------------------------------------    -------------------

                         (clock ap_clk rise edge)     1.000     1.000 r  
    K17                                               0.000     1.000 r  ap_clk (IN)
                         net (fo=0)                   0.000     1.000    ap_clk_IBUF_inst/I
    K17                  INBUF (Prop_INBUF_HDIOB_M_PAD_O)
                                                      0.578     1.578 r  ap_clk_IBUF_inst/INBUF_INST/O
                         net (fo=1, routed)           0.000     1.578    ap_clk_IBUF_inst/OUT
    K17                  IBUFCTRL (Prop_IBUFCTRL_HDIOB_M_I_O)
                                                      0.000     1.578 r  ap_clk_IBUF_inst/IBUFCTRL_INST/O
                         net (fo=1, routed)           0.169     1.747    ap_clk_IBUF
    BUFGCE_HDIO_X0Y4     BUFGCE (Prop_BUFCE_BUFGCE_HDIO_I_O)
                                                      0.024     1.771 r  ap_clk_IBUF_BUFG_inst/O
    X4Y3 (CLOCK_ROOT)    net (fo=9698, routed)        1.527     3.298    ap_clk_IBUF_BUFG
    SLICE_X107Y252       FDRE                                         r  i_memory_reg[39][1]/C
                         clock pessimism              0.661     3.959    
                         clock uncertainty           -0.035     3.924    
    SLICE_X107Y252       FDRE (Setup_AFF2_SLICEM_C_CE)
                                                     -0.060     3.864    i_memory_reg[39][1]
  -------------------------------------------------------------------
                         required time                          3.864    
                         arrival time                          -4.429    
  -------------------------------------------------------------------
                         slack                                 -0.566    

Slack (VIOLATED) :        -0.566ns  (required time - arrival time)
  Source:                 load_count_reg[3]_replica/C
                            (rising edge-triggered cell FDCE clocked by ap_clk  {rise@0.000ns fall@0.500ns period=1.000ns})
  Destination:            q_memory_reg[39][0]/CE
                            (rising edge-triggered cell FDRE clocked by ap_clk  {rise@0.000ns fall@0.500ns period=1.000ns})
  Path Group:             ap_clk
  Path Type:              Setup (Max at Slow Process Corner)
  Requirement:            1.000ns  (ap_clk rise@1.000ns - ap_clk rise@0.000ns)
  Data Path Delay:        1.412ns  (logic 0.324ns (22.943%)  route 1.088ns (77.057%))
  Logic Levels:           2  (LUT4=1 LUT6=1)
  Clock Path Skew:        -0.058ns (DCD - SCD + CPR)
    Destination Clock Delay (DCD):    2.298ns = ( 3.298 - 1.000 ) 
    Source Clock Delay      (SCD):    3.017ns
    Clock Pessimism Removal (CPR):    0.661ns
  Clock Uncertainty:      0.035ns  ((TSJ^2 + TIJ^2)^1/2 + DJ) / 2 + PE
    Total System Jitter     (TSJ):    0.071ns
    Total Input Jitter      (TIJ):    0.000ns
    Discrete Jitter          (DJ):    0.000ns
    Phase Error              (PE):    0.000ns
  Clock Net Delay (Source):      1.699ns (routing 0.760ns, distribution 0.939ns)
  Clock Net Delay (Destination): 1.527ns (routing 0.691ns, distribution 0.836ns)

    Location             Delay type                Incr(ns)  Path(ns)    Netlist Resource(s)
  -------------------------------------------------------------------    -------------------
                         (clock ap_clk rise edge)     0.000     0.000 r  
    K17                                               0.000     0.000 r  ap_clk (IN)
                         net (fo=0)                   0.000     0.000    ap_clk_IBUF_inst/I
    K17                  INBUF (Prop_INBUF_HDIOB_M_PAD_O)
                                                      1.086     1.086 r  ap_clk_IBUF_inst/INBUF_INST/O
                         net (fo=1, routed)           0.000     1.086    ap_clk_IBUF_inst/OUT
    K17                  IBUFCTRL (Prop_IBUFCTRL_HDIOB_M_I_O)
                                                      0.000     1.086 r  ap_clk_IBUF_inst/IBUFCTRL_INST/O
                         net (fo=1, routed)           0.204     1.290    ap_clk_IBUF
    BUFGCE_HDIO_X0Y4     BUFGCE (Prop_BUFCE_BUFGCE_HDIO_I_O)
                                                      0.028     1.318 r  ap_clk_IBUF_BUFG_inst/O
    X4Y3 (CLOCK_ROOT)    net (fo=9698, routed)        1.699     3.017    ap_clk_IBUF_BUFG
    SLICE_X107Y271       FDCE                                         r  load_count_reg[3]_replica/C
  -------------------------------------------------------------------    -------------------
    SLICE_X107Y271       FDCE (Prop_FFF_SLICEM_C_Q)
                                                      0.076     3.093 f  load_count_reg[3]_replica/Q
                         net (fo=40, routed)          0.440     3.533    load_count[3]_repN
    SLICE_X107Y263       LUT6 (Prop_A6LUT_SLICEM_I5_O)
                                                      0.125     3.658 r  i_memory[36][4]_i_2/O
                         net (fo=8, routed)           0.228     3.886    i_memory[36][4]_i_2_n_0
    SLICE_X107Y256       LUT4 (Prop_F6LUT_SLICEM_I0_O)
                                                      0.123     4.009 r  i_memory[39][4]_i_1/O
                         net (fo=10, routed)          0.420     4.429    i_memory[39][4]_i_1_n_0
    SLICE_X107Y252       FDRE                                         r  q_memory_reg[39][0]/CE
  -------------------------------------------------------------------    -------------------

                         (clock ap_clk rise edge)     1.000     1.000 r  
    K17                                               0.000     1.000 r  ap_clk (IN)
                         net (fo=0)                   0.000     1.000    ap_clk_IBUF_inst/I
    K17                  INBUF (Prop_INBUF_HDIOB_M_PAD_O)
                                                      0.578     1.578 r  ap_clk_IBUF_inst/INBUF_INST/O
                         net (fo=1, routed)           0.000     1.578    ap_clk_IBUF_inst/OUT
    K17                  IBUFCTRL (Prop_IBUFCTRL_HDIOB_M_I_O)
                                                      0.000     1.578 r  ap_clk_IBUF_inst/IBUFCTRL_INST/O
                         net (fo=1, routed)           0.169     1.747    ap_clk_IBUF
    BUFGCE_HDIO_X0Y4     BUFGCE (Prop_BUFCE_BUFGCE_HDIO_I_O)
                                                      0.024     1.771 r  ap_clk_IBUF_BUFG_inst/O
    X4Y3 (CLOCK_ROOT)    net (fo=9698, routed)        1.527     3.298    ap_clk_IBUF_BUFG
    SLICE_X107Y252       FDRE                                         r  q_memory_reg[39][0]/C
                         clock pessimism              0.661     3.959    
                         clock uncertainty           -0.035     3.924    
    SLICE_X107Y252       FDRE (Setup_BFF2_SLICEM_C_CE)
                                                     -0.060     3.864    q_memory_reg[39][0]
  -------------------------------------------------------------------
                         required time                          3.864    
                         arrival time                          -4.429    
  -------------------------------------------------------------------
                         slack                                 -0.566    

Slack (VIOLATED) :        -0.566ns  (required time - arrival time)
  Source:                 load_count_reg[3]_replica/C
                            (rising edge-triggered cell FDCE clocked by ap_clk  {rise@0.000ns fall@0.500ns period=1.000ns})
  Destination:            q_memory_reg[39][2]/CE
                            (rising edge-triggered cell FDRE clocked by ap_clk  {rise@0.000ns fall@0.500ns period=1.000ns})
  Path Group:             ap_clk
  Path Type:              Setup (Max at Slow Process Corner)
  Requirement:            1.000ns  (ap_clk rise@1.000ns - ap_clk rise@0.000ns)
  Data Path Delay:        1.412ns  (logic 0.324ns (22.943%)  route 1.088ns (77.057%))
  Logic Levels:           2  (LUT4=1 LUT6=1)
  Clock Path Skew:        -0.058ns (DCD - SCD + CPR)
    Destination Clock Delay (DCD):    2.298ns = ( 3.298 - 1.000 ) 
    Source Clock Delay      (SCD):    3.017ns
    Clock Pessimism Removal (CPR):    0.661ns
  Clock Uncertainty:      0.035ns  ((TSJ^2 + TIJ^2)^1/2 + DJ) / 2 + PE
    Total System Jitter     (TSJ):    0.071ns
    Total Input Jitter      (TIJ):    0.000ns
    Discrete Jitter          (DJ):    0.000ns
    Phase Error              (PE):    0.000ns
  Clock Net Delay (Source):      1.699ns (routing 0.760ns, distribution 0.939ns)
  Clock Net Delay (Destination): 1.527ns (routing 0.691ns, distribution 0.836ns)

    Location             Delay type                Incr(ns)  Path(ns)    Netlist Resource(s)
  -------------------------------------------------------------------    -------------------
                         (clock ap_clk rise edge)     0.000     0.000 r  
    K17                                               0.000     0.000 r  ap_clk (IN)
                         net (fo=0)                   0.000     0.000    ap_clk_IBUF_inst/I
    K17                  INBUF (Prop_INBUF_HDIOB_M_PAD_O)
                                                      1.086     1.086 r  ap_clk_IBUF_inst/INBUF_INST/O
                         net (fo=1, routed)           0.000     1.086    ap_clk_IBUF_inst/OUT
    K17                  IBUFCTRL (Prop_IBUFCTRL_HDIOB_M_I_O)
                                                      0.000     1.086 r  ap_clk_IBUF_inst/IBUFCTRL_INST/O
                         net (fo=1, routed)           0.204     1.290    ap_clk_IBUF
    BUFGCE_HDIO_X0Y4     BUFGCE (Prop_BUFCE_BUFGCE_HDIO_I_O)
                                                      0.028     1.318 r  ap_clk_IBUF_BUFG_inst/O
    X4Y3 (CLOCK_ROOT)    net (fo=9698, routed)        1.699     3.017    ap_clk_IBUF_BUFG
    SLICE_X107Y271       FDCE                                         r  load_count_reg[3]_replica/C
  -------------------------------------------------------------------    -------------------
    SLICE_X107Y271       FDCE (Prop_FFF_SLICEM_C_Q)
                                                      0.076     3.093 f  load_count_reg[3]_replica/Q
                         net (fo=40, routed)          0.440     3.533    load_count[3]_repN
    SLICE_X107Y263       LUT6 (Prop_A6LUT_SLICEM_I5_O)
                                                      0.125     3.658 r  i_memory[36][4]_i_2/O
                         net (fo=8, routed)           0.228     3.886    i_memory[36][4]_i_2_n_0
    SLICE_X107Y256       LUT4 (Prop_F6LUT_SLICEM_I0_O)
                                                      0.123     4.009 r  i_memory[39][4]_i_1/O
                         net (fo=10, routed)          0.420     4.429    i_memory[39][4]_i_1_n_0
    SLICE_X107Y252       FDRE                                         r  q_memory_reg[39][2]/CE
  -------------------------------------------------------------------    -------------------

                         (clock ap_clk rise edge)     1.000     1.000 r  
    K17                                               0.000     1.000 r  ap_clk (IN)
                         net (fo=0)                   0.000     1.000    ap_clk_IBUF_inst/I
    K17                  INBUF (Prop_INBUF_HDIOB_M_PAD_O)
                                                      0.578     1.578 r  ap_clk_IBUF_inst/INBUF_INST/O
                         net (fo=1, routed)           0.000     1.578    ap_clk_IBUF_inst/OUT
    K17                  IBUFCTRL (Prop_IBUFCTRL_HDIOB_M_I_O)
                                                      0.000     1.578 r  ap_clk_IBUF_inst/IBUFCTRL_INST/O
                         net (fo=1, routed)           0.169     1.747    ap_clk_IBUF
    BUFGCE_HDIO_X0Y4     BUFGCE (Prop_BUFCE_BUFGCE_HDIO_I_O)
                                                      0.024     1.771 r  ap_clk_IBUF_BUFG_inst/O
    X4Y3 (CLOCK_ROOT)    net (fo=9698, routed)        1.527     3.298    ap_clk_IBUF_BUFG
    SLICE_X107Y252       FDRE                                         r  q_memory_reg[39][2]/C
                         clock pessimism              0.661     3.959    
                         clock uncertainty           -0.035     3.924    
    SLICE_X107Y252       FDRE (Setup_CFF2_SLICEM_C_CE)
                                                     -0.060     3.864    q_memory_reg[39][2]
  -------------------------------------------------------------------
                         required time                          3.864    
                         arrival time                          -4.429    
  -------------------------------------------------------------------
                         slack                                 -0.566    





Min Delay Paths
--------------------------------------------------------------------------------------
Slack (MET) :             0.016ns  (arrival time - required time)
  Source:                 q_memory_reg[227][2]/C
                            (rising edge-triggered cell FDRE clocked by ap_clk  {rise@0.000ns fall@0.500ns period=1.000ns})
  Destination:            u_nn_accelerator/u_sum_signed_q0/reduce_layer1113_reg[2]/D
                            (rising edge-triggered cell FDRE clocked by ap_clk  {rise@0.000ns fall@0.500ns period=1.000ns})
  Path Group:             ap_clk
  Path Type:              Hold (Min at Slow Process Corner)
  Requirement:            0.000ns  (ap_clk rise@0.000ns - ap_clk rise@0.000ns)
  Data Path Delay:        0.169ns  (logic 0.082ns (48.526%)  route 0.087ns (51.474%))
  Logic Levels:           1  (LUT6=1)
  Clock Path Skew:        0.093ns (DCD - SCD - CPR)
    Destination Clock Delay (DCD):    3.076ns
    Source Clock Delay      (SCD):    2.322ns
    Clock Pessimism Removal (CPR):    0.660ns
  Clock Net Delay (Source):      1.551ns (routing 0.691ns, distribution 0.860ns)
  Clock Net Delay (Destination): 1.758ns (routing 0.760ns, distribution 0.998ns)

    Location             Delay type                Incr(ns)  Path(ns)    Netlist Resource(s)
  -------------------------------------------------------------------    -------------------
                         (clock ap_clk rise edge)     0.000     0.000 r  
    K17                                               0.000     0.000 r  ap_clk (IN)
                         net (fo=0)                   0.000     0.000    ap_clk_IBUF_inst/I
    K17                  INBUF (Prop_INBUF_HDIOB_M_PAD_O)
                                                      0.578     0.578 r  ap_clk_IBUF_inst/INBUF_INST/O
                         net (fo=1, routed)           0.000     0.578    ap_clk_IBUF_inst/OUT
    K17                  IBUFCTRL (Prop_IBUFCTRL_HDIOB_M_I_O)
                                                      0.000     0.578 r  ap_clk_IBUF_inst/IBUFCTRL_INST/O
                         net (fo=1, routed)           0.169     0.747    ap_clk_IBUF
    BUFGCE_HDIO_X0Y4     BUFGCE (Prop_BUFCE_BUFGCE_HDIO_I_O)
                                                      0.024     0.771 r  ap_clk_IBUF_BUFG_inst/O
    X4Y3 (CLOCK_ROOT)    net (fo=9698, routed)        1.551     2.322    ap_clk_IBUF_BUFG
    SLICE_X115Y272       FDRE                                         r  q_memory_reg[227][2]/C
  -------------------------------------------------------------------    -------------------
    SLICE_X115Y272       FDRE (Prop_FFF2_SLICEM_C_Q)
                                                      0.060     2.382 r  q_memory_reg[227][2]/Q
                         net (fo=2, routed)           0.064     2.446    u_nn_accelerator/u_sum_signed_q0/reduce_layer1113_reg[4]_0[2]
    SLICE_X114Y272       LUT6 (Prop_A6LUT_SLICEL_I4_O)
                                                      0.022     2.468 r  u_nn_accelerator/u_sum_signed_q0/reduce_layer1113[2]_i_1/O
                         net (fo=1, routed)           0.023     2.491    u_nn_accelerator/u_sum_signed_q0/w_reduce_layer1113[2]
    SLICE_X114Y272       FDRE                                         r  u_nn_accelerator/u_sum_signed_q0/reduce_layer1113_reg[2]/D
  -------------------------------------------------------------------    -------------------

                         (clock ap_clk rise edge)     0.000     0.000 r  
    K17                                               0.000     0.000 r  ap_clk (IN)
                         net (fo=0)                   0.000     0.000    ap_clk_IBUF_inst/I
    K17                  INBUF (Prop_INBUF_HDIOB_M_PAD_O)
                                                      1.086     1.086 r  ap_clk_IBUF_inst/INBUF_INST/O
                         net (fo=1, routed)           0.000     1.086    ap_clk_IBUF_inst/OUT
    K17                  IBUFCTRL (Prop_IBUFCTRL_HDIOB_M_I_O)
                                                      0.000     1.086 r  ap_clk_IBUF_inst/IBUFCTRL_INST/O
                         net (fo=1, routed)           0.204     1.290    ap_clk_IBUF
    BUFGCE_HDIO_X0Y4     BUFGCE (Prop_BUFCE_BUFGCE_HDIO_I_O)
                                                      0.028     1.318 r  ap_clk_IBUF_BUFG_inst/O
    X4Y3 (CLOCK_ROOT)    net (fo=9698, routed)        1.758     3.076    u_nn_accelerator/u_sum_signed_q0/ap_clk_IBUF_BUFG
    SLICE_X114Y272       FDRE                                         r  u_nn_accelerator/u_sum_signed_q0/reduce_layer1113_reg[2]/C
                         clock pessimism             -0.660     2.416    
    SLICE_X114Y272       FDRE (Hold_AFF_SLICEL_C_D)
                                                      0.060     2.476    u_nn_accelerator/u_sum_signed_q0/reduce_layer1113_reg[2]
  -------------------------------------------------------------------
                         required time                         -2.476    
                         arrival time                           2.491    
  -------------------------------------------------------------------
                         slack                                  0.016    

Slack (MET) :             0.019ns  (arrival time - required time)
  Source:                 u_nn_accelerator/u_sum_signed_q0/reduce_layer345_reg[5]/C
                            (rising edge-triggered cell FDRE clocked by ap_clk  {rise@0.000ns fall@0.500ns period=1.000ns})
  Destination:            u_nn_accelerator/u_sum_signed_q0/reduce_layer422_reg[5]/D
                            (rising edge-triggered cell FDRE clocked by ap_clk  {rise@0.000ns fall@0.500ns period=1.000ns})
  Path Group:             ap_clk
  Path Type:              Hold (Min at Slow Process Corner)
  Requirement:            0.000ns  (ap_clk rise@0.000ns - ap_clk rise@0.000ns)
  Data Path Delay:        0.188ns  (logic 0.105ns (55.851%)  route 0.083ns (44.149%))
  Logic Levels:           2  (CARRY8=1 LUT2=1)
  Clock Path Skew:        0.109ns (DCD - SCD - CPR)
    Destination Clock Delay (DCD):    3.091ns
    Source Clock Delay      (SCD):    2.322ns
    Clock Pessimism Removal (CPR):    0.660ns
  Clock Net Delay (Source):      1.551ns (routing 0.691ns, distribution 0.860ns)
  Clock Net Delay (Destination): 1.773ns (routing 0.760ns, distribution 1.013ns)

    Location             Delay type                Incr(ns)  Path(ns)    Netlist Resource(s)
  -------------------------------------------------------------------    -------------------
                         (clock ap_clk rise edge)     0.000     0.000 r  
    K17                                               0.000     0.000 r  ap_clk (IN)
                         net (fo=0)                   0.000     0.000    ap_clk_IBUF_inst/I
    K17                  INBUF (Prop_INBUF_HDIOB_M_PAD_O)
                                                      0.578     0.578 r  ap_clk_IBUF_inst/INBUF_INST/O
                         net (fo=1, routed)           0.000     0.578    ap_clk_IBUF_inst/OUT
    K17                  IBUFCTRL (Prop_IBUFCTRL_HDIOB_M_I_O)
                                                      0.000     0.578 r  ap_clk_IBUF_inst/IBUFCTRL_INST/O
                         net (fo=1, routed)           0.169     0.747    ap_clk_IBUF
    BUFGCE_HDIO_X0Y4     BUFGCE (Prop_BUFCE_BUFGCE_HDIO_I_O)
                                                      0.024     0.771 r  ap_clk_IBUF_BUFG_inst/O
    X4Y3 (CLOCK_ROOT)    net (fo=9698, routed)        1.551     2.322    u_nn_accelerator/u_sum_signed_q0/ap_clk_IBUF_BUFG
    SLICE_X112Y284       FDRE                                         r  u_nn_accelerator/u_sum_signed_q0/reduce_layer345_reg[5]/C
  -------------------------------------------------------------------    -------------------
    SLICE_X112Y284       FDRE (Prop_FFF_SLICEM_C_Q)
                                                      0.057     2.379 r  u_nn_accelerator/u_sum_signed_q0/reduce_layer345_reg[5]/Q
                         net (fo=1, routed)           0.062     2.441    u_nn_accelerator/u_sum_signed_q0/reduce_layer345[5]
    SLICE_X111Y284       LUT2 (Prop_F6LUT_SLICEL_I1_O)
                                                      0.022     2.463 r  u_nn_accelerator/u_sum_signed_q0/reduce_layer422[7]_i_5/O
                         net (fo=1, routed)           0.011     2.474    u_nn_accelerator/u_sum_signed_q0/reduce_layer422[7]_i_5_n_0
    SLICE_X111Y284       CARRY8 (Prop_CARRY8_SLICEL_S[5]_O[5])
                                                      0.026     2.500 r  u_nn_accelerator/u_sum_signed_q0/reduce_layer422_reg[7]_i_1/O[5]
                         net (fo=1, routed)           0.010     2.510    u_nn_accelerator/u_sum_signed_q0/w_reduce_layer422[5]
    SLICE_X111Y284       FDRE                                         r  u_nn_accelerator/u_sum_signed_q0/reduce_layer422_reg[5]/D
  -------------------------------------------------------------------    -------------------

                         (clock ap_clk rise edge)     0.000     0.000 r  
    K17                                               0.000     0.000 r  ap_clk (IN)
                         net (fo=0)                   0.000     0.000    ap_clk_IBUF_inst/I
    K17                  INBUF (Prop_INBUF_HDIOB_M_PAD_O)
                                                      1.086     1.086 r  ap_clk_IBUF_inst/INBUF_INST/O
                         net (fo=1, routed)           0.000     1.086    ap_clk_IBUF_inst/OUT
    K17                  IBUFCTRL (Prop_IBUFCTRL_HDIOB_M_I_O)
                                                      0.000     1.086 r  ap_clk_IBUF_inst/IBUFCTRL_INST/O
                         net (fo=1, routed)           0.204     1.290    ap_clk_IBUF
    BUFGCE_HDIO_X0Y4     BUFGCE (Prop_BUFCE_BUFGCE_HDIO_I_O)
                                                      0.028     1.318 r  ap_clk_IBUF_BUFG_inst/O
    X4Y3 (CLOCK_ROOT)    net (fo=9698, routed)        1.773     3.091    u_nn_accelerator/u_sum_signed_q0/ap_clk_IBUF_BUFG
    SLICE_X111Y284       FDRE                                         r  u_nn_accelerator/u_sum_signed_q0/reduce_layer422_reg[5]/C
                         clock pessimism             -0.660     2.431    
    SLICE_X111Y284       FDRE (Hold_FFF_SLICEL_C_D)
                                                      0.060     2.491    u_nn_accelerator/u_sum_signed_q0/reduce_layer422_reg[5]
  -------------------------------------------------------------------
                         required time                         -2.491    
                         arrival time                           2.510    
  -------------------------------------------------------------------
                         slack                                  0.019    

Slack (MET) :             0.020ns  (arrival time - required time)
  Source:                 u_nn_accelerator/u_sum_signed_q0/reduce_layer90_reg[11]/C
                            (rising edge-triggered cell FDRE clocked by ap_clk  {rise@0.000ns fall@0.500ns period=1.000ns})
  Destination:            u_nn_accelerator/u_logicnet/layer0_reg/data_out_reg[16]/D
                            (rising edge-triggered cell FDRE clocked by ap_clk  {rise@0.000ns fall@0.500ns period=1.000ns})
  Path Group:             ap_clk
  Path Type:              Hold (Min at Slow Process Corner)
  Requirement:            0.000ns  (ap_clk rise@0.000ns - ap_clk rise@0.000ns)
  Data Path Delay:        0.129ns  (logic 0.059ns (45.736%)  route 0.070ns (54.264%))
  Logic Levels:           0  
  Clock Path Skew:        0.047ns (DCD - SCD - CPR)
    Destination Clock Delay (DCD):    3.037ns
    Source Clock Delay      (SCD):    2.281ns
    Clock Pessimism Removal (CPR):    0.709ns
  Clock Net Delay (Source):      1.510ns (routing 0.691ns, distribution 0.819ns)
  Clock Net Delay (Destination): 1.719ns (routing 0.760ns, distribution 0.959ns)

    Location             Delay type                Incr(ns)  Path(ns)    Netlist Resource(s)
  -------------------------------------------------------------------    -------------------
                         (clock ap_clk rise edge)     0.000     0.000 r  
    K17                                               0.000     0.000 r  ap_clk (IN)
                         net (fo=0)                   0.000     0.000    ap_clk_IBUF_inst/I
    K17                  INBUF (Prop_INBUF_HDIOB_M_PAD_O)
                                                      0.578     0.578 r  ap_clk_IBUF_inst/INBUF_INST/O
                         net (fo=1, routed)           0.000     0.578    ap_clk_IBUF_inst/OUT
    K17                  IBUFCTRL (Prop_IBUFCTRL_HDIOB_M_I_O)
                                                      0.000     0.578 r  ap_clk_IBUF_inst/IBUFCTRL_INST/O
                         net (fo=1, routed)           0.169     0.747    ap_clk_IBUF
    BUFGCE_HDIO_X0Y4     BUFGCE (Prop_BUFCE_BUFGCE_HDIO_I_O)
                                                      0.024     0.771 r  ap_clk_IBUF_BUFG_inst/O
    X4Y3 (CLOCK_ROOT)    net (fo=9698, routed)        1.510     2.281    u_nn_accelerator/u_sum_signed_q0/ap_clk_IBUF_BUFG
    SLICE_X105Y296       FDRE                                         r  u_nn_accelerator/u_sum_signed_q0/reduce_layer90_reg[11]/C
  -------------------------------------------------------------------    -------------------
    SLICE_X105Y296       FDRE (Prop_DFF_SLICEL_C_Q)
                                                      0.059     2.340 r  u_nn_accelerator/u_sum_signed_q0/reduce_layer90_reg[11]/Q
                         net (fo=1, routed)           0.070     2.410    u_nn_accelerator/u_logicnet/layer0_reg/Q[11]
    SLICE_X105Y297       FDRE                                         r  u_nn_accelerator/u_logicnet/layer0_reg/data_out_reg[16]/D
  -------------------------------------------------------------------    -------------------

                         (clock ap_clk rise edge)     0.000     0.000 r  
    K17                                               0.000     0.000 r  ap_clk (IN)
                         net (fo=0)                   0.000     0.000    ap_clk_IBUF_inst/I
    K17                  INBUF (Prop_INBUF_HDIOB_M_PAD_O)
                                                      1.086     1.086 r  ap_clk_IBUF_inst/INBUF_INST/O
                         net (fo=1, routed)           0.000     1.086    ap_clk_IBUF_inst/OUT
    K17                  IBUFCTRL (Prop_IBUFCTRL_HDIOB_M_I_O)
                                                      0.000     1.086 r  ap_clk_IBUF_inst/IBUFCTRL_INST/O
                         net (fo=1, routed)           0.204     1.290    ap_clk_IBUF
    BUFGCE_HDIO_X0Y4     BUFGCE (Prop_BUFCE_BUFGCE_HDIO_I_O)
                                                      0.028     1.318 r  ap_clk_IBUF_BUFG_inst/O
    X4Y3 (CLOCK_ROOT)    net (fo=9698, routed)        1.719     3.037    u_nn_accelerator/u_logicnet/layer0_reg/ap_clk_IBUF_BUFG
    SLICE_X105Y297       FDRE                                         r  u_nn_accelerator/u_logicnet/layer0_reg/data_out_reg[16]/C
                         clock pessimism             -0.709     2.328    
    SLICE_X105Y297       FDRE (Hold_AFF2_SLICEL_C_D)
                                                      0.062     2.390    u_nn_accelerator/u_logicnet/layer0_reg/data_out_reg[16]
  -------------------------------------------------------------------
                         required time                         -2.390    
                         arrival time                           2.410    
  -------------------------------------------------------------------
                         slack                                  0.020    

Slack (MET) :             0.024ns  (arrival time - required time)
  Source:                 u_nn_accelerator/u_sum_signed_q0/reduce_layer90_reg[13]/C
                            (rising edge-triggered cell FDRE clocked by ap_clk  {rise@0.000ns fall@0.500ns period=1.000ns})
  Destination:            u_nn_accelerator/u_logicnet/layer0_reg/data_out_reg[14]/D
                            (rising edge-triggered cell FDRE clocked by ap_clk  {rise@0.000ns fall@0.500ns period=1.000ns})
  Path Group:             ap_clk
  Path Type:              Hold (Min at Slow Process Corner)
  Requirement:            0.000ns  (ap_clk rise@0.000ns - ap_clk rise@0.000ns)
  Data Path Delay:        0.134ns  (logic 0.058ns (43.284%)  route 0.076ns (56.716%))
  Logic Levels:           0  
  Clock Path Skew:        0.050ns (DCD - SCD - CPR)
    Destination Clock Delay (DCD):    3.042ns
    Source Clock Delay      (SCD):    2.283ns
    Clock Pessimism Removal (CPR):    0.709ns
  Clock Net Delay (Source):      1.512ns (routing 0.691ns, distribution 0.821ns)
  Clock Net Delay (Destination): 1.724ns (routing 0.760ns, distribution 0.964ns)

    Location             Delay type                Incr(ns)  Path(ns)    Netlist Resource(s)
  -------------------------------------------------------------------    -------------------
                         (clock ap_clk rise edge)     0.000     0.000 r  
    K17                                               0.000     0.000 r  ap_clk (IN)
                         net (fo=0)                   0.000     0.000    ap_clk_IBUF_inst/I
    K17                  INBUF (Prop_INBUF_HDIOB_M_PAD_O)
                                                      0.578     0.578 r  ap_clk_IBUF_inst/INBUF_INST/O
                         net (fo=1, routed)           0.000     0.578    ap_clk_IBUF_inst/OUT
    K17                  IBUFCTRL (Prop_IBUFCTRL_HDIOB_M_I_O)
                                                      0.000     0.578 r  ap_clk_IBUF_inst/IBUFCTRL_INST/O
                         net (fo=1, routed)           0.169     0.747    ap_clk_IBUF
    BUFGCE_HDIO_X0Y4     BUFGCE (Prop_BUFCE_BUFGCE_HDIO_I_O)
                                                      0.024     0.771 r  ap_clk_IBUF_BUFG_inst/O
    X4Y3 (CLOCK_ROOT)    net (fo=9698, routed)        1.512     2.283    u_nn_accelerator/u_sum_signed_q0/ap_clk_IBUF_BUFG
    SLICE_X105Y296       FDRE                                         r  u_nn_accelerator/u_sum_signed_q0/reduce_layer90_reg[13]/C
  -------------------------------------------------------------------    -------------------
    SLICE_X105Y296       FDRE (Prop_FFF_SLICEL_C_Q)
                                                      0.058     2.341 r  u_nn_accelerator/u_sum_signed_q0/reduce_layer90_reg[13]/Q
                         net (fo=1, routed)           0.076     2.417    u_nn_accelerator/u_logicnet/layer0_reg/Q[12]
    SLICE_X105Y297       FDRE                                         r  u_nn_accelerator/u_logicnet/layer0_reg/data_out_reg[14]/D
  -------------------------------------------------------------------    -------------------

                         (clock ap_clk rise edge)     0.000     0.000 r  
    K17                                               0.000     0.000 r  ap_clk (IN)
                         net (fo=0)                   0.000     0.000    ap_clk_IBUF_inst/I
    K17                  INBUF (Prop_INBUF_HDIOB_M_PAD_O)
                                                      1.086     1.086 r  ap_clk_IBUF_inst/INBUF_INST/O
                         net (fo=1, routed)           0.000     1.086    ap_clk_IBUF_inst/OUT
    K17                  IBUFCTRL (Prop_IBUFCTRL_HDIOB_M_I_O)
                                                      0.000     1.086 r  ap_clk_IBUF_inst/IBUFCTRL_INST/O
                         net (fo=1, routed)           0.204     1.290    ap_clk_IBUF
    BUFGCE_HDIO_X0Y4     BUFGCE (Prop_BUFCE_BUFGCE_HDIO_I_O)
                                                      0.028     1.318 r  ap_clk_IBUF_BUFG_inst/O
    X4Y3 (CLOCK_ROOT)    net (fo=9698, routed)        1.724     3.042    u_nn_accelerator/u_logicnet/layer0_reg/ap_clk_IBUF_BUFG
    SLICE_X105Y297       FDRE                                         r  u_nn_accelerator/u_logicnet/layer0_reg/data_out_reg[14]/C
                         clock pessimism             -0.709     2.333    
    SLICE_X105Y297       FDRE (Hold_EFF_SLICEL_C_D)
                                                      0.060     2.393    u_nn_accelerator/u_logicnet/layer0_reg/data_out_reg[14]
  -------------------------------------------------------------------
                         required time                         -2.393    
                         arrival time                           2.417    
  -------------------------------------------------------------------
                         slack                                  0.024    

Slack (MET) :             0.024ns  (arrival time - required time)
  Source:                 u_nn_accelerator/u_sum_signed_q0/reduce_layer220_reg[1]/C
                            (rising edge-triggered cell FDRE clocked by ap_clk  {rise@0.000ns fall@0.500ns period=1.000ns})
  Destination:            u_nn_accelerator/u_sum_signed_q0/reduce_layer310_reg[2]/D
                            (rising edge-triggered cell FDRE clocked by ap_clk  {rise@0.000ns fall@0.500ns period=1.000ns})
  Path Group:             ap_clk
  Path Type:              Hold (Min at Slow Process Corner)
  Requirement:            0.000ns  (ap_clk rise@0.000ns - ap_clk rise@0.000ns)
  Data Path Delay:        0.186ns  (logic 0.106ns (56.921%)  route 0.080ns (43.079%))
  Logic Levels:           1  (CARRY8=1)
  Clock Path Skew:        0.102ns (DCD - SCD - CPR)
    Destination Clock Delay (DCD):    3.102ns
    Source Clock Delay      (SCD):    2.340ns
    Clock Pessimism Removal (CPR):    0.660ns
  Clock Net Delay (Source):      1.568ns (routing 0.691ns, distribution 0.877ns)
  Clock Net Delay (Destination): 1.784ns (routing 0.760ns, distribution 1.024ns)

    Location             Delay type                Incr(ns)  Path(ns)    Netlist Resource(s)
  -------------------------------------------------------------------    -------------------
                         (clock ap_clk rise edge)     0.000     0.000 r  
    K17                                               0.000     0.000 r  ap_clk (IN)
                         net (fo=0)                   0.000     0.000    ap_clk_IBUF_inst/I
    K17                  INBUF (Prop_INBUF_HDIOB_M_PAD_O)
                                                      0.578     0.578 r  ap_clk_IBUF_inst/INBUF_INST/O
                         net (fo=1, routed)           0.000     0.578    ap_clk_IBUF_inst/OUT
    K17                  IBUFCTRL (Prop_IBUFCTRL_HDIOB_M_I_O)
                                                      0.000     0.578 r  ap_clk_IBUF_inst/IBUFCTRL_INST/O
                         net (fo=1, routed)           0.169     0.747    ap_clk_IBUF
    BUFGCE_HDIO_X0Y4     BUFGCE (Prop_BUFCE_BUFGCE_HDIO_I_O)
                                                      0.024     0.771 r  ap_clk_IBUF_BUFG_inst/O
    X4Y3 (CLOCK_ROOT)    net (fo=9698, routed)        1.568     2.340    u_nn_accelerator/u_sum_signed_q0/ap_clk_IBUF_BUFG
    SLICE_X114Y246       FDRE                                         r  u_nn_accelerator/u_sum_signed_q0/reduce_layer220_reg[1]/C
  -------------------------------------------------------------------    -------------------
    SLICE_X114Y246       FDRE (Prop_BFF_SLICEL_C_Q)
                                                      0.059     2.399 r  u_nn_accelerator/u_sum_signed_q0/reduce_layer220_reg[1]/Q
                         net (fo=2, routed)           0.070     2.469    u_nn_accelerator/u_sum_signed_q0/reduce_layer220[1]
    SLICE_X116Y246       CARRY8 (Prop_CARRY8_SLICEL_DI[1]_O[2])
                                                      0.047     2.516 r  u_nn_accelerator/u_sum_signed_q0/reduce_layer310_reg[7]_i_1/O[2]
                         net (fo=1, routed)           0.010     2.526    u_nn_accelerator/u_sum_signed_q0/w_reduce_layer310[2]
    SLICE_X116Y246       FDRE                                         r  u_nn_accelerator/u_sum_signed_q0/reduce_layer310_reg[2]/D
  -------------------------------------------------------------------    -------------------

                         (clock ap_clk rise edge)     0.000     0.000 r  
    K17                                               0.000     0.000 r  ap_clk (IN)
                         net (fo=0)                   0.000     0.000    ap_clk_IBUF_inst/I
    K17                  INBUF (Prop_INBUF_HDIOB_M_PAD_O)
                                                      1.086     1.086 r  ap_clk_IBUF_inst/INBUF_INST/O
                         net (fo=1, routed)           0.000     1.086    ap_clk_IBUF_inst/OUT
    K17                  IBUFCTRL (Prop_IBUFCTRL_HDIOB_M_I_O)
                                                      0.000     1.086 r  ap_clk_IBUF_inst/IBUFCTRL_INST/O
                         net (fo=1, routed)           0.204     1.290    ap_clk_IBUF
    BUFGCE_HDIO_X0Y4     BUFGCE (Prop_BUFCE_BUFGCE_HDIO_I_O)
                                                      0.028     1.318 r  ap_clk_IBUF_BUFG_inst/O
    X4Y3 (CLOCK_ROOT)    net (fo=9698, routed)        1.784     3.102    u_nn_accelerator/u_sum_signed_q0/ap_clk_IBUF_BUFG
    SLICE_X116Y246       FDRE                                         r  u_nn_accelerator/u_sum_signed_q0/reduce_layer310_reg[2]/C
                         clock pessimism             -0.660     2.442    
    SLICE_X116Y246       FDRE (Hold_CFF_SLICEL_C_D)
                                                      0.060     2.502    u_nn_accelerator/u_sum_signed_q0/reduce_layer310_reg[2]
  -------------------------------------------------------------------
                         required time                         -2.502    
                         arrival time                           2.526    
  -------------------------------------------------------------------
                         slack                                  0.024    

Slack (MET) :             0.025ns  (arrival time - required time)
  Source:                 u_nn_accelerator/u_sum_signed_q0/reduce_layer419_reg[2]/C
                            (rising edge-triggered cell FDRE clocked by ap_clk  {rise@0.000ns fall@0.500ns period=1.000ns})
  Destination:            u_nn_accelerator/u_sum_signed_q0/reduce_layer59_reg[2]/D
                            (rising edge-triggered cell FDRE clocked by ap_clk  {rise@0.000ns fall@0.500ns period=1.000ns})
  Path Group:             ap_clk
  Path Type:              Hold (Min at Slow Process Corner)
  Requirement:            0.000ns  (ap_clk rise@0.000ns - ap_clk rise@0.000ns)
  Data Path Delay:        0.261ns  (logic 0.109ns (41.762%)  route 0.152ns (58.238%))
  Logic Levels:           2  (CARRY8=1 LUT2=1)
  Clock Path Skew:        0.176ns (DCD - SCD - CPR)
    Destination Clock Delay (DCD):    3.014ns
    Source Clock Delay      (SCD):    2.180ns
    Clock Pessimism Removal (CPR):    0.658ns
  Clock Net Delay (Source):      1.409ns (routing 0.691ns, distribution 0.718ns)
  Clock Net Delay (Destination): 1.696ns (routing 0.760ns, distribution 0.936ns)

    Location             Delay type                Incr(ns)  Path(ns)    Netlist Resource(s)
  -------------------------------------------------------------------    -------------------
                         (clock ap_clk rise edge)     0.000     0.000 r  
    K17                                               0.000     0.000 r  ap_clk (IN)
                         net (fo=0)                   0.000     0.000    ap_clk_IBUF_inst/I
    K17                  INBUF (Prop_INBUF_HDIOB_M_PAD_O)
                                                      0.578     0.578 r  ap_clk_IBUF_inst/INBUF_INST/O
                         net (fo=1, routed)           0.000     0.578    ap_clk_IBUF_inst/OUT
    K17                  IBUFCTRL (Prop_IBUFCTRL_HDIOB_M_I_O)
                                                      0.000     0.578 r  ap_clk_IBUF_inst/IBUFCTRL_INST/O
                         net (fo=1, routed)           0.169     0.747    ap_clk_IBUF
    BUFGCE_HDIO_X0Y4     BUFGCE (Prop_BUFCE_BUFGCE_HDIO_I_O)
                                                      0.024     0.771 r  ap_clk_IBUF_BUFG_inst/O
    X4Y3 (CLOCK_ROOT)    net (fo=9698, routed)        1.409     2.180    u_nn_accelerator/u_sum_signed_q0/ap_clk_IBUF_BUFG
    SLICE_X96Y275        FDRE                                         r  u_nn_accelerator/u_sum_signed_q0/reduce_layer419_reg[2]/C
  -------------------------------------------------------------------    -------------------
    SLICE_X96Y275        FDRE (Prop_CFF_SLICEM_C_Q)
                                                      0.058     2.238 r  u_nn_accelerator/u_sum_signed_q0/reduce_layer419_reg[2]/Q
                         net (fo=1, routed)           0.123     2.361    u_nn_accelerator/u_sum_signed_q0/reduce_layer419[2]
    SLICE_X99Y277        LUT2 (Prop_C6LUT_SLICEM_I1_O)
                                                      0.022     2.383 r  u_nn_accelerator/u_sum_signed_q0/reduce_layer59[7]_i_7/O
                         net (fo=1, routed)           0.019     2.402    u_nn_accelerator/u_sum_signed_q0/reduce_layer59[7]_i_7_n_0
    SLICE_X99Y277        CARRY8 (Prop_CARRY8_SLICEM_S[2]_O[2])
                                                      0.029     2.431 r  u_nn_accelerator/u_sum_signed_q0/reduce_layer59_reg[7]_i_1/O[2]
                         net (fo=1, routed)           0.010     2.441    u_nn_accelerator/u_sum_signed_q0/w_reduce_layer59[2]
    SLICE_X99Y277        FDRE                                         r  u_nn_accelerator/u_sum_signed_q0/reduce_layer59_reg[2]/D
  -------------------------------------------------------------------    -------------------

                         (clock ap_clk rise edge)     0.000     0.000 r  
    K17                                               0.000     0.000 r  ap_clk (IN)
                         net (fo=0)                   0.000     0.000    ap_clk_IBUF_inst/I
    K17                  INBUF (Prop_INBUF_HDIOB_M_PAD_O)
                                                      1.086     1.086 r  ap_clk_IBUF_inst/INBUF_INST/O
                         net (fo=1, routed)           0.000     1.086    ap_clk_IBUF_inst/OUT
    K17                  IBUFCTRL (Prop_IBUFCTRL_HDIOB_M_I_O)
                                                      0.000     1.086 r  ap_clk_IBUF_inst/IBUFCTRL_INST/O
                         net (fo=1, routed)           0.204     1.290    ap_clk_IBUF
    BUFGCE_HDIO_X0Y4     BUFGCE (Prop_BUFCE_BUFGCE_HDIO_I_O)
                                                      0.028     1.318 r  ap_clk_IBUF_BUFG_inst/O
    X4Y3 (CLOCK_ROOT)    net (fo=9698, routed)        1.696     3.014    u_nn_accelerator/u_sum_signed_q0/ap_clk_IBUF_BUFG
    SLICE_X99Y277        FDRE                                         r  u_nn_accelerator/u_sum_signed_q0/reduce_layer59_reg[2]/C
                         clock pessimism             -0.658     2.356    
    SLICE_X99Y277        FDRE (Hold_CFF_SLICEM_C_D)
                                                      0.060     2.416    u_nn_accelerator/u_sum_signed_q0/reduce_layer59_reg[2]
  -------------------------------------------------------------------
                         required time                         -2.416    
                         arrival time                           2.441    
  -------------------------------------------------------------------
                         slack                                  0.025    

Slack (MET) :             0.025ns  (arrival time - required time)
  Source:                 u_nn_accelerator/u_sum_signed_q0/reduce_layer317_reg[1]/C
                            (rising edge-triggered cell FDRE clocked by ap_clk  {rise@0.000ns fall@0.500ns period=1.000ns})
  Destination:            u_nn_accelerator/u_sum_signed_q0/reduce_layer48_reg[1]/D
                            (rising edge-triggered cell FDRE clocked by ap_clk  {rise@0.000ns fall@0.500ns period=1.000ns})
  Path Group:             ap_clk
  Path Type:              Hold (Min at Slow Process Corner)
  Requirement:            0.000ns  (ap_clk rise@0.000ns - ap_clk rise@0.000ns)
  Data Path Delay:        0.192ns  (logic 0.109ns (56.771%)  route 0.083ns (43.229%))
  Logic Levels:           2  (CARRY8=1 LUT2=1)
  Clock Path Skew:        0.107ns (DCD - SCD - CPR)
    Destination Clock Delay (DCD):    3.035ns
    Source Clock Delay      (SCD):    2.267ns
    Clock Pessimism Removal (CPR):    0.661ns
  Clock Net Delay (Source):      1.495ns (routing 0.691ns, distribution 0.804ns)
  Clock Net Delay (Destination): 1.717ns (routing 0.760ns, distribution 0.957ns)

    Location             Delay type                Incr(ns)  Path(ns)    Netlist Resource(s)
  -------------------------------------------------------------------    -------------------
                         (clock ap_clk rise edge)     0.000     0.000 r  
    K17                                               0.000     0.000 r  ap_clk (IN)
                         net (fo=0)                   0.000     0.000    ap_clk_IBUF_inst/I
    K17                  INBUF (Prop_INBUF_HDIOB_M_PAD_O)
                                                      0.578     0.578 r  ap_clk_IBUF_inst/INBUF_INST/O
                         net (fo=1, routed)           0.000     0.578    ap_clk_IBUF_inst/OUT
    K17                  IBUFCTRL (Prop_IBUFCTRL_HDIOB_M_I_O)
                                                      0.000     0.578 r  ap_clk_IBUF_inst/IBUFCTRL_INST/O
                         net (fo=1, routed)           0.169     0.747    ap_clk_IBUF
    BUFGCE_HDIO_X0Y4     BUFGCE (Prop_BUFCE_BUFGCE_HDIO_I_O)
                                                      0.024     0.771 r  ap_clk_IBUF_BUFG_inst/O
    X4Y3 (CLOCK_ROOT)    net (fo=9698, routed)        1.495     2.267    u_nn_accelerator/u_sum_signed_q0/ap_clk_IBUF_BUFG
    SLICE_X98Y248        FDRE                                         r  u_nn_accelerator/u_sum_signed_q0/reduce_layer317_reg[1]/C
  -------------------------------------------------------------------    -------------------
    SLICE_X98Y248        FDRE (Prop_BFF_SLICEL_C_Q)
                                                      0.059     2.326 r  u_nn_accelerator/u_sum_signed_q0/reduce_layer317_reg[1]/Q
                         net (fo=1, routed)           0.058     2.384    u_nn_accelerator/u_sum_signed_q0/reduce_layer317[1]
    SLICE_X99Y248        LUT2 (Prop_B6LUT_SLICEM_I1_O)
                                                      0.022     2.406 r  u_nn_accelerator/u_sum_signed_q0/reduce_layer48[7]_i_9/O
                         net (fo=1, routed)           0.015     2.421    u_nn_accelerator/u_sum_signed_q0/reduce_layer48[7]_i_9_n_0
    SLICE_X99Y248        CARRY8 (Prop_CARRY8_SLICEM_S[1]_O[1])
                                                      0.028     2.449 r  u_nn_accelerator/u_sum_signed_q0/reduce_layer48_reg[7]_i_1/O[1]
                         net (fo=1, routed)           0.010     2.459    u_nn_accelerator/u_sum_signed_q0/w_reduce_layer48[1]
    SLICE_X99Y248        FDRE                                         r  u_nn_accelerator/u_sum_signed_q0/reduce_layer48_reg[1]/D
  -------------------------------------------------------------------    -------------------

                         (clock ap_clk rise edge)     0.000     0.000 r  
    K17                                               0.000     0.000 r  ap_clk (IN)
                         net (fo=0)                   0.000     0.000    ap_clk_IBUF_inst/I
    K17                  INBUF (Prop_INBUF_HDIOB_M_PAD_O)
                                                      1.086     1.086 r  ap_clk_IBUF_inst/INBUF_INST/O
                         net (fo=1, routed)           0.000     1.086    ap_clk_IBUF_inst/OUT
    K17                  IBUFCTRL (Prop_IBUFCTRL_HDIOB_M_I_O)
                                                      0.000     1.086 r  ap_clk_IBUF_inst/IBUFCTRL_INST/O
                         net (fo=1, routed)           0.204     1.290    ap_clk_IBUF
    BUFGCE_HDIO_X0Y4     BUFGCE (Prop_BUFCE_BUFGCE_HDIO_I_O)
                                                      0.028     1.318 r  ap_clk_IBUF_BUFG_inst/O
    X4Y3 (CLOCK_ROOT)    net (fo=9698, routed)        1.717     3.035    u_nn_accelerator/u_sum_signed_q0/ap_clk_IBUF_BUFG
    SLICE_X99Y248        FDRE                                         r  u_nn_accelerator/u_sum_signed_q0/reduce_layer48_reg[1]/C
                         clock pessimism             -0.661     2.374    
    SLICE_X99Y248        FDRE (Hold_BFF_SLICEM_C_D)
                                                      0.060     2.434    u_nn_accelerator/u_sum_signed_q0/reduce_layer48_reg[1]
  -------------------------------------------------------------------
                         required time                         -2.434    
                         arrival time                           2.459    
  -------------------------------------------------------------------
                         slack                                  0.025    

Slack (MET) :             0.025ns  (arrival time - required time)
  Source:                 u_nn_accelerator/u_sum_signed_q0/reduce_layer345_reg[3]/C
                            (rising edge-triggered cell FDRE clocked by ap_clk  {rise@0.000ns fall@0.500ns period=1.000ns})
  Destination:            u_nn_accelerator/u_sum_signed_q0/reduce_layer422_reg[3]/D
                            (rising edge-triggered cell FDRE clocked by ap_clk  {rise@0.000ns fall@0.500ns period=1.000ns})
  Path Group:             ap_clk
  Path Type:              Hold (Min at Slow Process Corner)
  Requirement:            0.000ns  (ap_clk rise@0.000ns - ap_clk rise@0.000ns)
  Data Path Delay:        0.188ns  (logic 0.106ns (56.383%)  route 0.082ns (43.617%))
  Logic Levels:           2  (CARRY8=1 LUT2=1)
  Clock Path Skew:        0.103ns (DCD - SCD - CPR)
    Destination Clock Delay (DCD):    3.086ns
    Source Clock Delay      (SCD):    2.323ns
    Clock Pessimism Removal (CPR):    0.660ns
  Clock Net Delay (Source):      1.552ns (routing 0.691ns, distribution 0.861ns)
  Clock Net Delay (Destination): 1.768ns (routing 0.760ns, distribution 1.008ns)

    Location             Delay type                Incr(ns)  Path(ns)    Netlist Resource(s)
  -------------------------------------------------------------------    -------------------
                         (clock ap_clk rise edge)     0.000     0.000 r  
    K17                                               0.000     0.000 r  ap_clk (IN)
                         net (fo=0)                   0.000     0.000    ap_clk_IBUF_inst/I
    K17                  INBUF (Prop_INBUF_HDIOB_M_PAD_O)
                                                      0.578     0.578 r  ap_clk_IBUF_inst/INBUF_INST/O
                         net (fo=1, routed)           0.000     0.578    ap_clk_IBUF_inst/OUT
    K17                  IBUFCTRL (Prop_IBUFCTRL_HDIOB_M_I_O)
                                                      0.000     0.578 r  ap_clk_IBUF_inst/IBUFCTRL_INST/O
                         net (fo=1, routed)           0.169     0.747    ap_clk_IBUF
    BUFGCE_HDIO_X0Y4     BUFGCE (Prop_BUFCE_BUFGCE_HDIO_I_O)
                                                      0.024     0.771 r  ap_clk_IBUF_BUFG_inst/O
    X4Y3 (CLOCK_ROOT)    net (fo=9698, routed)        1.552     2.323    u_nn_accelerator/u_sum_signed_q0/ap_clk_IBUF_BUFG
    SLICE_X112Y284       FDRE                                         r  u_nn_accelerator/u_sum_signed_q0/reduce_layer345_reg[3]/C
  -------------------------------------------------------------------    -------------------
    SLICE_X112Y284       FDRE (Prop_DFF_SLICEM_C_Q)
                                                      0.058     2.381 r  u_nn_accelerator/u_sum_signed_q0/reduce_layer345_reg[3]/Q
                         net (fo=1, routed)           0.063     2.444    u_nn_accelerator/u_sum_signed_q0/reduce_layer345[3]
    SLICE_X111Y284       LUT2 (Prop_D6LUT_SLICEL_I1_O)
                                                      0.022     2.466 r  u_nn_accelerator/u_sum_signed_q0/reduce_layer422[7]_i_7/O
                         net (fo=1, routed)           0.009     2.475    u_nn_accelerator/u_sum_signed_q0/reduce_layer422[7]_i_7_n_0
    SLICE_X111Y284       CARRY8 (Prop_CARRY8_SLICEL_S[3]_O[3])
                                                      0.026     2.501 r  u_nn_accelerator/u_sum_signed_q0/reduce_layer422_reg[7]_i_1/O[3]
                         net (fo=1, routed)           0.010     2.511    u_nn_accelerator/u_sum_signed_q0/w_reduce_layer422[3]
    SLICE_X111Y284       FDRE                                         r  u_nn_accelerator/u_sum_signed_q0/reduce_layer422_reg[3]/D
  -------------------------------------------------------------------    -------------------

                         (clock ap_clk rise edge)     0.000     0.000 r  
    K17                                               0.000     0.000 r  ap_clk (IN)
                         net (fo=0)                   0.000     0.000    ap_clk_IBUF_inst/I
    K17                  INBUF (Prop_INBUF_HDIOB_M_PAD_O)
                                                      1.086     1.086 r  ap_clk_IBUF_inst/INBUF_INST/O
                         net (fo=1, routed)           0.000     1.086    ap_clk_IBUF_inst/OUT
    K17                  IBUFCTRL (Prop_IBUFCTRL_HDIOB_M_I_O)
                                                      0.000     1.086 r  ap_clk_IBUF_inst/IBUFCTRL_INST/O
                         net (fo=1, routed)           0.204     1.290    ap_clk_IBUF
    BUFGCE_HDIO_X0Y4     BUFGCE (Prop_BUFCE_BUFGCE_HDIO_I_O)
                                                      0.028     1.318 r  ap_clk_IBUF_BUFG_inst/O
    X4Y3 (CLOCK_ROOT)    net (fo=9698, routed)        1.768     3.086    u_nn_accelerator/u_sum_signed_q0/ap_clk_IBUF_BUFG
    SLICE_X111Y284       FDRE                                         r  u_nn_accelerator/u_sum_signed_q0/reduce_layer422_reg[3]/C
                         clock pessimism             -0.660     2.426    
    SLICE_X111Y284       FDRE (Hold_DFF_SLICEL_C_D)
                                                      0.060     2.486    u_nn_accelerator/u_sum_signed_q0/reduce_layer422_reg[3]
  -------------------------------------------------------------------
                         required time                         -2.486    
                         arrival time                           2.511    
  -------------------------------------------------------------------
                         slack                                  0.025    

Slack (MET) :             0.026ns  (arrival time - required time)
  Source:                 u_nn_accelerator/u_sum_signed_q0/reduce_layer345_reg[2]/C
                            (rising edge-triggered cell FDRE clocked by ap_clk  {rise@0.000ns fall@0.500ns period=1.000ns})
  Destination:            u_nn_accelerator/u_sum_signed_q0/reduce_layer422_reg[2]/D
                            (rising edge-triggered cell FDRE clocked by ap_clk  {rise@0.000ns fall@0.500ns period=1.000ns})
  Path Group:             ap_clk
  Path Type:              Hold (Min at Slow Process Corner)
  Requirement:            0.000ns  (ap_clk rise@0.000ns - ap_clk rise@0.000ns)
  Data Path Delay:        0.189ns  (logic 0.106ns (56.085%)  route 0.083ns (43.915%))
  Logic Levels:           2  (CARRY8=1 LUT2=1)
  Clock Path Skew:        0.103ns (DCD - SCD - CPR)
    Destination Clock Delay (DCD):    3.086ns
    Source Clock Delay      (SCD):    2.323ns
    Clock Pessimism Removal (CPR):    0.660ns
  Clock Net Delay (Source):      1.552ns (routing 0.691ns, distribution 0.861ns)
  Clock Net Delay (Destination): 1.768ns (routing 0.760ns, distribution 1.008ns)

    Location             Delay type                Incr(ns)  Path(ns)    Netlist Resource(s)
  -------------------------------------------------------------------    -------------------
                         (clock ap_clk rise edge)     0.000     0.000 r  
    K17                                               0.000     0.000 r  ap_clk (IN)
                         net (fo=0)                   0.000     0.000    ap_clk_IBUF_inst/I
    K17                  INBUF (Prop_INBUF_HDIOB_M_PAD_O)
                                                      0.578     0.578 r  ap_clk_IBUF_inst/INBUF_INST/O
                         net (fo=1, routed)           0.000     0.578    ap_clk_IBUF_inst/OUT
    K17                  IBUFCTRL (Prop_IBUFCTRL_HDIOB_M_I_O)
                                                      0.000     0.578 r  ap_clk_IBUF_inst/IBUFCTRL_INST/O
                         net (fo=1, routed)           0.169     0.747    ap_clk_IBUF
    BUFGCE_HDIO_X0Y4     BUFGCE (Prop_BUFCE_BUFGCE_HDIO_I_O)
                                                      0.024     0.771 r  ap_clk_IBUF_BUFG_inst/O
    X4Y3 (CLOCK_ROOT)    net (fo=9698, routed)        1.552     2.323    u_nn_accelerator/u_sum_signed_q0/ap_clk_IBUF_BUFG
    SLICE_X112Y284       FDRE                                         r  u_nn_accelerator/u_sum_signed_q0/reduce_layer345_reg[2]/C
  -------------------------------------------------------------------    -------------------
    SLICE_X112Y284       FDRE (Prop_CFF_SLICEM_C_Q)
                                                      0.058     2.381 r  u_nn_accelerator/u_sum_signed_q0/reduce_layer345_reg[2]/Q
                         net (fo=1, routed)           0.063     2.444    u_nn_accelerator/u_sum_signed_q0/reduce_layer345[2]
    SLICE_X111Y284       LUT2 (Prop_C6LUT_SLICEL_I1_O)
                                                      0.022     2.466 r  u_nn_accelerator/u_sum_signed_q0/reduce_layer422[7]_i_8/O
                         net (fo=1, routed)           0.010     2.476    u_nn_accelerator/u_sum_signed_q0/reduce_layer422[7]_i_8_n_0
    SLICE_X111Y284       CARRY8 (Prop_CARRY8_SLICEL_S[2]_O[2])
                                                      0.026     2.502 r  u_nn_accelerator/u_sum_signed_q0/reduce_layer422_reg[7]_i_1/O[2]
                         net (fo=1, routed)           0.010     2.512    u_nn_accelerator/u_sum_signed_q0/w_reduce_layer422[2]
    SLICE_X111Y284       FDRE                                         r  u_nn_accelerator/u_sum_signed_q0/reduce_layer422_reg[2]/D
  -------------------------------------------------------------------    -------------------

                         (clock ap_clk rise edge)     0.000     0.000 r  
    K17                                               0.000     0.000 r  ap_clk (IN)
                         net (fo=0)                   0.000     0.000    ap_clk_IBUF_inst/I
    K17                  INBUF (Prop_INBUF_HDIOB_M_PAD_O)
                                                      1.086     1.086 r  ap_clk_IBUF_inst/INBUF_INST/O
                         net (fo=1, routed)           0.000     1.086    ap_clk_IBUF_inst/OUT
    K17                  IBUFCTRL (Prop_IBUFCTRL_HDIOB_M_I_O)
                                                      0.000     1.086 r  ap_clk_IBUF_inst/IBUFCTRL_INST/O
                         net (fo=1, routed)           0.204     1.290    ap_clk_IBUF
    BUFGCE_HDIO_X0Y4     BUFGCE (Prop_BUFCE_BUFGCE_HDIO_I_O)
                                                      0.028     1.318 r  ap_clk_IBUF_BUFG_inst/O
    X4Y3 (CLOCK_ROOT)    net (fo=9698, routed)        1.768     3.086    u_nn_accelerator/u_sum_signed_q0/ap_clk_IBUF_BUFG
    SLICE_X111Y284       FDRE                                         r  u_nn_accelerator/u_sum_signed_q0/reduce_layer422_reg[2]/C
                         clock pessimism             -0.660     2.426    
    SLICE_X111Y284       FDRE (Hold_CFF_SLICEL_C_D)
                                                      0.060     2.486    u_nn_accelerator/u_sum_signed_q0/reduce_layer422_reg[2]
  -------------------------------------------------------------------
                         required time                         -2.486    
                         arrival time                           2.512    
  -------------------------------------------------------------------
                         slack                                  0.026    

Slack (MET) :             0.027ns  (arrival time - required time)
  Source:                 u_nn_accelerator/u_sum_signed_q0/reduce_layer243_reg[3]/C
                            (rising edge-triggered cell FDRE clocked by ap_clk  {rise@0.000ns fall@0.500ns period=1.000ns})
  Destination:            u_nn_accelerator/u_sum_signed_q0/reduce_layer321_reg[3]/D
                            (rising edge-triggered cell FDRE clocked by ap_clk  {rise@0.000ns fall@0.500ns period=1.000ns})
  Path Group:             ap_clk
  Path Type:              Hold (Min at Slow Process Corner)
  Requirement:            0.000ns  (ap_clk rise@0.000ns - ap_clk rise@0.000ns)
  Data Path Delay:        0.254ns  (logic 0.106ns (41.732%)  route 0.148ns (58.268%))
  Logic Levels:           2  (CARRY8=1 LUT2=1)
  Clock Path Skew:        0.167ns (DCD - SCD - CPR)
    Destination Clock Delay (DCD):    3.033ns
    Source Clock Delay      (SCD):    2.251ns
    Clock Pessimism Removal (CPR):    0.616ns
  Clock Net Delay (Source):      1.480ns (routing 0.691ns, distribution 0.789ns)
  Clock Net Delay (Destination): 1.715ns (routing 0.760ns, distribution 0.955ns)

    Location             Delay type                Incr(ns)  Path(ns)    Netlist Resource(s)
  -------------------------------------------------------------------    -------------------
                         (clock ap_clk rise edge)     0.000     0.000 r  
    K17                                               0.000     0.000 r  ap_clk (IN)
                         net (fo=0)                   0.000     0.000    ap_clk_IBUF_inst/I
    K17                  INBUF (Prop_INBUF_HDIOB_M_PAD_O)
                                                      0.578     0.578 r  ap_clk_IBUF_inst/INBUF_INST/O
                         net (fo=1, routed)           0.000     0.578    ap_clk_IBUF_inst/OUT
    K17                  IBUFCTRL (Prop_IBUFCTRL_HDIOB_M_I_O)
                                                      0.000     0.578 r  ap_clk_IBUF_inst/IBUFCTRL_INST/O
                         net (fo=1, routed)           0.169     0.747    ap_clk_IBUF
    BUFGCE_HDIO_X0Y4     BUFGCE (Prop_BUFCE_BUFGCE_HDIO_I_O)
                                                      0.024     0.771 r  ap_clk_IBUF_BUFG_inst/O
    X4Y3 (CLOCK_ROOT)    net (fo=9698, routed)        1.480     2.251    u_nn_accelerator/u_sum_signed_q0/ap_clk_IBUF_BUFG
    SLICE_X107Y238       FDRE                                         r  u_nn_accelerator/u_sum_signed_q0/reduce_layer243_reg[3]/C
  -------------------------------------------------------------------    -------------------
    SLICE_X107Y238       FDRE (Prop_DFF_SLICEM_C_Q)
                                                      0.058     2.309 r  u_nn_accelerator/u_sum_signed_q0/reduce_layer243_reg[3]/Q
                         net (fo=1, routed)           0.129     2.438    u_nn_accelerator/u_sum_signed_q0/reduce_layer243[3]
    SLICE_X106Y240       LUT2 (Prop_D6LUT_SLICEL_I1_O)
                                                      0.022     2.460 r  u_nn_accelerator/u_sum_signed_q0/reduce_layer321[7]_i_6/O
                         net (fo=1, routed)           0.009     2.469    u_nn_accelerator/u_sum_signed_q0/reduce_layer321[7]_i_6_n_0
    SLICE_X106Y240       CARRY8 (Prop_CARRY8_SLICEL_S[3]_O[3])
                                                      0.026     2.495 r  u_nn_accelerator/u_sum_signed_q0/reduce_layer321_reg[7]_i_1/O[3]
                         net (fo=1, routed)           0.010     2.505    u_nn_accelerator/u_sum_signed_q0/w_reduce_layer321[3]
    SLICE_X106Y240       FDRE                                         r  u_nn_accelerator/u_sum_signed_q0/reduce_layer321_reg[3]/D
  -------------------------------------------------------------------    -------------------

                         (clock ap_clk rise edge)     0.000     0.000 r  
    K17                                               0.000     0.000 r  ap_clk (IN)
                         net (fo=0)                   0.000     0.000    ap_clk_IBUF_inst/I
    K17                  INBUF (Prop_INBUF_HDIOB_M_PAD_O)
                                                      1.086     1.086 r  ap_clk_IBUF_inst/INBUF_INST/O
                         net (fo=1, routed)           0.000     1.086    ap_clk_IBUF_inst/OUT
    K17                  IBUFCTRL (Prop_IBUFCTRL_HDIOB_M_I_O)
                                                      0.000     1.086 r  ap_clk_IBUF_inst/IBUFCTRL_INST/O
                         net (fo=1, routed)           0.204     1.290    ap_clk_IBUF
    BUFGCE_HDIO_X0Y4     BUFGCE (Prop_BUFCE_BUFGCE_HDIO_I_O)
                                                      0.028     1.318 r  ap_clk_IBUF_BUFG_inst/O
    X4Y3 (CLOCK_ROOT)    net (fo=9698, routed)        1.715     3.033    u_nn_accelerator/u_sum_signed_q0/ap_clk_IBUF_BUFG
    SLICE_X106Y240       FDRE                                         r  u_nn_accelerator/u_sum_signed_q0/reduce_layer321_reg[3]/C
                         clock pessimism             -0.616     2.418    
    SLICE_X106Y240       FDRE (Hold_DFF_SLICEL_C_D)
                                                      0.060     2.478    u_nn_accelerator/u_sum_signed_q0/reduce_layer321_reg[3]
  -------------------------------------------------------------------
                         required time                         -2.478    
                         arrival time                           2.505    
  -------------------------------------------------------------------
                         slack                                  0.027    





Pulse Width Checks
--------------------------------------------------------------------------------------
Clock Name:         ap_clk
Waveform(ns):       { 0.000 0.500 }
Period(ns):         1.000
Sources:            { ap_clk }

Check Type        Corner  Lib Pin     Reference Pin  Required(ns)  Actual(ns)  Slack(ns)  Location          Pin
Min Period        n/a     BUFGCE/I    n/a            1.290         1.000       -0.290     BUFGCE_HDIO_X0Y4  ap_clk_IBUF_BUFG_inst/I
Min Period        n/a     SRL16E/CLK  n/a            1.064         1.000       -0.064     SLICE_X103Y292    u_nn_accelerator/u_sum_signed_i0/reduce_layer512_reg[0]_srl2___u_nn_accelerator_u_sum_signed_i0_reduce_layer512_reg_r/CLK
Min Period        n/a     SRL16E/CLK  n/a            1.064         1.000       -0.064     SLICE_X103Y292    u_nn_accelerator/u_sum_signed_i0/reduce_layer512_reg[1]_srl2___u_nn_accelerator_u_sum_signed_i0_reduce_layer512_reg_r/CLK
Min Period        n/a     SRL16E/CLK  n/a            1.064         1.000       -0.064     SLICE_X103Y292    u_nn_accelerator/u_sum_signed_i0/reduce_layer512_reg[2]_srl2___u_nn_accelerator_u_sum_signed_i0_reduce_layer512_reg_r/CLK
Min Period        n/a     SRL16E/CLK  n/a            1.064         1.000       -0.064     SLICE_X103Y292    u_nn_accelerator/u_sum_signed_i0/reduce_layer512_reg[3]_srl2___u_nn_accelerator_u_sum_signed_i0_reduce_layer512_reg_r/CLK
Min Period        n/a     SRL16E/CLK  n/a            1.064         1.000       -0.064     SLICE_X103Y292    u_nn_accelerator/u_sum_signed_i0/reduce_layer512_reg[4]_srl2___u_nn_accelerator_u_sum_signed_i0_reduce_layer512_reg_r/CLK
Min Period        n/a     SRL16E/CLK  n/a            1.064         1.000       -0.064     SLICE_X103Y292    u_nn_accelerator/u_sum_signed_i0/reduce_layer512_reg[5]_srl2___u_nn_accelerator_u_sum_signed_i0_reduce_layer512_reg_r/CLK
Min Period        n/a     SRL16E/CLK  n/a            1.064         1.000       -0.064     SLICE_X103Y292    u_nn_accelerator/u_sum_signed_i0/reduce_layer512_reg[6]_srl2___u_nn_accelerator_u_sum_signed_i0_reduce_layer512_reg_r/CLK
Min Period        n/a     SRL16E/CLK  n/a            1.064         1.000       -0.064     SLICE_X103Y292    u_nn_accelerator/u_sum_signed_i0/reduce_layer512_reg[7]_srl2___u_nn_accelerator_u_sum_signed_i0_reduce_layer512_reg_r/CLK
Min Period        n/a     SRL16E/CLK  n/a            1.064         1.000       -0.064     SLICE_X103Y292    u_nn_accelerator/u_sum_signed_i0/reduce_layer512_reg[8]_srl2___u_nn_accelerator_u_sum_signed_i0_reduce_layer512_reg_r/CLK
Low Pulse Width   Slow    SRL16E/CLK  n/a            0.532         0.500       -0.032     SLICE_X103Y292    u_nn_accelerator/u_sum_signed_i0/reduce_layer512_reg[0]_srl2___u_nn_accelerator_u_sum_signed_i0_reduce_layer512_reg_r/CLK
Low Pulse Width   Fast    SRL16E/CLK  n/a            0.532         0.500       -0.032     SLICE_X103Y292    u_nn_accelerator/u_sum_signed_i0/reduce_layer512_reg[0]_srl2___u_nn_accelerator_u_sum_signed_i0_reduce_layer512_reg_r/CLK
Low Pulse Width   Slow    SRL16E/CLK  n/a            0.532         0.500       -0.032     SLICE_X103Y292    u_nn_accelerator/u_sum_signed_i0/reduce_layer512_reg[1]_srl2___u_nn_accelerator_u_sum_signed_i0_reduce_layer512_reg_r/CLK
Low Pulse Width   Fast    SRL16E/CLK  n/a            0.532         0.500       -0.032     SLICE_X103Y292    u_nn_accelerator/u_sum_signed_i0/reduce_layer512_reg[1]_srl2___u_nn_accelerator_u_sum_signed_i0_reduce_layer512_reg_r/CLK
Low Pulse Width   Slow    SRL16E/CLK  n/a            0.532         0.500       -0.032     SLICE_X103Y292    u_nn_accelerator/u_sum_signed_i0/reduce_layer512_reg[2]_srl2___u_nn_accelerator_u_sum_signed_i0_reduce_layer512_reg_r/CLK
Low Pulse Width   Fast    SRL16E/CLK  n/a            0.532         0.500       -0.032     SLICE_X103Y292    u_nn_accelerator/u_sum_signed_i0/reduce_layer512_reg[2]_srl2___u_nn_accelerator_u_sum_signed_i0_reduce_layer512_reg_r/CLK
Low Pulse Width   Slow    SRL16E/CLK  n/a            0.532         0.500       -0.032     SLICE_X103Y292    u_nn_accelerator/u_sum_signed_i0/reduce_layer512_reg[3]_srl2___u_nn_accelerator_u_sum_signed_i0_reduce_layer512_reg_r/CLK
Low Pulse Width   Fast    SRL16E/CLK  n/a            0.532         0.500       -0.032     SLICE_X103Y292    u_nn_accelerator/u_sum_signed_i0/reduce_layer512_reg[3]_srl2___u_nn_accelerator_u_sum_signed_i0_reduce_layer512_reg_r/CLK
Low Pulse Width   Slow    SRL16E/CLK  n/a            0.532         0.500       -0.032     SLICE_X103Y292    u_nn_accelerator/u_sum_signed_i0/reduce_layer512_reg[4]_srl2___u_nn_accelerator_u_sum_signed_i0_reduce_layer512_reg_r/CLK
Low Pulse Width   Fast    SRL16E/CLK  n/a            0.532         0.500       -0.032     SLICE_X103Y292    u_nn_accelerator/u_sum_signed_i0/reduce_layer512_reg[4]_srl2___u_nn_accelerator_u_sum_signed_i0_reduce_layer512_reg_r/CLK
High Pulse Width  Slow    SRL16E/CLK  n/a            0.532         0.500       -0.032     SLICE_X103Y292    u_nn_accelerator/u_sum_signed_i0/reduce_layer512_reg[0]_srl2___u_nn_accelerator_u_sum_signed_i0_reduce_layer512_reg_r/CLK
High Pulse Width  Fast    SRL16E/CLK  n/a            0.532         0.500       -0.032     SLICE_X103Y292    u_nn_accelerator/u_sum_signed_i0/reduce_layer512_reg[0]_srl2___u_nn_accelerator_u_sum_signed_i0_reduce_layer512_reg_r/CLK
High Pulse Width  Slow    SRL16E/CLK  n/a            0.532         0.500       -0.032     SLICE_X103Y292    u_nn_accelerator/u_sum_signed_i0/reduce_layer512_reg[1]_srl2___u_nn_accelerator_u_sum_signed_i0_reduce_layer512_reg_r/CLK
High Pulse Width  Fast    SRL16E/CLK  n/a            0.532         0.500       -0.032     SLICE_X103Y292    u_nn_accelerator/u_sum_signed_i0/reduce_layer512_reg[1]_srl2___u_nn_accelerator_u_sum_signed_i0_reduce_layer512_reg_r/CLK
High Pulse Width  Slow    SRL16E/CLK  n/a            0.532         0.500       -0.032     SLICE_X103Y292    u_nn_accelerator/u_sum_signed_i0/reduce_layer512_reg[2]_srl2___u_nn_accelerator_u_sum_signed_i0_reduce_layer512_reg_r/CLK
High Pulse Width  Fast    SRL16E/CLK  n/a            0.532         0.500       -0.032     SLICE_X103Y292    u_nn_accelerator/u_sum_signed_i0/reduce_layer512_reg[2]_srl2___u_nn_accelerator_u_sum_signed_i0_reduce_layer512_reg_r/CLK
High Pulse Width  Slow    SRL16E/CLK  n/a            0.532         0.500       -0.032     SLICE_X103Y292    u_nn_accelerator/u_sum_signed_i0/reduce_layer512_reg[3]_srl2___u_nn_accelerator_u_sum_signed_i0_reduce_layer512_reg_r/CLK
High Pulse Width  Fast    SRL16E/CLK  n/a            0.532         0.500       -0.032     SLICE_X103Y292    u_nn_accelerator/u_sum_signed_i0/reduce_layer512_reg[3]_srl2___u_nn_accelerator_u_sum_signed_i0_reduce_layer512_reg_r/CLK
High Pulse Width  Slow    SRL16E/CLK  n/a            0.532         0.500       -0.032     SLICE_X103Y292    u_nn_accelerator/u_sum_signed_i0/reduce_layer512_reg[4]_srl2___u_nn_accelerator_u_sum_signed_i0_reduce_layer512_reg_r/CLK
High Pulse Width  Fast    SRL16E/CLK  n/a            0.532         0.500       -0.032     SLICE_X103Y292    u_nn_accelerator/u_sum_signed_i0/reduce_layer512_reg[4]_srl2___u_nn_accelerator_u_sum_signed_i0_reduce_layer512_reg_r/CLK



--------------------------------------------------------------------------------------
Path Group:  (none)
From Clock:  ap_clk
  To Clock:  

Max Delay            16 Endpoints
Min Delay            16 Endpoints
--------------------------------------------------------------------------------------


Max Delay Paths
--------------------------------------------------------------------------------------
Slack:                    inf
  Source:                 pred_addr_reg_reg[0]/C
                            (rising edge-triggered cell FDCE clocked by ap_clk  {rise@0.000ns fall@0.500ns period=1.000ns})
  Destination:            out_ADDR[0]
                            (output port)
  Path Group:             (none)
  Path Type:              Max at Slow Process Corner
  Data Path Delay:        4.029ns  (logic 2.448ns (60.769%)  route 1.581ns (39.231%))
  Logic Levels:           1  (OBUF=1)
  Clock Uncertainty:      0.025ns  ((TSJ^2 + TIJ^2)^1/2 + DJ) / 2 + PE
    Total System Jitter     (TSJ):    0.050ns
    Total Input Jitter      (TIJ):    0.000ns
    Discrete Jitter          (DJ):    0.000ns
    Phase Error              (PE):    0.000ns
  Clock Net Delay (Source):      1.699ns (routing 0.760ns, distribution 0.939ns)

    Location             Delay type                Incr(ns)  Path(ns)    Netlist Resource(s)
  -------------------------------------------------------------------    -------------------
                         (clock ap_clk rise edge)     0.000     0.000 r  
    K17                                               0.000     0.000 r  ap_clk (IN)
                         net (fo=0)                   0.000     0.000    ap_clk_IBUF_inst/I
    K17                  INBUF (Prop_INBUF_HDIOB_M_PAD_O)
                                                      1.086     1.086 r  ap_clk_IBUF_inst/INBUF_INST/O
                         net (fo=1, routed)           0.000     1.086    ap_clk_IBUF_inst/OUT
    K17                  IBUFCTRL (Prop_IBUFCTRL_HDIOB_M_I_O)
                                                      0.000     1.086 r  ap_clk_IBUF_inst/IBUFCTRL_INST/O
                         net (fo=1, routed)           0.204     1.290    ap_clk_IBUF
    BUFGCE_HDIO_X0Y4     BUFGCE (Prop_BUFCE_BUFGCE_HDIO_I_O)
                                                      0.028     1.318 r  ap_clk_IBUF_BUFG_inst/O
    X4Y3 (CLOCK_ROOT)    net (fo=9698, routed)        1.699     3.017    ap_clk_IBUF_BUFG
    SLICE_X107Y271       FDCE                                         r  pred_addr_reg_reg[0]/C
  -------------------------------------------------------------------    -------------------
    SLICE_X107Y271       FDCE (Prop_HFF2_SLICEM_C_Q)
                                                      0.078     3.095 r  pred_addr_reg_reg[0]/Q
                         net (fo=3, routed)           1.581     4.676    out_ADDR_OBUF[0]
    E10                  OBUF (Prop_OUTBUF_HDIOB_M_I_O)
                                                      2.370     7.046 r  out_ADDR_OBUF[0]_inst/O
                         net (fo=0)                   0.000     7.046    out_ADDR[0]
    E10                                                               r  out_ADDR[0] (OUT)
  -------------------------------------------------------------------    -------------------

Slack:                    inf
  Source:                 pred_addr_reg_reg[1]/C
                            (rising edge-triggered cell FDCE clocked by ap_clk  {rise@0.000ns fall@0.500ns period=1.000ns})
  Destination:            out_ADDR[1]
                            (output port)
  Path Group:             (none)
  Path Type:              Max at Slow Process Corner
  Data Path Delay:        3.482ns  (logic 2.449ns (70.327%)  route 1.033ns (29.673%))
  Logic Levels:           1  (OBUF=1)
  Clock Uncertainty:      0.025ns  ((TSJ^2 + TIJ^2)^1/2 + DJ) / 2 + PE
    Total System Jitter     (TSJ):    0.050ns
    Total Input Jitter      (TIJ):    0.000ns
    Discrete Jitter          (DJ):    0.000ns
    Phase Error              (PE):    0.000ns
  Clock Net Delay (Source):      1.746ns (routing 0.760ns, distribution 0.986ns)

    Location             Delay type                Incr(ns)  Path(ns)    Netlist Resource(s)
  -------------------------------------------------------------------    -------------------
                         (clock ap_clk rise edge)     0.000     0.000 r  
    K17                                               0.000     0.000 r  ap_clk (IN)
                         net (fo=0)                   0.000     0.000    ap_clk_IBUF_inst/I
    K17                  INBUF (Prop_INBUF_HDIOB_M_PAD_O)
                                                      1.086     1.086 r  ap_clk_IBUF_inst/INBUF_INST/O
                         net (fo=1, routed)           0.000     1.086    ap_clk_IBUF_inst/OUT
    K17                  IBUFCTRL (Prop_IBUFCTRL_HDIOB_M_I_O)
                                                      0.000     1.086 r  ap_clk_IBUF_inst/IBUFCTRL_INST/O
                         net (fo=1, routed)           0.204     1.290    ap_clk_IBUF
    BUFGCE_HDIO_X0Y4     BUFGCE (Prop_BUFCE_BUFGCE_HDIO_I_O)
                                                      0.028     1.318 r  ap_clk_IBUF_BUFG_inst/O
    X4Y3 (CLOCK_ROOT)    net (fo=9698, routed)        1.746     3.064    ap_clk_IBUF_BUFG
    SLICE_X108Y297       FDCE                                         r  pred_addr_reg_reg[1]/C
  -------------------------------------------------------------------    -------------------
    SLICE_X108Y297       FDCE (Prop_AFF_SLICEL_C_Q)
                                                      0.079     3.143 r  pred_addr_reg_reg[1]/Q
                         net (fo=2, routed)           1.033     4.176    out_ADDR_OBUF[1]
    E9                   OBUF (Prop_OUTBUF_HDIOB_S_I_O)
                                                      2.370     6.546 r  out_ADDR_OBUF[1]_inst/O
                         net (fo=0)                   0.000     6.546    out_ADDR[1]
    E9                                                                r  out_ADDR[1] (OUT)
  -------------------------------------------------------------------    -------------------

Slack:                    inf
  Source:                 pred_addr_reg_reg[4]/C
                            (rising edge-triggered cell FDCE clocked by ap_clk  {rise@0.000ns fall@0.500ns period=1.000ns})
  Destination:            out_ADDR[4]
                            (output port)
  Path Group:             (none)
  Path Type:              Max at Slow Process Corner
  Data Path Delay:        3.478ns  (logic 2.456ns (70.607%)  route 1.022ns (29.393%))
  Logic Levels:           1  (OBUF=1)
  Clock Uncertainty:      0.025ns  ((TSJ^2 + TIJ^2)^1/2 + DJ) / 2 + PE
    Total System Jitter     (TSJ):    0.050ns
    Total Input Jitter      (TIJ):    0.000ns
    Discrete Jitter          (DJ):    0.000ns
    Phase Error              (PE):    0.000ns
  Clock Net Delay (Source):      1.746ns (routing 0.760ns, distribution 0.986ns)

    Location             Delay type                Incr(ns)  Path(ns)    Netlist Resource(s)
  -------------------------------------------------------------------    -------------------
                         (clock ap_clk rise edge)     0.000     0.000 r  
    K17                                               0.000     0.000 r  ap_clk (IN)
                         net (fo=0)                   0.000     0.000    ap_clk_IBUF_inst/I
    K17                  INBUF (Prop_INBUF_HDIOB_M_PAD_O)
                                                      1.086     1.086 r  ap_clk_IBUF_inst/INBUF_INST/O
                         net (fo=1, routed)           0.000     1.086    ap_clk_IBUF_inst/OUT
    K17                  IBUFCTRL (Prop_IBUFCTRL_HDIOB_M_I_O)
                                                      0.000     1.086 r  ap_clk_IBUF_inst/IBUFCTRL_INST/O
                         net (fo=1, routed)           0.204     1.290    ap_clk_IBUF
    BUFGCE_HDIO_X0Y4     BUFGCE (Prop_BUFCE_BUFGCE_HDIO_I_O)
                                                      0.028     1.318 r  ap_clk_IBUF_BUFG_inst/O
    X4Y3 (CLOCK_ROOT)    net (fo=9698, routed)        1.746     3.064    ap_clk_IBUF_BUFG
    SLICE_X108Y297       FDCE                                         r  pred_addr_reg_reg[4]/C
  -------------------------------------------------------------------    -------------------
    SLICE_X108Y297       FDCE (Prop_DFF_SLICEL_C_Q)
                                                      0.079     3.143 r  pred_addr_reg_reg[4]/Q
                         net (fo=2, routed)           1.022     4.165    out_ADDR_OBUF[4]
    G12                  OBUF (Prop_OUTBUF_HDIOB_M_I_O)
                                                      2.377     6.542 r  out_ADDR_OBUF[4]_inst/O
                         net (fo=0)                   0.000     6.542    out_ADDR[4]
    G12                                                               r  out_ADDR[4] (OUT)
  -------------------------------------------------------------------    -------------------

Slack:                    inf
  Source:                 pred_addr_reg_reg[2]/C
                            (rising edge-triggered cell FDCE clocked by ap_clk  {rise@0.000ns fall@0.500ns period=1.000ns})
  Destination:            out_ADDR[2]
                            (output port)
  Path Group:             (none)
  Path Type:              Max at Slow Process Corner
  Data Path Delay:        3.382ns  (logic 2.432ns (71.929%)  route 0.949ns (28.071%))
  Logic Levels:           1  (OBUF=1)
  Clock Uncertainty:      0.025ns  ((TSJ^2 + TIJ^2)^1/2 + DJ) / 2 + PE
    Total System Jitter     (TSJ):    0.050ns
    Total Input Jitter      (TIJ):    0.000ns
    Discrete Jitter          (DJ):    0.000ns
    Phase Error              (PE):    0.000ns
  Clock Net Delay (Source):      1.746ns (routing 0.760ns, distribution 0.986ns)

    Location             Delay type                Incr(ns)  Path(ns)    Netlist Resource(s)
  -------------------------------------------------------------------    -------------------
                         (clock ap_clk rise edge)     0.000     0.000 r  
    K17                                               0.000     0.000 r  ap_clk (IN)
                         net (fo=0)                   0.000     0.000    ap_clk_IBUF_inst/I
    K17                  INBUF (Prop_INBUF_HDIOB_M_PAD_O)
                                                      1.086     1.086 r  ap_clk_IBUF_inst/INBUF_INST/O
                         net (fo=1, routed)           0.000     1.086    ap_clk_IBUF_inst/OUT
    K17                  IBUFCTRL (Prop_IBUFCTRL_HDIOB_M_I_O)
                                                      0.000     1.086 r  ap_clk_IBUF_inst/IBUFCTRL_INST/O
                         net (fo=1, routed)           0.204     1.290    ap_clk_IBUF
    BUFGCE_HDIO_X0Y4     BUFGCE (Prop_BUFCE_BUFGCE_HDIO_I_O)
                                                      0.028     1.318 r  ap_clk_IBUF_BUFG_inst/O
    X4Y3 (CLOCK_ROOT)    net (fo=9698, routed)        1.746     3.064    ap_clk_IBUF_BUFG
    SLICE_X108Y297       FDCE                                         r  pred_addr_reg_reg[2]/C
  -------------------------------------------------------------------    -------------------
    SLICE_X108Y297       FDCE (Prop_BFF_SLICEL_C_Q)
                                                      0.079     3.143 r  pred_addr_reg_reg[2]/Q
                         net (fo=2, routed)           0.949     4.092    out_ADDR_OBUF[2]
    F10                  OBUF (Prop_OUTBUF_HDIOB_M_I_O)
                                                      2.353     6.446 r  out_ADDR_OBUF[2]_inst/O
                         net (fo=0)                   0.000     6.446    out_ADDR[2]
    F10                                                               r  out_ADDR[2] (OUT)
  -------------------------------------------------------------------    -------------------

Slack:                    inf
  Source:                 pred_addr_reg_reg[8]/C
                            (rising edge-triggered cell FDCE clocked by ap_clk  {rise@0.000ns fall@0.500ns period=1.000ns})
  Destination:            out_ADDR[8]
                            (output port)
  Path Group:             (none)
  Path Type:              Max at Slow Process Corner
  Data Path Delay:        3.339ns  (logic 2.452ns (73.454%)  route 0.886ns (26.546%))
  Logic Levels:           1  (OBUF=1)
  Clock Uncertainty:      0.025ns  ((TSJ^2 + TIJ^2)^1/2 + DJ) / 2 + PE
    Total System Jitter     (TSJ):    0.050ns
    Total Input Jitter      (TIJ):    0.000ns
    Discrete Jitter          (DJ):    0.000ns
    Phase Error              (PE):    0.000ns
  Clock Net Delay (Source):      1.751ns (routing 0.760ns, distribution 0.991ns)

    Location             Delay type                Incr(ns)  Path(ns)    Netlist Resource(s)
  -------------------------------------------------------------------    -------------------
                         (clock ap_clk rise edge)     0.000     0.000 r  
    K17                                               0.000     0.000 r  ap_clk (IN)
                         net (fo=0)                   0.000     0.000    ap_clk_IBUF_inst/I
    K17                  INBUF (Prop_INBUF_HDIOB_M_PAD_O)
                                                      1.086     1.086 r  ap_clk_IBUF_inst/INBUF_INST/O
                         net (fo=1, routed)           0.000     1.086    ap_clk_IBUF_inst/OUT
    K17                  IBUFCTRL (Prop_IBUFCTRL_HDIOB_M_I_O)
                                                      0.000     1.086 r  ap_clk_IBUF_inst/IBUFCTRL_INST/O
                         net (fo=1, routed)           0.204     1.290    ap_clk_IBUF
    BUFGCE_HDIO_X0Y4     BUFGCE (Prop_BUFCE_BUFGCE_HDIO_I_O)
                                                      0.028     1.318 r  ap_clk_IBUF_BUFG_inst/O
    X4Y3 (CLOCK_ROOT)    net (fo=9698, routed)        1.751     3.069    ap_clk_IBUF_BUFG
    SLICE_X108Y297       FDCE                                         r  pred_addr_reg_reg[8]/C
  -------------------------------------------------------------------    -------------------
    SLICE_X108Y297       FDCE (Prop_HFF_SLICEL_C_Q)
                                                      0.079     3.148 r  pred_addr_reg_reg[8]/Q
                         net (fo=2, routed)           0.886     4.034    out_ADDR_OBUF[8]
    H10                  OBUF (Prop_OUTBUF_HDIOB_M_I_O)
                                                      2.373     6.408 r  out_ADDR_OBUF[8]_inst/O
                         net (fo=0)                   0.000     6.408    out_ADDR[8]
    H10                                                               r  out_ADDR[8] (OUT)
  -------------------------------------------------------------------    -------------------

Slack:                    inf
  Source:                 pred_addr_reg_reg[6]/C
                            (rising edge-triggered cell FDCE clocked by ap_clk  {rise@0.000ns fall@0.500ns period=1.000ns})
  Destination:            out_ADDR[6]
                            (output port)
  Path Group:             (none)
  Path Type:              Max at Slow Process Corner
  Data Path Delay:        3.338ns  (logic 2.445ns (73.267%)  route 0.892ns (26.733%))
  Logic Levels:           1  (OBUF=1)
  Clock Uncertainty:      0.025ns  ((TSJ^2 + TIJ^2)^1/2 + DJ) / 2 + PE
    Total System Jitter     (TSJ):    0.050ns
    Total Input Jitter      (TIJ):    0.000ns
    Discrete Jitter          (DJ):    0.000ns
    Phase Error              (PE):    0.000ns
  Clock Net Delay (Source):      1.751ns (routing 0.760ns, distribution 0.991ns)

    Location             Delay type                Incr(ns)  Path(ns)    Netlist Resource(s)
  -------------------------------------------------------------------    -------------------
                         (clock ap_clk rise edge)     0.000     0.000 r  
    K17                                               0.000     0.000 r  ap_clk (IN)
                         net (fo=0)                   0.000     0.000    ap_clk_IBUF_inst/I
    K17                  INBUF (Prop_INBUF_HDIOB_M_PAD_O)
                                                      1.086     1.086 r  ap_clk_IBUF_inst/INBUF_INST/O
                         net (fo=1, routed)           0.000     1.086    ap_clk_IBUF_inst/OUT
    K17                  IBUFCTRL (Prop_IBUFCTRL_HDIOB_M_I_O)
                                                      0.000     1.086 r  ap_clk_IBUF_inst/IBUFCTRL_INST/O
                         net (fo=1, routed)           0.204     1.290    ap_clk_IBUF
    BUFGCE_HDIO_X0Y4     BUFGCE (Prop_BUFCE_BUFGCE_HDIO_I_O)
                                                      0.028     1.318 r  ap_clk_IBUF_BUFG_inst/O
    X4Y3 (CLOCK_ROOT)    net (fo=9698, routed)        1.751     3.069    ap_clk_IBUF_BUFG
    SLICE_X108Y297       FDCE                                         r  pred_addr_reg_reg[6]/C
  -------------------------------------------------------------------    -------------------
    SLICE_X108Y297       FDCE (Prop_FFF_SLICEL_C_Q)
                                                      0.079     3.148 r  pred_addr_reg_reg[6]/Q
                         net (fo=2, routed)           0.892     4.040    out_ADDR_OBUF[6]
    H11                  OBUF (Prop_OUTBUF_HDIOB_M_I_O)
                                                      2.366     6.407 r  out_ADDR_OBUF[6]_inst/O
                         net (fo=0)                   0.000     6.407    out_ADDR[6]
    H11                                                               r  out_ADDR[6] (OUT)
  -------------------------------------------------------------------    -------------------

Slack:                    inf
  Source:                 pred_addr_reg_reg[5]/C
                            (rising edge-triggered cell FDCE clocked by ap_clk  {rise@0.000ns fall@0.500ns period=1.000ns})
  Destination:            out_ADDR[5]
                            (output port)
  Path Group:             (none)
  Path Type:              Max at Slow Process Corner
  Data Path Delay:        3.333ns  (logic 2.455ns (73.676%)  route 0.877ns (26.324%))
  Logic Levels:           1  (OBUF=1)
  Clock Uncertainty:      0.025ns  ((TSJ^2 + TIJ^2)^1/2 + DJ) / 2 + PE
    Total System Jitter     (TSJ):    0.050ns
    Total Input Jitter      (TIJ):    0.000ns
    Discrete Jitter          (DJ):    0.000ns
    Phase Error              (PE):    0.000ns
  Clock Net Delay (Source):      1.751ns (routing 0.760ns, distribution 0.991ns)

    Location             Delay type                Incr(ns)  Path(ns)    Netlist Resource(s)
  -------------------------------------------------------------------    -------------------
                         (clock ap_clk rise edge)     0.000     0.000 r  
    K17                                               0.000     0.000 r  ap_clk (IN)
                         net (fo=0)                   0.000     0.000    ap_clk_IBUF_inst/I
    K17                  INBUF (Prop_INBUF_HDIOB_M_PAD_O)
                                                      1.086     1.086 r  ap_clk_IBUF_inst/INBUF_INST/O
                         net (fo=1, routed)           0.000     1.086    ap_clk_IBUF_inst/OUT
    K17                  IBUFCTRL (Prop_IBUFCTRL_HDIOB_M_I_O)
                                                      0.000     1.086 r  ap_clk_IBUF_inst/IBUFCTRL_INST/O
                         net (fo=1, routed)           0.204     1.290    ap_clk_IBUF
    BUFGCE_HDIO_X0Y4     BUFGCE (Prop_BUFCE_BUFGCE_HDIO_I_O)
                                                      0.028     1.318 r  ap_clk_IBUF_BUFG_inst/O
    X4Y3 (CLOCK_ROOT)    net (fo=9698, routed)        1.751     3.069    ap_clk_IBUF_BUFG
    SLICE_X108Y297       FDCE                                         r  pred_addr_reg_reg[5]/C
  -------------------------------------------------------------------    -------------------
    SLICE_X108Y297       FDCE (Prop_EFF_SLICEL_C_Q)
                                                      0.079     3.148 r  pred_addr_reg_reg[5]/Q
                         net (fo=2, routed)           0.877     4.025    out_ADDR_OBUF[5]
    G11                  OBUF (Prop_OUTBUF_HDIOB_S_I_O)
                                                      2.376     6.402 r  out_ADDR_OBUF[5]_inst/O
                         net (fo=0)                   0.000     6.402    out_ADDR[5]
    G11                                                               r  out_ADDR[5] (OUT)
  -------------------------------------------------------------------    -------------------

Slack:                    inf
  Source:                 pred_addr_reg_reg[3]/C
                            (rising edge-triggered cell FDCE clocked by ap_clk  {rise@0.000ns fall@0.500ns period=1.000ns})
  Destination:            out_ADDR[3]
                            (output port)
  Path Group:             (none)
  Path Type:              Max at Slow Process Corner
  Data Path Delay:        3.302ns  (logic 2.432ns (73.642%)  route 0.870ns (26.358%))
  Logic Levels:           1  (OBUF=1)
  Clock Uncertainty:      0.025ns  ((TSJ^2 + TIJ^2)^1/2 + DJ) / 2 + PE
    Total System Jitter     (TSJ):    0.050ns
    Total Input Jitter      (TIJ):    0.000ns
    Discrete Jitter          (DJ):    0.000ns
    Phase Error              (PE):    0.000ns
  Clock Net Delay (Source):      1.746ns (routing 0.760ns, distribution 0.986ns)

    Location             Delay type                Incr(ns)  Path(ns)    Netlist Resource(s)
  -------------------------------------------------------------------    -------------------
                         (clock ap_clk rise edge)     0.000     0.000 r  
    K17                                               0.000     0.000 r  ap_clk (IN)
                         net (fo=0)                   0.000     0.000    ap_clk_IBUF_inst/I
    K17                  INBUF (Prop_INBUF_HDIOB_M_PAD_O)
                                                      1.086     1.086 r  ap_clk_IBUF_inst/INBUF_INST/O
                         net (fo=1, routed)           0.000     1.086    ap_clk_IBUF_inst/OUT
    K17                  IBUFCTRL (Prop_IBUFCTRL_HDIOB_M_I_O)
                                                      0.000     1.086 r  ap_clk_IBUF_inst/IBUFCTRL_INST/O
                         net (fo=1, routed)           0.204     1.290    ap_clk_IBUF
    BUFGCE_HDIO_X0Y4     BUFGCE (Prop_BUFCE_BUFGCE_HDIO_I_O)
                                                      0.028     1.318 r  ap_clk_IBUF_BUFG_inst/O
    X4Y3 (CLOCK_ROOT)    net (fo=9698, routed)        1.746     3.064    ap_clk_IBUF_BUFG
    SLICE_X108Y297       FDCE                                         r  pred_addr_reg_reg[3]/C
  -------------------------------------------------------------------    -------------------
    SLICE_X108Y297       FDCE (Prop_CFF_SLICEL_C_Q)
                                                      0.079     3.143 r  pred_addr_reg_reg[3]/Q
                         net (fo=2, routed)           0.870     4.013    out_ADDR_OBUF[3]
    F9                   OBUF (Prop_OUTBUF_HDIOB_S_I_O)
                                                      2.353     6.366 r  out_ADDR_OBUF[3]_inst/O
                         net (fo=0)                   0.000     6.366    out_ADDR[3]
    F9                                                                r  out_ADDR[3] (OUT)
  -------------------------------------------------------------------    -------------------

Slack:                    inf
  Source:                 pred_addr_reg_reg[7]/C
                            (rising edge-triggered cell FDCE clocked by ap_clk  {rise@0.000ns fall@0.500ns period=1.000ns})
  Destination:            out_ADDR[7]
                            (output port)
  Path Group:             (none)
  Path Type:              Max at Slow Process Corner
  Data Path Delay:        3.282ns  (logic 2.442ns (74.396%)  route 0.840ns (25.604%))
  Logic Levels:           1  (OBUF=1)
  Clock Uncertainty:      0.025ns  ((TSJ^2 + TIJ^2)^1/2 + DJ) / 2 + PE
    Total System Jitter     (TSJ):    0.050ns
    Total Input Jitter      (TIJ):    0.000ns
    Discrete Jitter          (DJ):    0.000ns
    Phase Error              (PE):    0.000ns
  Clock Net Delay (Source):      1.751ns (routing 0.760ns, distribution 0.991ns)

    Location             Delay type                Incr(ns)  Path(ns)    Netlist Resource(s)
  -------------------------------------------------------------------    -------------------
                         (clock ap_clk rise edge)     0.000     0.000 r  
    K17                                               0.000     0.000 r  ap_clk (IN)
                         net (fo=0)                   0.000     0.000    ap_clk_IBUF_inst/I
    K17                  INBUF (Prop_INBUF_HDIOB_M_PAD_O)
                                                      1.086     1.086 r  ap_clk_IBUF_inst/INBUF_INST/O
                         net (fo=1, routed)           0.000     1.086    ap_clk_IBUF_inst/OUT
    K17                  IBUFCTRL (Prop_IBUFCTRL_HDIOB_M_I_O)
                                                      0.000     1.086 r  ap_clk_IBUF_inst/IBUFCTRL_INST/O
                         net (fo=1, routed)           0.204     1.290    ap_clk_IBUF
    BUFGCE_HDIO_X0Y4     BUFGCE (Prop_BUFCE_BUFGCE_HDIO_I_O)
                                                      0.028     1.318 r  ap_clk_IBUF_BUFG_inst/O
    X4Y3 (CLOCK_ROOT)    net (fo=9698, routed)        1.751     3.069    ap_clk_IBUF_BUFG
    SLICE_X108Y297       FDCE                                         r  pred_addr_reg_reg[7]/C
  -------------------------------------------------------------------    -------------------
    SLICE_X108Y297       FDCE (Prop_GFF_SLICEL_C_Q)
                                                      0.079     3.148 r  pred_addr_reg_reg[7]/Q
                         net (fo=2, routed)           0.840     3.988    out_ADDR_OBUF[7]
    G10                  OBUF (Prop_OUTBUF_HDIOB_S_I_O)
                                                      2.363     6.351 r  out_ADDR_OBUF[7]_inst/O
                         net (fo=0)                   0.000     6.351    out_ADDR[7]
    G10                                                               r  out_ADDR[7] (OUT)
  -------------------------------------------------------------------    -------------------

Slack:                    inf
  Source:                 pred_addr_reg_reg[9]/C
                            (rising edge-triggered cell FDCE clocked by ap_clk  {rise@0.000ns fall@0.500ns period=1.000ns})
  Destination:            out_ADDR[9]
                            (output port)
  Path Group:             (none)
  Path Type:              Max at Slow Process Corner
  Data Path Delay:        3.237ns  (logic 2.444ns (75.494%)  route 0.793ns (24.506%))
  Logic Levels:           1  (OBUF=1)
  Clock Uncertainty:      0.025ns  ((TSJ^2 + TIJ^2)^1/2 + DJ) / 2 + PE
    Total System Jitter     (TSJ):    0.050ns
    Total Input Jitter      (TIJ):    0.000ns
    Discrete Jitter          (DJ):    0.000ns
    Phase Error              (PE):    0.000ns
  Clock Net Delay (Source):      1.746ns (routing 0.760ns, distribution 0.986ns)

    Location             Delay type                Incr(ns)  Path(ns)    Netlist Resource(s)
  -------------------------------------------------------------------    -------------------
                         (clock ap_clk rise edge)     0.000     0.000 r  
    K17                                               0.000     0.000 r  ap_clk (IN)
                         net (fo=0)                   0.000     0.000    ap_clk_IBUF_inst/I
    K17                  INBUF (Prop_INBUF_HDIOB_M_PAD_O)
                                                      1.086     1.086 r  ap_clk_IBUF_inst/INBUF_INST/O
                         net (fo=1, routed)           0.000     1.086    ap_clk_IBUF_inst/OUT
    K17                  IBUFCTRL (Prop_IBUFCTRL_HDIOB_M_I_O)
                                                      0.000     1.086 r  ap_clk_IBUF_inst/IBUFCTRL_INST/O
                         net (fo=1, routed)           0.204     1.290    ap_clk_IBUF
    BUFGCE_HDIO_X0Y4     BUFGCE (Prop_BUFCE_BUFGCE_HDIO_I_O)
                                                      0.028     1.318 r  ap_clk_IBUF_BUFG_inst/O
    X4Y3 (CLOCK_ROOT)    net (fo=9698, routed)        1.746     3.064    ap_clk_IBUF_BUFG
    SLICE_X108Y298       FDCE                                         r  pred_addr_reg_reg[9]/C
  -------------------------------------------------------------------    -------------------
    SLICE_X108Y298       FDCE (Prop_AFF_SLICEL_C_Q)
                                                      0.079     3.143 r  pred_addr_reg_reg[9]/Q
                         net (fo=2, routed)           0.793     3.936    out_ADDR_OBUF[9]
    H9                   OBUF (Prop_OUTBUF_HDIOB_S_I_O)
                                                      2.365     6.301 r  out_ADDR_OBUF[9]_inst/O
                         net (fo=0)                   0.000     6.301    out_ADDR[9]
    H9                                                                r  out_ADDR[9] (OUT)
  -------------------------------------------------------------------    -------------------





Min Delay Paths
--------------------------------------------------------------------------------------
Slack:                    inf
  Source:                 out_WE_reg/C
                            (rising edge-triggered cell FDCE clocked by ap_clk  {rise@0.000ns fall@0.500ns period=1.000ns})
  Destination:            out_WE
                            (output port)
  Path Group:             (none)
  Path Type:              Min at Fast Process Corner
  Data Path Delay:        1.497ns  (logic 1.143ns (76.346%)  route 0.354ns (23.654%))
  Logic Levels:           1  (OBUF=1)
  Clock Uncertainty:      0.025ns  ((TSJ^2 + TIJ^2)^1/2 + DJ) / 2 + PE
    Total System Jitter     (TSJ):    0.050ns
    Total Input Jitter      (TIJ):    0.000ns
    Discrete Jitter          (DJ):    0.000ns
    Phase Error              (PE):    0.000ns
  Clock Net Delay (Source):      0.890ns (routing 0.421ns, distribution 0.469ns)

    Location             Delay type                Incr(ns)  Path(ns)    Netlist Resource(s)
  -------------------------------------------------------------------    -------------------
                         (clock ap_clk rise edge)     0.000     0.000 r  
    K17                                               0.000     0.000 r  ap_clk (IN)
                         net (fo=0)                   0.000     0.000    ap_clk_IBUF_inst/I
    K17                  INBUF (Prop_INBUF_HDIOB_M_PAD_O)
                                                      0.419     0.419 r  ap_clk_IBUF_inst/INBUF_INST/O
                         net (fo=1, routed)           0.000     0.419    ap_clk_IBUF_inst/OUT
    K17                  IBUFCTRL (Prop_IBUFCTRL_HDIOB_M_I_O)
                                                      0.000     0.419 r  ap_clk_IBUF_inst/IBUFCTRL_INST/O
                         net (fo=1, routed)           0.091     0.510    ap_clk_IBUF
    BUFGCE_HDIO_X0Y4     BUFGCE (Prop_BUFCE_BUFGCE_HDIO_I_O)
                                                      0.017     0.527 r  ap_clk_IBUF_BUFG_inst/O
    X4Y3 (CLOCK_ROOT)    net (fo=9698, routed)        0.890     1.417    ap_clk_IBUF_BUFG
    SLICE_X95Y271        FDCE                                         r  out_WE_reg/C
  -------------------------------------------------------------------    -------------------
    SLICE_X95Y271        FDCE (Prop_HFF_SLICEL_C_Q)
                                                      0.039     1.456 r  out_WE_reg/Q
                         net (fo=1, routed)           0.354     1.810    out_WE_OBUF
    G13                  OBUF (Prop_OUTBUF_HDIOB_S_I_O)
                                                      1.104     2.914 r  out_WE_OBUF_inst/O
                         net (fo=0)                   0.000     2.914    out_WE
    G13                                                               r  out_WE (OUT)
  -------------------------------------------------------------------    -------------------

Slack:                    inf
  Source:                 out_DATA_reg[0]/C
                            (rising edge-triggered cell FDCE clocked by ap_clk  {rise@0.000ns fall@0.500ns period=1.000ns})
  Destination:            out_DATA[0]
                            (output port)
  Path Group:             (none)
  Path Type:              Min at Fast Process Corner
  Data Path Delay:        1.466ns  (logic 1.147ns (78.245%)  route 0.319ns (21.755%))
  Logic Levels:           1  (OBUF=1)
  Clock Uncertainty:      0.025ns  ((TSJ^2 + TIJ^2)^1/2 + DJ) / 2 + PE
    Total System Jitter     (TSJ):    0.050ns
    Total Input Jitter      (TIJ):    0.000ns
    Discrete Jitter          (DJ):    0.000ns
    Phase Error              (PE):    0.000ns
  Clock Net Delay (Source):      0.965ns (routing 0.421ns, distribution 0.544ns)

    Location             Delay type                Incr(ns)  Path(ns)    Netlist Resource(s)
  -------------------------------------------------------------------    -------------------
                         (clock ap_clk rise edge)     0.000     0.000 r  
    K17                                               0.000     0.000 r  ap_clk (IN)
                         net (fo=0)                   0.000     0.000    ap_clk_IBUF_inst/I
    K17                  INBUF (Prop_INBUF_HDIOB_M_PAD_O)
                                                      0.419     0.419 r  ap_clk_IBUF_inst/INBUF_INST/O
                         net (fo=1, routed)           0.000     0.419    ap_clk_IBUF_inst/OUT
    K17                  IBUFCTRL (Prop_IBUFCTRL_HDIOB_M_I_O)
                                                      0.000     0.419 r  ap_clk_IBUF_inst/IBUFCTRL_INST/O
                         net (fo=1, routed)           0.091     0.510    ap_clk_IBUF
    BUFGCE_HDIO_X0Y4     BUFGCE (Prop_BUFCE_BUFGCE_HDIO_I_O)
                                                      0.017     0.527 r  ap_clk_IBUF_BUFG_inst/O
    X4Y3 (CLOCK_ROOT)    net (fo=9698, routed)        0.965     1.492    ap_clk_IBUF_BUFG
    SLICE_X108Y296       FDCE                                         r  out_DATA_reg[0]/C
  -------------------------------------------------------------------    -------------------
    SLICE_X108Y296       FDCE (Prop_DFF2_SLICEL_C_Q)
                                                      0.041     1.533 r  out_DATA_reg[0]/Q
                         net (fo=1, routed)           0.319     1.852    out_DATA_OBUF[0]
    H14                  OBUF (Prop_OUTBUF_HDIOB_S_I_O)
                                                      1.106     2.959 r  out_DATA_OBUF[0]_inst/O
                         net (fo=0)                   0.000     2.959    out_DATA[0]
    H14                                                               r  out_DATA[0] (OUT)
  -------------------------------------------------------------------    -------------------

Slack:                    inf
  Source:                 pred_addr_reg_reg[13]/C
                            (rising edge-triggered cell FDCE clocked by ap_clk  {rise@0.000ns fall@0.500ns period=1.000ns})
  Destination:            out_ADDR[13]
                            (output port)
  Path Group:             (none)
  Path Type:              Min at Fast Process Corner
  Data Path Delay:        1.466ns  (logic 1.141ns (77.886%)  route 0.324ns (22.114%))
  Logic Levels:           1  (OBUF=1)
  Clock Uncertainty:      0.025ns  ((TSJ^2 + TIJ^2)^1/2 + DJ) / 2 + PE
    Total System Jitter     (TSJ):    0.050ns
    Total Input Jitter      (TIJ):    0.000ns
    Discrete Jitter          (DJ):    0.000ns
    Phase Error              (PE):    0.000ns
  Clock Net Delay (Source):      0.972ns (routing 0.421ns, distribution 0.551ns)

    Location             Delay type                Incr(ns)  Path(ns)    Netlist Resource(s)
  -------------------------------------------------------------------    -------------------
                         (clock ap_clk rise edge)     0.000     0.000 r  
    K17                                               0.000     0.000 r  ap_clk (IN)
                         net (fo=0)                   0.000     0.000    ap_clk_IBUF_inst/I
    K17                  INBUF (Prop_INBUF_HDIOB_M_PAD_O)
                                                      0.419     0.419 r  ap_clk_IBUF_inst/INBUF_INST/O
                         net (fo=1, routed)           0.000     0.419    ap_clk_IBUF_inst/OUT
    K17                  IBUFCTRL (Prop_IBUFCTRL_HDIOB_M_I_O)
                                                      0.000     0.419 r  ap_clk_IBUF_inst/IBUFCTRL_INST/O
                         net (fo=1, routed)           0.091     0.510    ap_clk_IBUF
    BUFGCE_HDIO_X0Y4     BUFGCE (Prop_BUFCE_BUFGCE_HDIO_I_O)
                                                      0.017     0.527 r  ap_clk_IBUF_BUFG_inst/O
    X4Y3 (CLOCK_ROOT)    net (fo=9698, routed)        0.972     1.499    ap_clk_IBUF_BUFG
    SLICE_X108Y298       FDCE                                         r  pred_addr_reg_reg[13]/C
  -------------------------------------------------------------------    -------------------
    SLICE_X108Y298       FDCE (Prop_EFF_SLICEL_C_Q)
                                                      0.039     1.538 r  pred_addr_reg_reg[13]/Q
                         net (fo=2, routed)           0.324     1.862    out_ADDR_OBUF[13]
    K11                  OBUF (Prop_OUTBUF_HDIOB_S_I_O)
                                                      1.102     2.964 r  out_ADDR_OBUF[13]_inst/O
                         net (fo=0)                   0.000     2.964    out_ADDR[13]
    K11                                                               r  out_ADDR[13] (OUT)
  -------------------------------------------------------------------    -------------------

Slack:                    inf
  Source:                 pred_addr_reg_reg[11]/C
                            (rising edge-triggered cell FDCE clocked by ap_clk  {rise@0.000ns fall@0.500ns period=1.000ns})
  Destination:            out_ADDR[11]
                            (output port)
  Path Group:             (none)
  Path Type:              Min at Fast Process Corner
  Data Path Delay:        1.492ns  (logic 1.136ns (76.132%)  route 0.356ns (23.868%))
  Logic Levels:           1  (OBUF=1)
  Clock Uncertainty:      0.025ns  ((TSJ^2 + TIJ^2)^1/2 + DJ) / 2 + PE
    Total System Jitter     (TSJ):    0.050ns
    Total Input Jitter      (TIJ):    0.000ns
    Discrete Jitter          (DJ):    0.000ns
    Phase Error              (PE):    0.000ns
  Clock Net Delay (Source):      0.969ns (routing 0.421ns, distribution 0.548ns)

    Location             Delay type                Incr(ns)  Path(ns)    Netlist Resource(s)
  -------------------------------------------------------------------    -------------------
                         (clock ap_clk rise edge)     0.000     0.000 r  
    K17                                               0.000     0.000 r  ap_clk (IN)
                         net (fo=0)                   0.000     0.000    ap_clk_IBUF_inst/I
    K17                  INBUF (Prop_INBUF_HDIOB_M_PAD_O)
                                                      0.419     0.419 r  ap_clk_IBUF_inst/INBUF_INST/O
                         net (fo=1, routed)           0.000     0.419    ap_clk_IBUF_inst/OUT
    K17                  IBUFCTRL (Prop_IBUFCTRL_HDIOB_M_I_O)
                                                      0.000     0.419 r  ap_clk_IBUF_inst/IBUFCTRL_INST/O
                         net (fo=1, routed)           0.091     0.510    ap_clk_IBUF
    BUFGCE_HDIO_X0Y4     BUFGCE (Prop_BUFCE_BUFGCE_HDIO_I_O)
                                                      0.017     0.527 r  ap_clk_IBUF_BUFG_inst/O
    X4Y3 (CLOCK_ROOT)    net (fo=9698, routed)        0.969     1.496    ap_clk_IBUF_BUFG
    SLICE_X108Y298       FDCE                                         r  pred_addr_reg_reg[11]/C
  -------------------------------------------------------------------    -------------------
    SLICE_X108Y298       FDCE (Prop_CFF_SLICEL_C_Q)
                                                      0.039     1.535 r  pred_addr_reg_reg[11]/Q
                         net (fo=2, routed)           0.356     1.891    out_ADDR_OBUF[11]
    J11                  OBUF (Prop_OUTBUF_HDIOB_S_I_O)
                                                      1.097     2.988 r  out_ADDR_OBUF[11]_inst/O
                         net (fo=0)                   0.000     2.988    out_ADDR[11]
    J11                                                               r  out_ADDR[11] (OUT)
  -------------------------------------------------------------------    -------------------

Slack:                    inf
  Source:                 pred_addr_reg_reg[9]/C
                            (rising edge-triggered cell FDCE clocked by ap_clk  {rise@0.000ns fall@0.500ns period=1.000ns})
  Destination:            out_ADDR[9]
                            (output port)
  Path Group:             (none)
  Path Type:              Min at Fast Process Corner
  Data Path Delay:        1.525ns  (logic 1.146ns (75.146%)  route 0.379ns (24.854%))
  Logic Levels:           1  (OBUF=1)
  Clock Uncertainty:      0.025ns  ((TSJ^2 + TIJ^2)^1/2 + DJ) / 2 + PE
    Total System Jitter     (TSJ):    0.050ns
    Total Input Jitter      (TIJ):    0.000ns
    Discrete Jitter          (DJ):    0.000ns
    Phase Error              (PE):    0.000ns
  Clock Net Delay (Source):      0.969ns (routing 0.421ns, distribution 0.548ns)

    Location             Delay type                Incr(ns)  Path(ns)    Netlist Resource(s)
  -------------------------------------------------------------------    -------------------
                         (clock ap_clk rise edge)     0.000     0.000 r  
    K17                                               0.000     0.000 r  ap_clk (IN)
                         net (fo=0)                   0.000     0.000    ap_clk_IBUF_inst/I
    K17                  INBUF (Prop_INBUF_HDIOB_M_PAD_O)
                                                      0.419     0.419 r  ap_clk_IBUF_inst/INBUF_INST/O
                         net (fo=1, routed)           0.000     0.419    ap_clk_IBUF_inst/OUT
    K17                  IBUFCTRL (Prop_IBUFCTRL_HDIOB_M_I_O)
                                                      0.000     0.419 r  ap_clk_IBUF_inst/IBUFCTRL_INST/O
                         net (fo=1, routed)           0.091     0.510    ap_clk_IBUF
    BUFGCE_HDIO_X0Y4     BUFGCE (Prop_BUFCE_BUFGCE_HDIO_I_O)
                                                      0.017     0.527 r  ap_clk_IBUF_BUFG_inst/O
    X4Y3 (CLOCK_ROOT)    net (fo=9698, routed)        0.969     1.496    ap_clk_IBUF_BUFG
    SLICE_X108Y298       FDCE                                         r  pred_addr_reg_reg[9]/C
  -------------------------------------------------------------------    -------------------
    SLICE_X108Y298       FDCE (Prop_AFF_SLICEL_C_Q)
                                                      0.039     1.535 r  pred_addr_reg_reg[9]/Q
                         net (fo=2, routed)           0.379     1.914    out_ADDR_OBUF[9]
    H9                   OBUF (Prop_OUTBUF_HDIOB_S_I_O)
                                                      1.107     3.021 r  out_ADDR_OBUF[9]_inst/O
                         net (fo=0)                   0.000     3.021    out_ADDR[9]
    H9                                                                r  out_ADDR[9] (OUT)
  -------------------------------------------------------------------    -------------------

Slack:                    inf
  Source:                 pred_addr_reg_reg[12]/C
                            (rising edge-triggered cell FDCE clocked by ap_clk  {rise@0.000ns fall@0.500ns period=1.000ns})
  Destination:            out_ADDR[12]
                            (output port)
  Path Group:             (none)
  Path Type:              Min at Fast Process Corner
  Data Path Delay:        1.531ns  (logic 1.146ns (74.855%)  route 0.385ns (25.145%))
  Logic Levels:           1  (OBUF=1)
  Clock Uncertainty:      0.025ns  ((TSJ^2 + TIJ^2)^1/2 + DJ) / 2 + PE
    Total System Jitter     (TSJ):    0.050ns
    Total Input Jitter      (TIJ):    0.000ns
    Discrete Jitter          (DJ):    0.000ns
    Phase Error              (PE):    0.000ns
  Clock Net Delay (Source):      0.969ns (routing 0.421ns, distribution 0.548ns)

    Location             Delay type                Incr(ns)  Path(ns)    Netlist Resource(s)
  -------------------------------------------------------------------    -------------------
                         (clock ap_clk rise edge)     0.000     0.000 r  
    K17                                               0.000     0.000 r  ap_clk (IN)
                         net (fo=0)                   0.000     0.000    ap_clk_IBUF_inst/I
    K17                  INBUF (Prop_INBUF_HDIOB_M_PAD_O)
                                                      0.419     0.419 r  ap_clk_IBUF_inst/INBUF_INST/O
                         net (fo=1, routed)           0.000     0.419    ap_clk_IBUF_inst/OUT
    K17                  IBUFCTRL (Prop_IBUFCTRL_HDIOB_M_I_O)
                                                      0.000     0.419 r  ap_clk_IBUF_inst/IBUFCTRL_INST/O
                         net (fo=1, routed)           0.091     0.510    ap_clk_IBUF
    BUFGCE_HDIO_X0Y4     BUFGCE (Prop_BUFCE_BUFGCE_HDIO_I_O)
                                                      0.017     0.527 r  ap_clk_IBUF_BUFG_inst/O
    X4Y3 (CLOCK_ROOT)    net (fo=9698, routed)        0.969     1.496    ap_clk_IBUF_BUFG
    SLICE_X108Y298       FDCE                                         r  pred_addr_reg_reg[12]/C
  -------------------------------------------------------------------    -------------------
    SLICE_X108Y298       FDCE (Prop_DFF_SLICEL_C_Q)
                                                      0.039     1.535 r  pred_addr_reg_reg[12]/Q
                         net (fo=2, routed)           0.385     1.920    out_ADDR_OBUF[12]
    K12                  OBUF (Prop_OUTBUF_HDIOB_M_I_O)
                                                      1.107     3.027 r  out_ADDR_OBUF[12]_inst/O
                         net (fo=0)                   0.000     3.027    out_ADDR[12]
    K12                                                               r  out_ADDR[12] (OUT)
  -------------------------------------------------------------------    -------------------

Slack:                    inf
  Source:                 pred_addr_reg_reg[7]/C
                            (rising edge-triggered cell FDCE clocked by ap_clk  {rise@0.000ns fall@0.500ns period=1.000ns})
  Destination:            out_ADDR[7]
                            (output port)
  Path Group:             (none)
  Path Type:              Min at Fast Process Corner
  Data Path Delay:        1.545ns  (logic 1.144ns (74.065%)  route 0.401ns (25.935%))
  Logic Levels:           1  (OBUF=1)
  Clock Uncertainty:      0.025ns  ((TSJ^2 + TIJ^2)^1/2 + DJ) / 2 + PE
    Total System Jitter     (TSJ):    0.050ns
    Total Input Jitter      (TIJ):    0.000ns
    Discrete Jitter          (DJ):    0.000ns
    Phase Error              (PE):    0.000ns
  Clock Net Delay (Source):      0.972ns (routing 0.421ns, distribution 0.551ns)

    Location             Delay type                Incr(ns)  Path(ns)    Netlist Resource(s)
  -------------------------------------------------------------------    -------------------
                         (clock ap_clk rise edge)     0.000     0.000 r  
    K17                                               0.000     0.000 r  ap_clk (IN)
                         net (fo=0)                   0.000     0.000    ap_clk_IBUF_inst/I
    K17                  INBUF (Prop_INBUF_HDIOB_M_PAD_O)
                                                      0.419     0.419 r  ap_clk_IBUF_inst/INBUF_INST/O
                         net (fo=1, routed)           0.000     0.419    ap_clk_IBUF_inst/OUT
    K17                  IBUFCTRL (Prop_IBUFCTRL_HDIOB_M_I_O)
                                                      0.000     0.419 r  ap_clk_IBUF_inst/IBUFCTRL_INST/O
                         net (fo=1, routed)           0.091     0.510    ap_clk_IBUF
    BUFGCE_HDIO_X0Y4     BUFGCE (Prop_BUFCE_BUFGCE_HDIO_I_O)
                                                      0.017     0.527 r  ap_clk_IBUF_BUFG_inst/O
    X4Y3 (CLOCK_ROOT)    net (fo=9698, routed)        0.972     1.499    ap_clk_IBUF_BUFG
    SLICE_X108Y297       FDCE                                         r  pred_addr_reg_reg[7]/C
  -------------------------------------------------------------------    -------------------
    SLICE_X108Y297       FDCE (Prop_GFF_SLICEL_C_Q)
                                                      0.039     1.538 r  pred_addr_reg_reg[7]/Q
                         net (fo=2, routed)           0.401     1.938    out_ADDR_OBUF[7]
    G10                  OBUF (Prop_OUTBUF_HDIOB_S_I_O)
                                                      1.105     3.044 r  out_ADDR_OBUF[7]_inst/O
                         net (fo=0)                   0.000     3.044    out_ADDR[7]
    G10                                                               r  out_ADDR[7] (OUT)
  -------------------------------------------------------------------    -------------------

Slack:                    inf
  Source:                 pred_addr_reg_reg[10]/C
                            (rising edge-triggered cell FDCE clocked by ap_clk  {rise@0.000ns fall@0.500ns period=1.000ns})
  Destination:            out_ADDR[10]
                            (output port)
  Path Group:             (none)
  Path Type:              Min at Fast Process Corner
  Data Path Delay:        1.552ns  (logic 1.135ns (73.130%)  route 0.417ns (26.870%))
  Logic Levels:           1  (OBUF=1)
  Clock Uncertainty:      0.025ns  ((TSJ^2 + TIJ^2)^1/2 + DJ) / 2 + PE
    Total System Jitter     (TSJ):    0.050ns
    Total Input Jitter      (TIJ):    0.000ns
    Discrete Jitter          (DJ):    0.000ns
    Phase Error              (PE):    0.000ns
  Clock Net Delay (Source):      0.969ns (routing 0.421ns, distribution 0.548ns)

    Location             Delay type                Incr(ns)  Path(ns)    Netlist Resource(s)
  -------------------------------------------------------------------    -------------------
                         (clock ap_clk rise edge)     0.000     0.000 r  
    K17                                               0.000     0.000 r  ap_clk (IN)
                         net (fo=0)                   0.000     0.000    ap_clk_IBUF_inst/I
    K17                  INBUF (Prop_INBUF_HDIOB_M_PAD_O)
                                                      0.419     0.419 r  ap_clk_IBUF_inst/INBUF_INST/O
                         net (fo=1, routed)           0.000     0.419    ap_clk_IBUF_inst/OUT
    K17                  IBUFCTRL (Prop_IBUFCTRL_HDIOB_M_I_O)
                                                      0.000     0.419 r  ap_clk_IBUF_inst/IBUFCTRL_INST/O
                         net (fo=1, routed)           0.091     0.510    ap_clk_IBUF
    BUFGCE_HDIO_X0Y4     BUFGCE (Prop_BUFCE_BUFGCE_HDIO_I_O)
                                                      0.017     0.527 r  ap_clk_IBUF_BUFG_inst/O
    X4Y3 (CLOCK_ROOT)    net (fo=9698, routed)        0.969     1.496    ap_clk_IBUF_BUFG
    SLICE_X108Y298       FDCE                                         r  pred_addr_reg_reg[10]/C
  -------------------------------------------------------------------    -------------------
    SLICE_X108Y298       FDCE (Prop_BFF_SLICEL_C_Q)
                                                      0.039     1.535 r  pred_addr_reg_reg[10]/Q
                         net (fo=2, routed)           0.417     1.952    out_ADDR_OBUF[10]
    J12                  OBUF (Prop_OUTBUF_HDIOB_M_I_O)
                                                      1.096     3.048 r  out_ADDR_OBUF[10]_inst/O
                         net (fo=0)                   0.000     3.048    out_ADDR[10]
    J12                                                               r  out_ADDR[10] (OUT)
  -------------------------------------------------------------------    -------------------

Slack:                    inf
  Source:                 pred_addr_reg_reg[3]/C
                            (rising edge-triggered cell FDCE clocked by ap_clk  {rise@0.000ns fall@0.500ns period=1.000ns})
  Destination:            out_ADDR[3]
                            (output port)
  Path Group:             (none)
  Path Type:              Min at Fast Process Corner
  Data Path Delay:        1.553ns  (logic 1.134ns (73.017%)  route 0.419ns (26.983%))
  Logic Levels:           1  (OBUF=1)
  Clock Uncertainty:      0.025ns  ((TSJ^2 + TIJ^2)^1/2 + DJ) / 2 + PE
    Total System Jitter     (TSJ):    0.050ns
    Total Input Jitter      (TIJ):    0.000ns
    Discrete Jitter          (DJ):    0.000ns
    Phase Error              (PE):    0.000ns
  Clock Net Delay (Source):      0.969ns (routing 0.421ns, distribution 0.548ns)

    Location             Delay type                Incr(ns)  Path(ns)    Netlist Resource(s)
  -------------------------------------------------------------------    -------------------
                         (clock ap_clk rise edge)     0.000     0.000 r  
    K17                                               0.000     0.000 r  ap_clk (IN)
                         net (fo=0)                   0.000     0.000    ap_clk_IBUF_inst/I
    K17                  INBUF (Prop_INBUF_HDIOB_M_PAD_O)
                                                      0.419     0.419 r  ap_clk_IBUF_inst/INBUF_INST/O
                         net (fo=1, routed)           0.000     0.419    ap_clk_IBUF_inst/OUT
    K17                  IBUFCTRL (Prop_IBUFCTRL_HDIOB_M_I_O)
                                                      0.000     0.419 r  ap_clk_IBUF_inst/IBUFCTRL_INST/O
                         net (fo=1, routed)           0.091     0.510    ap_clk_IBUF
    BUFGCE_HDIO_X0Y4     BUFGCE (Prop_BUFCE_BUFGCE_HDIO_I_O)
                                                      0.017     0.527 r  ap_clk_IBUF_BUFG_inst/O
    X4Y3 (CLOCK_ROOT)    net (fo=9698, routed)        0.969     1.496    ap_clk_IBUF_BUFG
    SLICE_X108Y297       FDCE                                         r  pred_addr_reg_reg[3]/C
  -------------------------------------------------------------------    -------------------
    SLICE_X108Y297       FDCE (Prop_CFF_SLICEL_C_Q)
                                                      0.039     1.535 r  pred_addr_reg_reg[3]/Q
                         net (fo=2, routed)           0.419     1.954    out_ADDR_OBUF[3]
    F9                   OBUF (Prop_OUTBUF_HDIOB_S_I_O)
                                                      1.095     3.049 r  out_ADDR_OBUF[3]_inst/O
                         net (fo=0)                   0.000     3.049    out_ADDR[3]
    F9                                                                r  out_ADDR[3] (OUT)
  -------------------------------------------------------------------    -------------------

Slack:                    inf
  Source:                 pred_addr_reg_reg[5]/C
                            (rising edge-triggered cell FDCE clocked by ap_clk  {rise@0.000ns fall@0.500ns period=1.000ns})
  Destination:            out_ADDR[5]
                            (output port)
  Path Group:             (none)
  Path Type:              Min at Fast Process Corner
  Data Path Delay:        1.577ns  (logic 1.158ns (73.421%)  route 0.419ns (26.579%))
  Logic Levels:           1  (OBUF=1)
  Clock Uncertainty:      0.025ns  ((TSJ^2 + TIJ^2)^1/2 + DJ) / 2 + PE
    Total System Jitter     (TSJ):    0.050ns
    Total Input Jitter      (TIJ):    0.000ns
    Discrete Jitter          (DJ):    0.000ns
    Phase Error              (PE):    0.000ns
  Clock Net Delay (Source):      0.972ns (routing 0.421ns, distribution 0.551ns)

    Location             Delay type                Incr(ns)  Path(ns)    Netlist Resource(s)
  -------------------------------------------------------------------    -------------------
                         (clock ap_clk rise edge)     0.000     0.000 r  
    K17                                               0.000     0.000 r  ap_clk (IN)
                         net (fo=0)                   0.000     0.000    ap_clk_IBUF_inst/I
    K17                  INBUF (Prop_INBUF_HDIOB_M_PAD_O)
                                                      0.419     0.419 r  ap_clk_IBUF_inst/INBUF_INST/O
                         net (fo=1, routed)           0.000     0.419    ap_clk_IBUF_inst/OUT
    K17                  IBUFCTRL (Prop_IBUFCTRL_HDIOB_M_I_O)
                                                      0.000     0.419 r  ap_clk_IBUF_inst/IBUFCTRL_INST/O
                         net (fo=1, routed)           0.091     0.510    ap_clk_IBUF
    BUFGCE_HDIO_X0Y4     BUFGCE (Prop_BUFCE_BUFGCE_HDIO_I_O)
                                                      0.017     0.527 r  ap_clk_IBUF_BUFG_inst/O
    X4Y3 (CLOCK_ROOT)    net (fo=9698, routed)        0.972     1.499    ap_clk_IBUF_BUFG
    SLICE_X108Y297       FDCE                                         r  pred_addr_reg_reg[5]/C
  -------------------------------------------------------------------    -------------------
    SLICE_X108Y297       FDCE (Prop_EFF_SLICEL_C_Q)
                                                      0.039     1.538 r  pred_addr_reg_reg[5]/Q
                         net (fo=2, routed)           0.419     1.957    out_ADDR_OBUF[5]
    G11                  OBUF (Prop_OUTBUF_HDIOB_S_I_O)
                                                      1.119     3.076 r  out_ADDR_OBUF[5]_inst/O
                         net (fo=0)                   0.000     3.076    out_ADDR[5]
    G11                                                               r  out_ADDR[5] (OUT)
  -------------------------------------------------------------------    -------------------





--------------------------------------------------------------------------------------
Path Group:  (none)
From Clock:  
  To Clock:  ap_clk

Max Delay         13699 Endpoints
Min Delay         13699 Endpoints
--------------------------------------------------------------------------------------


Max Delay Paths
--------------------------------------------------------------------------------------
Slack:                    inf
  Source:                 in_TDATA[13]
                            (input port)
  Destination:            q_memory_reg[103][0]/D
                            (rising edge-triggered cell FDRE clocked by ap_clk  {rise@0.000ns fall@0.500ns period=1.000ns})
  Path Group:             (none)
  Path Type:              Setup (Max at Slow Process Corner)
  Data Path Delay:        5.344ns  (logic 1.104ns (20.665%)  route 4.240ns (79.335%))
  Logic Levels:           2  (IBUFCTRL=1 INBUF=1)
  Clock Path Skew:        2.329ns (DCD - SCD + CPR)
    Destination Clock Delay (DCD):    2.329ns
    Source Clock Delay      (SCD):    0.000ns
    Clock Pessimism Removal (CPR):    0.000ns
  Clock Uncertainty:      0.025ns  ((TSJ^2 + TIJ^2)^1/2 + DJ) / 2 + PE
    Total System Jitter     (TSJ):    0.050ns
    Total Input Jitter      (TIJ):    0.000ns
    Discrete Jitter          (DJ):    0.000ns
    Phase Error              (PE):    0.000ns
  Clock Net Delay (Destination): 1.558ns (routing 0.691ns, distribution 0.867ns)

    Location             Delay type                Incr(ns)  Path(ns)    Netlist Resource(s)
  -------------------------------------------------------------------    -------------------
    A10                                               0.000     0.000 r  in_TDATA[13] (IN)
                         net (fo=0)                   0.000     0.000    in_TDATA_IBUF[13]_inst/I
    A10                  INBUF (Prop_INBUF_HDIOB_M_PAD_O)
                                                      1.104     1.104 r  in_TDATA_IBUF[13]_inst/INBUF_INST/O
                         net (fo=1, routed)           0.000     1.104    in_TDATA_IBUF[13]_inst/OUT
    A10                  IBUFCTRL (Prop_IBUFCTRL_HDIOB_M_I_O)
                                                      0.000     1.104 r  in_TDATA_IBUF[13]_inst/IBUFCTRL_INST/O
                         net (fo=400, routed)         4.240     5.344    in_TDATA_IBUF[13]
    SLICE_X113Y279       FDRE                                         r  q_memory_reg[103][0]/D
  -------------------------------------------------------------------    -------------------

                         (clock ap_clk rise edge)     0.000     0.000 r  
    K17                                               0.000     0.000 r  ap_clk (IN)
                         net (fo=0)                   0.000     0.000    ap_clk_IBUF_inst/I
    K17                  INBUF (Prop_INBUF_HDIOB_M_PAD_O)
                                                      0.578     0.578 r  ap_clk_IBUF_inst/INBUF_INST/O
                         net (fo=1, routed)           0.000     0.578    ap_clk_IBUF_inst/OUT
    K17                  IBUFCTRL (Prop_IBUFCTRL_HDIOB_M_I_O)
                                                      0.000     0.578 r  ap_clk_IBUF_inst/IBUFCTRL_INST/O
                         net (fo=1, routed)           0.169     0.747    ap_clk_IBUF
    BUFGCE_HDIO_X0Y4     BUFGCE (Prop_BUFCE_BUFGCE_HDIO_I_O)
                                                      0.024     0.771 r  ap_clk_IBUF_BUFG_inst/O
    X4Y3 (CLOCK_ROOT)    net (fo=9698, routed)        1.558     2.329    ap_clk_IBUF_BUFG
    SLICE_X113Y279       FDRE                                         r  q_memory_reg[103][0]/C

Slack:                    inf
  Source:                 in_TDATA[28]
                            (input port)
  Destination:            i_memory_reg[393][1]/D
                            (rising edge-triggered cell FDRE clocked by ap_clk  {rise@0.000ns fall@0.500ns period=1.000ns})
  Path Group:             (none)
  Path Type:              Setup (Max at Slow Process Corner)
  Data Path Delay:        5.310ns  (logic 1.080ns (20.338%)  route 4.230ns (79.662%))
  Logic Levels:           2  (IBUFCTRL=1 INBUF=1)
  Clock Path Skew:        2.277ns (DCD - SCD + CPR)
    Destination Clock Delay (DCD):    2.277ns
    Source Clock Delay      (SCD):    0.000ns
    Clock Pessimism Removal (CPR):    0.000ns
  Clock Uncertainty:      0.025ns  ((TSJ^2 + TIJ^2)^1/2 + DJ) / 2 + PE
    Total System Jitter     (TSJ):    0.050ns
    Total Input Jitter      (TIJ):    0.000ns
    Discrete Jitter          (DJ):    0.000ns
    Phase Error              (PE):    0.000ns
  Clock Net Delay (Destination): 1.506ns (routing 0.691ns, distribution 0.815ns)

    Location             Delay type                Incr(ns)  Path(ns)    Netlist Resource(s)
  -------------------------------------------------------------------    -------------------
    D9                                                0.000     0.000 r  in_TDATA[28] (IN)
                         net (fo=0)                   0.000     0.000    in_TDATA_IBUF[28]_inst/I
    D9                   INBUF (Prop_INBUF_HDIOB_M_PAD_O)
                                                      1.080     1.080 r  in_TDATA_IBUF[28]_inst/INBUF_INST/O
                         net (fo=1, routed)           0.000     1.080    in_TDATA_IBUF[28]_inst/OUT
    D9                   IBUFCTRL (Prop_IBUFCTRL_HDIOB_M_I_O)
                                                      0.000     1.080 r  in_TDATA_IBUF[28]_inst/IBUFCTRL_INST/O
                         net (fo=400, routed)         4.230     5.310    in_TDATA_IBUF[28]
    SLICE_X105Y284       FDRE                                         r  i_memory_reg[393][1]/D
  -------------------------------------------------------------------    -------------------

                         (clock ap_clk rise edge)     0.000     0.000 r  
    K17                                               0.000     0.000 r  ap_clk (IN)
                         net (fo=0)                   0.000     0.000    ap_clk_IBUF_inst/I
    K17                  INBUF (Prop_INBUF_HDIOB_M_PAD_O)
                                                      0.578     0.578 r  ap_clk_IBUF_inst/INBUF_INST/O
                         net (fo=1, routed)           0.000     0.578    ap_clk_IBUF_inst/OUT
    K17                  IBUFCTRL (Prop_IBUFCTRL_HDIOB_M_I_O)
                                                      0.000     0.578 r  ap_clk_IBUF_inst/IBUFCTRL_INST/O
                         net (fo=1, routed)           0.169     0.747    ap_clk_IBUF
    BUFGCE_HDIO_X0Y4     BUFGCE (Prop_BUFCE_BUFGCE_HDIO_I_O)
                                                      0.024     0.771 r  ap_clk_IBUF_BUFG_inst/O
    X4Y3 (CLOCK_ROOT)    net (fo=9698, routed)        1.506     2.277    ap_clk_IBUF_BUFG
    SLICE_X105Y284       FDRE                                         r  i_memory_reg[393][1]/C

Slack:                    inf
  Source:                 in_TDATA[15]
                            (input port)
  Destination:            q_memory_reg[364][2]/D
                            (rising edge-triggered cell FDRE clocked by ap_clk  {rise@0.000ns fall@0.500ns period=1.000ns})
  Path Group:             (none)
  Path Type:              Setup (Max at Slow Process Corner)
  Data Path Delay:        5.286ns  (logic 1.106ns (20.931%)  route 4.179ns (79.069%))
  Logic Levels:           2  (IBUFCTRL=1 INBUF=1)
  Clock Path Skew:        2.297ns (DCD - SCD + CPR)
    Destination Clock Delay (DCD):    2.297ns
    Source Clock Delay      (SCD):    0.000ns
    Clock Pessimism Removal (CPR):    0.000ns
  Clock Uncertainty:      0.025ns  ((TSJ^2 + TIJ^2)^1/2 + DJ) / 2 + PE
    Total System Jitter     (TSJ):    0.050ns
    Total Input Jitter      (TIJ):    0.000ns
    Discrete Jitter          (DJ):    0.000ns
    Phase Error              (PE):    0.000ns
  Clock Net Delay (Destination): 1.526ns (routing 0.691ns, distribution 0.835ns)

    Location             Delay type                Incr(ns)  Path(ns)    Netlist Resource(s)
  -------------------------------------------------------------------    -------------------
    C10                                               0.000     0.000 r  in_TDATA[15] (IN)
                         net (fo=0)                   0.000     0.000    in_TDATA_IBUF[15]_inst/I
    C10                  INBUF (Prop_INBUF_HDIOB_M_PAD_O)
                                                      1.106     1.106 r  in_TDATA_IBUF[15]_inst/INBUF_INST/O
                         net (fo=1, routed)           0.000     1.106    in_TDATA_IBUF[15]_inst/OUT
    C10                  IBUFCTRL (Prop_IBUFCTRL_HDIOB_M_I_O)
                                                      0.000     1.106 r  in_TDATA_IBUF[15]_inst/IBUFCTRL_INST/O
                         net (fo=400, routed)         4.179     5.286    in_TDATA_IBUF[15]
    SLICE_X108Y271       FDRE                                         r  q_memory_reg[364][2]/D
  -------------------------------------------------------------------    -------------------

                         (clock ap_clk rise edge)     0.000     0.000 r  
    K17                                               0.000     0.000 r  ap_clk (IN)
                         net (fo=0)                   0.000     0.000    ap_clk_IBUF_inst/I
    K17                  INBUF (Prop_INBUF_HDIOB_M_PAD_O)
                                                      0.578     0.578 r  ap_clk_IBUF_inst/INBUF_INST/O
                         net (fo=1, routed)           0.000     0.578    ap_clk_IBUF_inst/OUT
    K17                  IBUFCTRL (Prop_IBUFCTRL_HDIOB_M_I_O)
                                                      0.000     0.578 r  ap_clk_IBUF_inst/IBUFCTRL_INST/O
                         net (fo=1, routed)           0.169     0.747    ap_clk_IBUF
    BUFGCE_HDIO_X0Y4     BUFGCE (Prop_BUFCE_BUFGCE_HDIO_I_O)
                                                      0.024     0.771 r  ap_clk_IBUF_BUFG_inst/O
    X4Y3 (CLOCK_ROOT)    net (fo=9698, routed)        1.526     2.297    ap_clk_IBUF_BUFG
    SLICE_X108Y271       FDRE                                         r  q_memory_reg[364][2]/C

Slack:                    inf
  Source:                 in_TDATA[15]
                            (input port)
  Destination:            q_memory_reg[99][2]/D
                            (rising edge-triggered cell FDRE clocked by ap_clk  {rise@0.000ns fall@0.500ns period=1.000ns})
  Path Group:             (none)
  Path Type:              Setup (Max at Slow Process Corner)
  Data Path Delay:        5.284ns  (logic 1.106ns (20.940%)  route 4.177ns (79.060%))
  Logic Levels:           2  (IBUFCTRL=1 INBUF=1)
  Clock Path Skew:        2.304ns (DCD - SCD + CPR)
    Destination Clock Delay (DCD):    2.304ns
    Source Clock Delay      (SCD):    0.000ns
    Clock Pessimism Removal (CPR):    0.000ns
  Clock Uncertainty:      0.025ns  ((TSJ^2 + TIJ^2)^1/2 + DJ) / 2 + PE
    Total System Jitter     (TSJ):    0.050ns
    Total Input Jitter      (TIJ):    0.000ns
    Discrete Jitter          (DJ):    0.000ns
    Phase Error              (PE):    0.000ns
  Clock Net Delay (Destination): 1.533ns (routing 0.691ns, distribution 0.842ns)

    Location             Delay type                Incr(ns)  Path(ns)    Netlist Resource(s)
  -------------------------------------------------------------------    -------------------
    C10                                               0.000     0.000 r  in_TDATA[15] (IN)
                         net (fo=0)                   0.000     0.000    in_TDATA_IBUF[15]_inst/I
    C10                  INBUF (Prop_INBUF_HDIOB_M_PAD_O)
                                                      1.106     1.106 r  in_TDATA_IBUF[15]_inst/INBUF_INST/O
                         net (fo=1, routed)           0.000     1.106    in_TDATA_IBUF[15]_inst/OUT
    C10                  IBUFCTRL (Prop_IBUFCTRL_HDIOB_M_I_O)
                                                      0.000     1.106 r  in_TDATA_IBUF[15]_inst/IBUFCTRL_INST/O
                         net (fo=400, routed)         4.177     5.284    in_TDATA_IBUF[15]
    SLICE_X109Y271       FDRE                                         r  q_memory_reg[99][2]/D
  -------------------------------------------------------------------    -------------------

                         (clock ap_clk rise edge)     0.000     0.000 r  
    K17                                               0.000     0.000 r  ap_clk (IN)
                         net (fo=0)                   0.000     0.000    ap_clk_IBUF_inst/I
    K17                  INBUF (Prop_INBUF_HDIOB_M_PAD_O)
                                                      0.578     0.578 r  ap_clk_IBUF_inst/INBUF_INST/O
                         net (fo=1, routed)           0.000     0.578    ap_clk_IBUF_inst/OUT
    K17                  IBUFCTRL (Prop_IBUFCTRL_HDIOB_M_I_O)
                                                      0.000     0.578 r  ap_clk_IBUF_inst/IBUFCTRL_INST/O
                         net (fo=1, routed)           0.169     0.747    ap_clk_IBUF
    BUFGCE_HDIO_X0Y4     BUFGCE (Prop_BUFCE_BUFGCE_HDIO_I_O)
                                                      0.024     0.771 r  ap_clk_IBUF_BUFG_inst/O
    X4Y3 (CLOCK_ROOT)    net (fo=9698, routed)        1.533     2.304    ap_clk_IBUF_BUFG
    SLICE_X109Y271       FDRE                                         r  q_memory_reg[99][2]/C

Slack:                    inf
  Source:                 in_TDATA[28]
                            (input port)
  Destination:            i_memory_reg[394][1]/D
                            (rising edge-triggered cell FDRE clocked by ap_clk  {rise@0.000ns fall@0.500ns period=1.000ns})
  Path Group:             (none)
  Path Type:              Setup (Max at Slow Process Corner)
  Data Path Delay:        5.273ns  (logic 1.080ns (20.481%)  route 4.193ns (79.519%))
  Logic Levels:           2  (IBUFCTRL=1 INBUF=1)
  Clock Path Skew:        2.281ns (DCD - SCD + CPR)
    Destination Clock Delay (DCD):    2.281ns
    Source Clock Delay      (SCD):    0.000ns
    Clock Pessimism Removal (CPR):    0.000ns
  Clock Uncertainty:      0.025ns  ((TSJ^2 + TIJ^2)^1/2 + DJ) / 2 + PE
    Total System Jitter     (TSJ):    0.050ns
    Total Input Jitter      (TIJ):    0.000ns
    Discrete Jitter          (DJ):    0.000ns
    Phase Error              (PE):    0.000ns
  Clock Net Delay (Destination): 1.510ns (routing 0.691ns, distribution 0.819ns)

    Location             Delay type                Incr(ns)  Path(ns)    Netlist Resource(s)
  -------------------------------------------------------------------    -------------------
    D9                                                0.000     0.000 r  in_TDATA[28] (IN)
                         net (fo=0)                   0.000     0.000    in_TDATA_IBUF[28]_inst/I
    D9                   INBUF (Prop_INBUF_HDIOB_M_PAD_O)
                                                      1.080     1.080 r  in_TDATA_IBUF[28]_inst/INBUF_INST/O
                         net (fo=1, routed)           0.000     1.080    in_TDATA_IBUF[28]_inst/OUT
    D9                   IBUFCTRL (Prop_IBUFCTRL_HDIOB_M_I_O)
                                                      0.000     1.080 r  in_TDATA_IBUF[28]_inst/IBUFCTRL_INST/O
                         net (fo=400, routed)         4.193     5.273    in_TDATA_IBUF[28]
    SLICE_X106Y283       FDRE                                         r  i_memory_reg[394][1]/D
  -------------------------------------------------------------------    -------------------

                         (clock ap_clk rise edge)     0.000     0.000 r  
    K17                                               0.000     0.000 r  ap_clk (IN)
                         net (fo=0)                   0.000     0.000    ap_clk_IBUF_inst/I
    K17                  INBUF (Prop_INBUF_HDIOB_M_PAD_O)
                                                      0.578     0.578 r  ap_clk_IBUF_inst/INBUF_INST/O
                         net (fo=1, routed)           0.000     0.578    ap_clk_IBUF_inst/OUT
    K17                  IBUFCTRL (Prop_IBUFCTRL_HDIOB_M_I_O)
                                                      0.000     0.578 r  ap_clk_IBUF_inst/IBUFCTRL_INST/O
                         net (fo=1, routed)           0.169     0.747    ap_clk_IBUF
    BUFGCE_HDIO_X0Y4     BUFGCE (Prop_BUFCE_BUFGCE_HDIO_I_O)
                                                      0.024     0.771 r  ap_clk_IBUF_BUFG_inst/O
    X4Y3 (CLOCK_ROOT)    net (fo=9698, routed)        1.510     2.281    ap_clk_IBUF_BUFG
    SLICE_X106Y283       FDRE                                         r  i_memory_reg[394][1]/C

Slack:                    inf
  Source:                 in_TDATA[28]
                            (input port)
  Destination:            i_memory_reg[392][1]/D
                            (rising edge-triggered cell FDRE clocked by ap_clk  {rise@0.000ns fall@0.500ns period=1.000ns})
  Path Group:             (none)
  Path Type:              Setup (Max at Slow Process Corner)
  Data Path Delay:        5.233ns  (logic 1.080ns (20.637%)  route 4.153ns (79.363%))
  Logic Levels:           2  (IBUFCTRL=1 INBUF=1)
  Clock Path Skew:        2.287ns (DCD - SCD + CPR)
    Destination Clock Delay (DCD):    2.287ns
    Source Clock Delay      (SCD):    0.000ns
    Clock Pessimism Removal (CPR):    0.000ns
  Clock Uncertainty:      0.025ns  ((TSJ^2 + TIJ^2)^1/2 + DJ) / 2 + PE
    Total System Jitter     (TSJ):    0.050ns
    Total Input Jitter      (TIJ):    0.000ns
    Discrete Jitter          (DJ):    0.000ns
    Phase Error              (PE):    0.000ns
  Clock Net Delay (Destination): 1.516ns (routing 0.691ns, distribution 0.825ns)

    Location             Delay type                Incr(ns)  Path(ns)    Netlist Resource(s)
  -------------------------------------------------------------------    -------------------
    D9                                                0.000     0.000 r  in_TDATA[28] (IN)
                         net (fo=0)                   0.000     0.000    in_TDATA_IBUF[28]_inst/I
    D9                   INBUF (Prop_INBUF_HDIOB_M_PAD_O)
                                                      1.080     1.080 r  in_TDATA_IBUF[28]_inst/INBUF_INST/O
                         net (fo=1, routed)           0.000     1.080    in_TDATA_IBUF[28]_inst/OUT
    D9                   IBUFCTRL (Prop_IBUFCTRL_HDIOB_M_I_O)
                                                      0.000     1.080 r  in_TDATA_IBUF[28]_inst/IBUFCTRL_INST/O
                         net (fo=400, routed)         4.153     5.233    in_TDATA_IBUF[28]
    SLICE_X107Y283       FDRE                                         r  i_memory_reg[392][1]/D
  -------------------------------------------------------------------    -------------------

                         (clock ap_clk rise edge)     0.000     0.000 r  
    K17                                               0.000     0.000 r  ap_clk (IN)
                         net (fo=0)                   0.000     0.000    ap_clk_IBUF_inst/I
    K17                  INBUF (Prop_INBUF_HDIOB_M_PAD_O)
                                                      0.578     0.578 r  ap_clk_IBUF_inst/INBUF_INST/O
                         net (fo=1, routed)           0.000     0.578    ap_clk_IBUF_inst/OUT
    K17                  IBUFCTRL (Prop_IBUFCTRL_HDIOB_M_I_O)
                                                      0.000     0.578 r  ap_clk_IBUF_inst/IBUFCTRL_INST/O
                         net (fo=1, routed)           0.169     0.747    ap_clk_IBUF
    BUFGCE_HDIO_X0Y4     BUFGCE (Prop_BUFCE_BUFGCE_HDIO_I_O)
                                                      0.024     0.771 r  ap_clk_IBUF_BUFG_inst/O
    X4Y3 (CLOCK_ROOT)    net (fo=9698, routed)        1.516     2.287    ap_clk_IBUF_BUFG
    SLICE_X107Y283       FDRE                                         r  i_memory_reg[392][1]/C

Slack:                    inf
  Source:                 in_TDATA[13]
                            (input port)
  Destination:            q_memory_reg[370][0]/D
                            (rising edge-triggered cell FDRE clocked by ap_clk  {rise@0.000ns fall@0.500ns period=1.000ns})
  Path Group:             (none)
  Path Type:              Setup (Max at Slow Process Corner)
  Data Path Delay:        5.215ns  (logic 1.104ns (21.176%)  route 4.111ns (78.824%))
  Logic Levels:           2  (IBUFCTRL=1 INBUF=1)
  Clock Path Skew:        2.317ns (DCD - SCD + CPR)
    Destination Clock Delay (DCD):    2.317ns
    Source Clock Delay      (SCD):    0.000ns
    Clock Pessimism Removal (CPR):    0.000ns
  Clock Uncertainty:      0.025ns  ((TSJ^2 + TIJ^2)^1/2 + DJ) / 2 + PE
    Total System Jitter     (TSJ):    0.050ns
    Total Input Jitter      (TIJ):    0.000ns
    Discrete Jitter          (DJ):    0.000ns
    Phase Error              (PE):    0.000ns
  Clock Net Delay (Destination): 1.546ns (routing 0.691ns, distribution 0.855ns)

    Location             Delay type                Incr(ns)  Path(ns)    Netlist Resource(s)
  -------------------------------------------------------------------    -------------------
    A10                                               0.000     0.000 r  in_TDATA[13] (IN)
                         net (fo=0)                   0.000     0.000    in_TDATA_IBUF[13]_inst/I
    A10                  INBUF (Prop_INBUF_HDIOB_M_PAD_O)
                                                      1.104     1.104 r  in_TDATA_IBUF[13]_inst/INBUF_INST/O
                         net (fo=1, routed)           0.000     1.104    in_TDATA_IBUF[13]_inst/OUT
    A10                  IBUFCTRL (Prop_IBUFCTRL_HDIOB_M_I_O)
                                                      0.000     1.104 r  in_TDATA_IBUF[13]_inst/IBUFCTRL_INST/O
                         net (fo=400, routed)         4.111     5.215    in_TDATA_IBUF[13]
    SLICE_X109Y283       FDRE                                         r  q_memory_reg[370][0]/D
  -------------------------------------------------------------------    -------------------

                         (clock ap_clk rise edge)     0.000     0.000 r  
    K17                                               0.000     0.000 r  ap_clk (IN)
                         net (fo=0)                   0.000     0.000    ap_clk_IBUF_inst/I
    K17                  INBUF (Prop_INBUF_HDIOB_M_PAD_O)
                                                      0.578     0.578 r  ap_clk_IBUF_inst/INBUF_INST/O
                         net (fo=1, routed)           0.000     0.578    ap_clk_IBUF_inst/OUT
    K17                  IBUFCTRL (Prop_IBUFCTRL_HDIOB_M_I_O)
                                                      0.000     0.578 r  ap_clk_IBUF_inst/IBUFCTRL_INST/O
                         net (fo=1, routed)           0.169     0.747    ap_clk_IBUF
    BUFGCE_HDIO_X0Y4     BUFGCE (Prop_BUFCE_BUFGCE_HDIO_I_O)
                                                      0.024     0.771 r  ap_clk_IBUF_BUFG_inst/O
    X4Y3 (CLOCK_ROOT)    net (fo=9698, routed)        1.546     2.317    ap_clk_IBUF_BUFG
    SLICE_X109Y283       FDRE                                         r  q_memory_reg[370][0]/C

Slack:                    inf
  Source:                 in_TDATA[15]
                            (input port)
  Destination:            q_memory_reg[349][2]/D
                            (rising edge-triggered cell FDRE clocked by ap_clk  {rise@0.000ns fall@0.500ns period=1.000ns})
  Path Group:             (none)
  Path Type:              Setup (Max at Slow Process Corner)
  Data Path Delay:        5.193ns  (logic 1.106ns (21.304%)  route 4.087ns (78.696%))
  Logic Levels:           2  (IBUFCTRL=1 INBUF=1)
  Clock Path Skew:        2.272ns (DCD - SCD + CPR)
    Destination Clock Delay (DCD):    2.272ns
    Source Clock Delay      (SCD):    0.000ns
    Clock Pessimism Removal (CPR):    0.000ns
  Clock Uncertainty:      0.025ns  ((TSJ^2 + TIJ^2)^1/2 + DJ) / 2 + PE
    Total System Jitter     (TSJ):    0.050ns
    Total Input Jitter      (TIJ):    0.000ns
    Discrete Jitter          (DJ):    0.000ns
    Phase Error              (PE):    0.000ns
  Clock Net Delay (Destination): 1.501ns (routing 0.691ns, distribution 0.810ns)

    Location             Delay type                Incr(ns)  Path(ns)    Netlist Resource(s)
  -------------------------------------------------------------------    -------------------
    C10                                               0.000     0.000 r  in_TDATA[15] (IN)
                         net (fo=0)                   0.000     0.000    in_TDATA_IBUF[15]_inst/I
    C10                  INBUF (Prop_INBUF_HDIOB_M_PAD_O)
                                                      1.106     1.106 r  in_TDATA_IBUF[15]_inst/INBUF_INST/O
                         net (fo=1, routed)           0.000     1.106    in_TDATA_IBUF[15]_inst/OUT
    C10                  IBUFCTRL (Prop_IBUFCTRL_HDIOB_M_I_O)
                                                      0.000     1.106 r  in_TDATA_IBUF[15]_inst/IBUFCTRL_INST/O
                         net (fo=400, routed)         4.087     5.193    in_TDATA_IBUF[15]
    SLICE_X106Y275       FDRE                                         r  q_memory_reg[349][2]/D
  -------------------------------------------------------------------    -------------------

                         (clock ap_clk rise edge)     0.000     0.000 r  
    K17                                               0.000     0.000 r  ap_clk (IN)
                         net (fo=0)                   0.000     0.000    ap_clk_IBUF_inst/I
    K17                  INBUF (Prop_INBUF_HDIOB_M_PAD_O)
                                                      0.578     0.578 r  ap_clk_IBUF_inst/INBUF_INST/O
                         net (fo=1, routed)           0.000     0.578    ap_clk_IBUF_inst/OUT
    K17                  IBUFCTRL (Prop_IBUFCTRL_HDIOB_M_I_O)
                                                      0.000     0.578 r  ap_clk_IBUF_inst/IBUFCTRL_INST/O
                         net (fo=1, routed)           0.169     0.747    ap_clk_IBUF
    BUFGCE_HDIO_X0Y4     BUFGCE (Prop_BUFCE_BUFGCE_HDIO_I_O)
                                                      0.024     0.771 r  ap_clk_IBUF_BUFG_inst/O
    X4Y3 (CLOCK_ROOT)    net (fo=9698, routed)        1.501     2.272    ap_clk_IBUF_BUFG
    SLICE_X106Y275       FDRE                                         r  q_memory_reg[349][2]/C

Slack:                    inf
  Source:                 in_TDATA[17]
                            (input port)
  Destination:            q_memory_reg[310][4]/D
                            (rising edge-triggered cell FDRE clocked by ap_clk  {rise@0.000ns fall@0.500ns period=1.000ns})
  Path Group:             (none)
  Path Type:              Setup (Max at Slow Process Corner)
  Data Path Delay:        5.133ns  (logic 1.082ns (21.090%)  route 4.050ns (78.910%))
  Logic Levels:           2  (IBUFCTRL=1 INBUF=1)
  Clock Path Skew:        2.259ns (DCD - SCD + CPR)
    Destination Clock Delay (DCD):    2.259ns
    Source Clock Delay      (SCD):    0.000ns
    Clock Pessimism Removal (CPR):    0.000ns
  Clock Uncertainty:      0.025ns  ((TSJ^2 + TIJ^2)^1/2 + DJ) / 2 + PE
    Total System Jitter     (TSJ):    0.050ns
    Total Input Jitter      (TIJ):    0.000ns
    Discrete Jitter          (DJ):    0.000ns
    Phase Error              (PE):    0.000ns
  Clock Net Delay (Destination): 1.487ns (routing 0.691ns, distribution 0.796ns)

    Location             Delay type                Incr(ns)  Path(ns)    Netlist Resource(s)
  -------------------------------------------------------------------    -------------------
    C11                                               0.000     0.000 r  in_TDATA[17] (IN)
                         net (fo=0)                   0.000     0.000    in_TDATA_IBUF[17]_inst/I
    C11                  INBUF (Prop_INBUF_HDIOB_M_PAD_O)
                                                      1.082     1.082 r  in_TDATA_IBUF[17]_inst/INBUF_INST/O
                         net (fo=1, routed)           0.000     1.082    in_TDATA_IBUF[17]_inst/OUT
    C11                  IBUFCTRL (Prop_IBUFCTRL_HDIOB_M_I_O)
                                                      0.000     1.082 r  in_TDATA_IBUF[17]_inst/IBUFCTRL_INST/O
                         net (fo=400, routed)         4.050     5.133    in_TDATA_IBUF[17]
    SLICE_X101Y266       FDRE                                         r  q_memory_reg[310][4]/D
  -------------------------------------------------------------------    -------------------

                         (clock ap_clk rise edge)     0.000     0.000 r  
    K17                                               0.000     0.000 r  ap_clk (IN)
                         net (fo=0)                   0.000     0.000    ap_clk_IBUF_inst/I
    K17                  INBUF (Prop_INBUF_HDIOB_M_PAD_O)
                                                      0.578     0.578 r  ap_clk_IBUF_inst/INBUF_INST/O
                         net (fo=1, routed)           0.000     0.578    ap_clk_IBUF_inst/OUT
    K17                  IBUFCTRL (Prop_IBUFCTRL_HDIOB_M_I_O)
                                                      0.000     0.578 r  ap_clk_IBUF_inst/IBUFCTRL_INST/O
                         net (fo=1, routed)           0.169     0.747    ap_clk_IBUF
    BUFGCE_HDIO_X0Y4     BUFGCE (Prop_BUFCE_BUFGCE_HDIO_I_O)
                                                      0.024     0.771 r  ap_clk_IBUF_BUFG_inst/O
    X4Y3 (CLOCK_ROOT)    net (fo=9698, routed)        1.487     2.259    ap_clk_IBUF_BUFG
    SLICE_X101Y266       FDRE                                         r  q_memory_reg[310][4]/C

Slack:                    inf
  Source:                 in_TDATA[17]
                            (input port)
  Destination:            q_memory_reg[339][4]/D
                            (rising edge-triggered cell FDRE clocked by ap_clk  {rise@0.000ns fall@0.500ns period=1.000ns})
  Path Group:             (none)
  Path Type:              Setup (Max at Slow Process Corner)
  Data Path Delay:        5.128ns  (logic 1.082ns (21.110%)  route 4.045ns (78.890%))
  Logic Levels:           2  (IBUFCTRL=1 INBUF=1)
  Clock Path Skew:        2.316ns (DCD - SCD + CPR)
    Destination Clock Delay (DCD):    2.316ns
    Source Clock Delay      (SCD):    0.000ns
    Clock Pessimism Removal (CPR):    0.000ns
  Clock Uncertainty:      0.025ns  ((TSJ^2 + TIJ^2)^1/2 + DJ) / 2 + PE
    Total System Jitter     (TSJ):    0.050ns
    Total Input Jitter      (TIJ):    0.000ns
    Discrete Jitter          (DJ):    0.000ns
    Phase Error              (PE):    0.000ns
  Clock Net Delay (Destination): 1.545ns (routing 0.691ns, distribution 0.854ns)

    Location             Delay type                Incr(ns)  Path(ns)    Netlist Resource(s)
  -------------------------------------------------------------------    -------------------
    C11                                               0.000     0.000 r  in_TDATA[17] (IN)
                         net (fo=0)                   0.000     0.000    in_TDATA_IBUF[17]_inst/I
    C11                  INBUF (Prop_INBUF_HDIOB_M_PAD_O)
                                                      1.082     1.082 r  in_TDATA_IBUF[17]_inst/INBUF_INST/O
                         net (fo=1, routed)           0.000     1.082    in_TDATA_IBUF[17]_inst/OUT
    C11                  IBUFCTRL (Prop_IBUFCTRL_HDIOB_M_I_O)
                                                      0.000     1.082 r  in_TDATA_IBUF[17]_inst/IBUFCTRL_INST/O
                         net (fo=400, routed)         4.045     5.128    in_TDATA_IBUF[17]
    SLICE_X109Y282       FDRE                                         r  q_memory_reg[339][4]/D
  -------------------------------------------------------------------    -------------------

                         (clock ap_clk rise edge)     0.000     0.000 r  
    K17                                               0.000     0.000 r  ap_clk (IN)
                         net (fo=0)                   0.000     0.000    ap_clk_IBUF_inst/I
    K17                  INBUF (Prop_INBUF_HDIOB_M_PAD_O)
                                                      0.578     0.578 r  ap_clk_IBUF_inst/INBUF_INST/O
                         net (fo=1, routed)           0.000     0.578    ap_clk_IBUF_inst/OUT
    K17                  IBUFCTRL (Prop_IBUFCTRL_HDIOB_M_I_O)
                                                      0.000     0.578 r  ap_clk_IBUF_inst/IBUFCTRL_INST/O
                         net (fo=1, routed)           0.169     0.747    ap_clk_IBUF
    BUFGCE_HDIO_X0Y4     BUFGCE (Prop_BUFCE_BUFGCE_HDIO_I_O)
                                                      0.024     0.771 r  ap_clk_IBUF_BUFG_inst/O
    X4Y3 (CLOCK_ROOT)    net (fo=9698, routed)        1.545     2.316    ap_clk_IBUF_BUFG
    SLICE_X109Y282       FDRE                                         r  q_memory_reg[339][4]/C





Min Delay Paths
--------------------------------------------------------------------------------------
Slack:                    inf
  Source:                 trigger
                            (input port)
  Destination:            pred_addr_reg_reg[1]/CE
                            (rising edge-triggered cell FDCE clocked by ap_clk  {rise@0.000ns fall@0.500ns period=1.000ns})
  Path Group:             (none)
  Path Type:              Hold (Min at Fast Process Corner)
  Data Path Delay:        0.890ns  (logic 0.426ns (47.908%)  route 0.463ns (52.092%))
  Logic Levels:           3  (IBUFCTRL=1 INBUF=1 LUT3=1)
  Clock Path Skew:        1.935ns (DCD - SCD - CPR)
    Destination Clock Delay (DCD):    1.935ns
    Source Clock Delay      (SCD):    0.000ns
    Clock Pessimism Removal (CPR):    -0.000ns
  Clock Net Delay (Destination): 1.095ns (routing 0.470ns, distribution 0.625ns)

    Location             Delay type                Incr(ns)  Path(ns)    Netlist Resource(s)
  -------------------------------------------------------------------    -------------------
    H15                                               0.000     0.000 r  trigger (IN)
                         net (fo=0)                   0.000     0.000    trigger_IBUF_inst/I
    H15                  INBUF (Prop_INBUF_HDIOB_M_PAD_O)
                                                      0.412     0.412 r  trigger_IBUF_inst/INBUF_INST/O
                         net (fo=1, routed)           0.000     0.412    trigger_IBUF_inst/OUT
    H15                  IBUFCTRL (Prop_IBUFCTRL_HDIOB_M_I_O)
                                                      0.000     0.412 r  trigger_IBUF_inst/IBUFCTRL_INST/O
                         net (fo=1, routed)           0.256     0.668    trigger_IBUF
    SLICE_X107Y297       LUT3 (Prop_A6LUT_SLICEM_I2_O)
                                                      0.014     0.682 r  pred_addr_reg[13]_i_1/O
                         net (fo=15, routed)          0.207     0.890    pred_addr_reg
    SLICE_X108Y297       FDCE                                         r  pred_addr_reg_reg[1]/CE
  -------------------------------------------------------------------    -------------------

                         (clock ap_clk rise edge)     0.000     0.000 r  
    K17                                               0.000     0.000 r  ap_clk (IN)
                         net (fo=0)                   0.000     0.000    ap_clk_IBUF_inst/I
    K17                  INBUF (Prop_INBUF_HDIOB_M_PAD_O)
                                                      0.708     0.708 r  ap_clk_IBUF_inst/INBUF_INST/O
                         net (fo=1, routed)           0.000     0.708    ap_clk_IBUF_inst/OUT
    K17                  IBUFCTRL (Prop_IBUFCTRL_HDIOB_M_I_O)
                                                      0.000     0.708 r  ap_clk_IBUF_inst/IBUFCTRL_INST/O
                         net (fo=1, routed)           0.113     0.821    ap_clk_IBUF
    BUFGCE_HDIO_X0Y4     BUFGCE (Prop_BUFCE_BUFGCE_HDIO_I_O)
                                                      0.019     0.840 r  ap_clk_IBUF_BUFG_inst/O
    X4Y3 (CLOCK_ROOT)    net (fo=9698, routed)        1.095     1.935    ap_clk_IBUF_BUFG
    SLICE_X108Y297       FDCE                                         r  pred_addr_reg_reg[1]/C

Slack:                    inf
  Source:                 trigger
                            (input port)
  Destination:            pred_addr_reg_reg[2]/CE
                            (rising edge-triggered cell FDCE clocked by ap_clk  {rise@0.000ns fall@0.500ns period=1.000ns})
  Path Group:             (none)
  Path Type:              Hold (Min at Fast Process Corner)
  Data Path Delay:        0.890ns  (logic 0.426ns (47.908%)  route 0.463ns (52.092%))
  Logic Levels:           3  (IBUFCTRL=1 INBUF=1 LUT3=1)
  Clock Path Skew:        1.935ns (DCD - SCD - CPR)
    Destination Clock Delay (DCD):    1.935ns
    Source Clock Delay      (SCD):    0.000ns
    Clock Pessimism Removal (CPR):    -0.000ns
  Clock Net Delay (Destination): 1.095ns (routing 0.470ns, distribution 0.625ns)

    Location             Delay type                Incr(ns)  Path(ns)    Netlist Resource(s)
  -------------------------------------------------------------------    -------------------
    H15                                               0.000     0.000 r  trigger (IN)
                         net (fo=0)                   0.000     0.000    trigger_IBUF_inst/I
    H15                  INBUF (Prop_INBUF_HDIOB_M_PAD_O)
                                                      0.412     0.412 r  trigger_IBUF_inst/INBUF_INST/O
                         net (fo=1, routed)           0.000     0.412    trigger_IBUF_inst/OUT
    H15                  IBUFCTRL (Prop_IBUFCTRL_HDIOB_M_I_O)
                                                      0.000     0.412 r  trigger_IBUF_inst/IBUFCTRL_INST/O
                         net (fo=1, routed)           0.256     0.668    trigger_IBUF
    SLICE_X107Y297       LUT3 (Prop_A6LUT_SLICEM_I2_O)
                                                      0.014     0.682 r  pred_addr_reg[13]_i_1/O
                         net (fo=15, routed)          0.207     0.890    pred_addr_reg
    SLICE_X108Y297       FDCE                                         r  pred_addr_reg_reg[2]/CE
  -------------------------------------------------------------------    -------------------

                         (clock ap_clk rise edge)     0.000     0.000 r  
    K17                                               0.000     0.000 r  ap_clk (IN)
                         net (fo=0)                   0.000     0.000    ap_clk_IBUF_inst/I
    K17                  INBUF (Prop_INBUF_HDIOB_M_PAD_O)
                                                      0.708     0.708 r  ap_clk_IBUF_inst/INBUF_INST/O
                         net (fo=1, routed)           0.000     0.708    ap_clk_IBUF_inst/OUT
    K17                  IBUFCTRL (Prop_IBUFCTRL_HDIOB_M_I_O)
                                                      0.000     0.708 r  ap_clk_IBUF_inst/IBUFCTRL_INST/O
                         net (fo=1, routed)           0.113     0.821    ap_clk_IBUF
    BUFGCE_HDIO_X0Y4     BUFGCE (Prop_BUFCE_BUFGCE_HDIO_I_O)
                                                      0.019     0.840 r  ap_clk_IBUF_BUFG_inst/O
    X4Y3 (CLOCK_ROOT)    net (fo=9698, routed)        1.095     1.935    ap_clk_IBUF_BUFG
    SLICE_X108Y297       FDCE                                         r  pred_addr_reg_reg[2]/C

Slack:                    inf
  Source:                 trigger
                            (input port)
  Destination:            pred_addr_reg_reg[3]/CE
                            (rising edge-triggered cell FDCE clocked by ap_clk  {rise@0.000ns fall@0.500ns period=1.000ns})
  Path Group:             (none)
  Path Type:              Hold (Min at Fast Process Corner)
  Data Path Delay:        0.890ns  (logic 0.426ns (47.908%)  route 0.463ns (52.092%))
  Logic Levels:           3  (IBUFCTRL=1 INBUF=1 LUT3=1)
  Clock Path Skew:        1.935ns (DCD - SCD - CPR)
    Destination Clock Delay (DCD):    1.935ns
    Source Clock Delay      (SCD):    0.000ns
    Clock Pessimism Removal (CPR):    -0.000ns
  Clock Net Delay (Destination): 1.095ns (routing 0.470ns, distribution 0.625ns)

    Location             Delay type                Incr(ns)  Path(ns)    Netlist Resource(s)
  -------------------------------------------------------------------    -------------------
    H15                                               0.000     0.000 r  trigger (IN)
                         net (fo=0)                   0.000     0.000    trigger_IBUF_inst/I
    H15                  INBUF (Prop_INBUF_HDIOB_M_PAD_O)
                                                      0.412     0.412 r  trigger_IBUF_inst/INBUF_INST/O
                         net (fo=1, routed)           0.000     0.412    trigger_IBUF_inst/OUT
    H15                  IBUFCTRL (Prop_IBUFCTRL_HDIOB_M_I_O)
                                                      0.000     0.412 r  trigger_IBUF_inst/IBUFCTRL_INST/O
                         net (fo=1, routed)           0.256     0.668    trigger_IBUF
    SLICE_X107Y297       LUT3 (Prop_A6LUT_SLICEM_I2_O)
                                                      0.014     0.682 r  pred_addr_reg[13]_i_1/O
                         net (fo=15, routed)          0.207     0.890    pred_addr_reg
    SLICE_X108Y297       FDCE                                         r  pred_addr_reg_reg[3]/CE
  -------------------------------------------------------------------    -------------------

                         (clock ap_clk rise edge)     0.000     0.000 r  
    K17                                               0.000     0.000 r  ap_clk (IN)
                         net (fo=0)                   0.000     0.000    ap_clk_IBUF_inst/I
    K17                  INBUF (Prop_INBUF_HDIOB_M_PAD_O)
                                                      0.708     0.708 r  ap_clk_IBUF_inst/INBUF_INST/O
                         net (fo=1, routed)           0.000     0.708    ap_clk_IBUF_inst/OUT
    K17                  IBUFCTRL (Prop_IBUFCTRL_HDIOB_M_I_O)
                                                      0.000     0.708 r  ap_clk_IBUF_inst/IBUFCTRL_INST/O
                         net (fo=1, routed)           0.113     0.821    ap_clk_IBUF
    BUFGCE_HDIO_X0Y4     BUFGCE (Prop_BUFCE_BUFGCE_HDIO_I_O)
                                                      0.019     0.840 r  ap_clk_IBUF_BUFG_inst/O
    X4Y3 (CLOCK_ROOT)    net (fo=9698, routed)        1.095     1.935    ap_clk_IBUF_BUFG
    SLICE_X108Y297       FDCE                                         r  pred_addr_reg_reg[3]/C

Slack:                    inf
  Source:                 trigger
                            (input port)
  Destination:            pred_addr_reg_reg[4]/CE
                            (rising edge-triggered cell FDCE clocked by ap_clk  {rise@0.000ns fall@0.500ns period=1.000ns})
  Path Group:             (none)
  Path Type:              Hold (Min at Fast Process Corner)
  Data Path Delay:        0.890ns  (logic 0.426ns (47.908%)  route 0.463ns (52.092%))
  Logic Levels:           3  (IBUFCTRL=1 INBUF=1 LUT3=1)
  Clock Path Skew:        1.935ns (DCD - SCD - CPR)
    Destination Clock Delay (DCD):    1.935ns
    Source Clock Delay      (SCD):    0.000ns
    Clock Pessimism Removal (CPR):    -0.000ns
  Clock Net Delay (Destination): 1.095ns (routing 0.470ns, distribution 0.625ns)

    Location             Delay type                Incr(ns)  Path(ns)    Netlist Resource(s)
  -------------------------------------------------------------------    -------------------
    H15                                               0.000     0.000 r  trigger (IN)
                         net (fo=0)                   0.000     0.000    trigger_IBUF_inst/I
    H15                  INBUF (Prop_INBUF_HDIOB_M_PAD_O)
                                                      0.412     0.412 r  trigger_IBUF_inst/INBUF_INST/O
                         net (fo=1, routed)           0.000     0.412    trigger_IBUF_inst/OUT
    H15                  IBUFCTRL (Prop_IBUFCTRL_HDIOB_M_I_O)
                                                      0.000     0.412 r  trigger_IBUF_inst/IBUFCTRL_INST/O
                         net (fo=1, routed)           0.256     0.668    trigger_IBUF
    SLICE_X107Y297       LUT3 (Prop_A6LUT_SLICEM_I2_O)
                                                      0.014     0.682 r  pred_addr_reg[13]_i_1/O
                         net (fo=15, routed)          0.207     0.890    pred_addr_reg
    SLICE_X108Y297       FDCE                                         r  pred_addr_reg_reg[4]/CE
  -------------------------------------------------------------------    -------------------

                         (clock ap_clk rise edge)     0.000     0.000 r  
    K17                                               0.000     0.000 r  ap_clk (IN)
                         net (fo=0)                   0.000     0.000    ap_clk_IBUF_inst/I
    K17                  INBUF (Prop_INBUF_HDIOB_M_PAD_O)
                                                      0.708     0.708 r  ap_clk_IBUF_inst/INBUF_INST/O
                         net (fo=1, routed)           0.000     0.708    ap_clk_IBUF_inst/OUT
    K17                  IBUFCTRL (Prop_IBUFCTRL_HDIOB_M_I_O)
                                                      0.000     0.708 r  ap_clk_IBUF_inst/IBUFCTRL_INST/O
                         net (fo=1, routed)           0.113     0.821    ap_clk_IBUF
    BUFGCE_HDIO_X0Y4     BUFGCE (Prop_BUFCE_BUFGCE_HDIO_I_O)
                                                      0.019     0.840 r  ap_clk_IBUF_BUFG_inst/O
    X4Y3 (CLOCK_ROOT)    net (fo=9698, routed)        1.095     1.935    ap_clk_IBUF_BUFG
    SLICE_X108Y297       FDCE                                         r  pred_addr_reg_reg[4]/C

Slack:                    inf
  Source:                 trigger
                            (input port)
  Destination:            pred_addr_reg_reg[5]/CE
                            (rising edge-triggered cell FDCE clocked by ap_clk  {rise@0.000ns fall@0.500ns period=1.000ns})
  Path Group:             (none)
  Path Type:              Hold (Min at Fast Process Corner)
  Data Path Delay:        0.892ns  (logic 0.426ns (47.800%)  route 0.465ns (52.200%))
  Logic Levels:           3  (IBUFCTRL=1 INBUF=1 LUT3=1)
  Clock Path Skew:        1.939ns (DCD - SCD - CPR)
    Destination Clock Delay (DCD):    1.939ns
    Source Clock Delay      (SCD):    0.000ns
    Clock Pessimism Removal (CPR):    -0.000ns
  Clock Net Delay (Destination): 1.099ns (routing 0.470ns, distribution 0.629ns)

    Location             Delay type                Incr(ns)  Path(ns)    Netlist Resource(s)
  -------------------------------------------------------------------    -------------------
    H15                                               0.000     0.000 r  trigger (IN)
                         net (fo=0)                   0.000     0.000    trigger_IBUF_inst/I
    H15                  INBUF (Prop_INBUF_HDIOB_M_PAD_O)
                                                      0.412     0.412 r  trigger_IBUF_inst/INBUF_INST/O
                         net (fo=1, routed)           0.000     0.412    trigger_IBUF_inst/OUT
    H15                  IBUFCTRL (Prop_IBUFCTRL_HDIOB_M_I_O)
                                                      0.000     0.412 r  trigger_IBUF_inst/IBUFCTRL_INST/O
                         net (fo=1, routed)           0.256     0.668    trigger_IBUF
    SLICE_X107Y297       LUT3 (Prop_A6LUT_SLICEM_I2_O)
                                                      0.014     0.682 r  pred_addr_reg[13]_i_1/O
                         net (fo=15, routed)          0.209     0.892    pred_addr_reg
    SLICE_X108Y297       FDCE                                         r  pred_addr_reg_reg[5]/CE
  -------------------------------------------------------------------    -------------------

                         (clock ap_clk rise edge)     0.000     0.000 r  
    K17                                               0.000     0.000 r  ap_clk (IN)
                         net (fo=0)                   0.000     0.000    ap_clk_IBUF_inst/I
    K17                  INBUF (Prop_INBUF_HDIOB_M_PAD_O)
                                                      0.708     0.708 r  ap_clk_IBUF_inst/INBUF_INST/O
                         net (fo=1, routed)           0.000     0.708    ap_clk_IBUF_inst/OUT
    K17                  IBUFCTRL (Prop_IBUFCTRL_HDIOB_M_I_O)
                                                      0.000     0.708 r  ap_clk_IBUF_inst/IBUFCTRL_INST/O
                         net (fo=1, routed)           0.113     0.821    ap_clk_IBUF
    BUFGCE_HDIO_X0Y4     BUFGCE (Prop_BUFCE_BUFGCE_HDIO_I_O)
                                                      0.019     0.840 r  ap_clk_IBUF_BUFG_inst/O
    X4Y3 (CLOCK_ROOT)    net (fo=9698, routed)        1.099     1.939    ap_clk_IBUF_BUFG
    SLICE_X108Y297       FDCE                                         r  pred_addr_reg_reg[5]/C

Slack:                    inf
  Source:                 trigger
                            (input port)
  Destination:            pred_addr_reg_reg[6]/CE
                            (rising edge-triggered cell FDCE clocked by ap_clk  {rise@0.000ns fall@0.500ns period=1.000ns})
  Path Group:             (none)
  Path Type:              Hold (Min at Fast Process Corner)
  Data Path Delay:        0.892ns  (logic 0.426ns (47.800%)  route 0.465ns (52.200%))
  Logic Levels:           3  (IBUFCTRL=1 INBUF=1 LUT3=1)
  Clock Path Skew:        1.939ns (DCD - SCD - CPR)
    Destination Clock Delay (DCD):    1.939ns
    Source Clock Delay      (SCD):    0.000ns
    Clock Pessimism Removal (CPR):    -0.000ns
  Clock Net Delay (Destination): 1.099ns (routing 0.470ns, distribution 0.629ns)

    Location             Delay type                Incr(ns)  Path(ns)    Netlist Resource(s)
  -------------------------------------------------------------------    -------------------
    H15                                               0.000     0.000 r  trigger (IN)
                         net (fo=0)                   0.000     0.000    trigger_IBUF_inst/I
    H15                  INBUF (Prop_INBUF_HDIOB_M_PAD_O)
                                                      0.412     0.412 r  trigger_IBUF_inst/INBUF_INST/O
                         net (fo=1, routed)           0.000     0.412    trigger_IBUF_inst/OUT
    H15                  IBUFCTRL (Prop_IBUFCTRL_HDIOB_M_I_O)
                                                      0.000     0.412 r  trigger_IBUF_inst/IBUFCTRL_INST/O
                         net (fo=1, routed)           0.256     0.668    trigger_IBUF
    SLICE_X107Y297       LUT3 (Prop_A6LUT_SLICEM_I2_O)
                                                      0.014     0.682 r  pred_addr_reg[13]_i_1/O
                         net (fo=15, routed)          0.209     0.892    pred_addr_reg
    SLICE_X108Y297       FDCE                                         r  pred_addr_reg_reg[6]/CE
  -------------------------------------------------------------------    -------------------

                         (clock ap_clk rise edge)     0.000     0.000 r  
    K17                                               0.000     0.000 r  ap_clk (IN)
                         net (fo=0)                   0.000     0.000    ap_clk_IBUF_inst/I
    K17                  INBUF (Prop_INBUF_HDIOB_M_PAD_O)
                                                      0.708     0.708 r  ap_clk_IBUF_inst/INBUF_INST/O
                         net (fo=1, routed)           0.000     0.708    ap_clk_IBUF_inst/OUT
    K17                  IBUFCTRL (Prop_IBUFCTRL_HDIOB_M_I_O)
                                                      0.000     0.708 r  ap_clk_IBUF_inst/IBUFCTRL_INST/O
                         net (fo=1, routed)           0.113     0.821    ap_clk_IBUF
    BUFGCE_HDIO_X0Y4     BUFGCE (Prop_BUFCE_BUFGCE_HDIO_I_O)
                                                      0.019     0.840 r  ap_clk_IBUF_BUFG_inst/O
    X4Y3 (CLOCK_ROOT)    net (fo=9698, routed)        1.099     1.939    ap_clk_IBUF_BUFG
    SLICE_X108Y297       FDCE                                         r  pred_addr_reg_reg[6]/C

Slack:                    inf
  Source:                 trigger
                            (input port)
  Destination:            pred_addr_reg_reg[7]/CE
                            (rising edge-triggered cell FDCE clocked by ap_clk  {rise@0.000ns fall@0.500ns period=1.000ns})
  Path Group:             (none)
  Path Type:              Hold (Min at Fast Process Corner)
  Data Path Delay:        0.892ns  (logic 0.426ns (47.800%)  route 0.465ns (52.200%))
  Logic Levels:           3  (IBUFCTRL=1 INBUF=1 LUT3=1)
  Clock Path Skew:        1.939ns (DCD - SCD - CPR)
    Destination Clock Delay (DCD):    1.939ns
    Source Clock Delay      (SCD):    0.000ns
    Clock Pessimism Removal (CPR):    -0.000ns
  Clock Net Delay (Destination): 1.099ns (routing 0.470ns, distribution 0.629ns)

    Location             Delay type                Incr(ns)  Path(ns)    Netlist Resource(s)
  -------------------------------------------------------------------    -------------------
    H15                                               0.000     0.000 r  trigger (IN)
                         net (fo=0)                   0.000     0.000    trigger_IBUF_inst/I
    H15                  INBUF (Prop_INBUF_HDIOB_M_PAD_O)
                                                      0.412     0.412 r  trigger_IBUF_inst/INBUF_INST/O
                         net (fo=1, routed)           0.000     0.412    trigger_IBUF_inst/OUT
    H15                  IBUFCTRL (Prop_IBUFCTRL_HDIOB_M_I_O)
                                                      0.000     0.412 r  trigger_IBUF_inst/IBUFCTRL_INST/O
                         net (fo=1, routed)           0.256     0.668    trigger_IBUF
    SLICE_X107Y297       LUT3 (Prop_A6LUT_SLICEM_I2_O)
                                                      0.014     0.682 r  pred_addr_reg[13]_i_1/O
                         net (fo=15, routed)          0.209     0.892    pred_addr_reg
    SLICE_X108Y297       FDCE                                         r  pred_addr_reg_reg[7]/CE
  -------------------------------------------------------------------    -------------------

                         (clock ap_clk rise edge)     0.000     0.000 r  
    K17                                               0.000     0.000 r  ap_clk (IN)
                         net (fo=0)                   0.000     0.000    ap_clk_IBUF_inst/I
    K17                  INBUF (Prop_INBUF_HDIOB_M_PAD_O)
                                                      0.708     0.708 r  ap_clk_IBUF_inst/INBUF_INST/O
                         net (fo=1, routed)           0.000     0.708    ap_clk_IBUF_inst/OUT
    K17                  IBUFCTRL (Prop_IBUFCTRL_HDIOB_M_I_O)
                                                      0.000     0.708 r  ap_clk_IBUF_inst/IBUFCTRL_INST/O
                         net (fo=1, routed)           0.113     0.821    ap_clk_IBUF
    BUFGCE_HDIO_X0Y4     BUFGCE (Prop_BUFCE_BUFGCE_HDIO_I_O)
                                                      0.019     0.840 r  ap_clk_IBUF_BUFG_inst/O
    X4Y3 (CLOCK_ROOT)    net (fo=9698, routed)        1.099     1.939    ap_clk_IBUF_BUFG
    SLICE_X108Y297       FDCE                                         r  pred_addr_reg_reg[7]/C

Slack:                    inf
  Source:                 trigger
                            (input port)
  Destination:            pred_addr_reg_reg[8]/CE
                            (rising edge-triggered cell FDCE clocked by ap_clk  {rise@0.000ns fall@0.500ns period=1.000ns})
  Path Group:             (none)
  Path Type:              Hold (Min at Fast Process Corner)
  Data Path Delay:        0.892ns  (logic 0.426ns (47.800%)  route 0.465ns (52.200%))
  Logic Levels:           3  (IBUFCTRL=1 INBUF=1 LUT3=1)
  Clock Path Skew:        1.939ns (DCD - SCD - CPR)
    Destination Clock Delay (DCD):    1.939ns
    Source Clock Delay      (SCD):    0.000ns
    Clock Pessimism Removal (CPR):    -0.000ns
  Clock Net Delay (Destination): 1.099ns (routing 0.470ns, distribution 0.629ns)

    Location             Delay type                Incr(ns)  Path(ns)    Netlist Resource(s)
  -------------------------------------------------------------------    -------------------
    H15                                               0.000     0.000 r  trigger (IN)
                         net (fo=0)                   0.000     0.000    trigger_IBUF_inst/I
    H15                  INBUF (Prop_INBUF_HDIOB_M_PAD_O)
                                                      0.412     0.412 r  trigger_IBUF_inst/INBUF_INST/O
                         net (fo=1, routed)           0.000     0.412    trigger_IBUF_inst/OUT
    H15                  IBUFCTRL (Prop_IBUFCTRL_HDIOB_M_I_O)
                                                      0.000     0.412 r  trigger_IBUF_inst/IBUFCTRL_INST/O
                         net (fo=1, routed)           0.256     0.668    trigger_IBUF
    SLICE_X107Y297       LUT3 (Prop_A6LUT_SLICEM_I2_O)
                                                      0.014     0.682 r  pred_addr_reg[13]_i_1/O
                         net (fo=15, routed)          0.209     0.892    pred_addr_reg
    SLICE_X108Y297       FDCE                                         r  pred_addr_reg_reg[8]/CE
  -------------------------------------------------------------------    -------------------

                         (clock ap_clk rise edge)     0.000     0.000 r  
    K17                                               0.000     0.000 r  ap_clk (IN)
                         net (fo=0)                   0.000     0.000    ap_clk_IBUF_inst/I
    K17                  INBUF (Prop_INBUF_HDIOB_M_PAD_O)
                                                      0.708     0.708 r  ap_clk_IBUF_inst/INBUF_INST/O
                         net (fo=1, routed)           0.000     0.708    ap_clk_IBUF_inst/OUT
    K17                  IBUFCTRL (Prop_IBUFCTRL_HDIOB_M_I_O)
                                                      0.000     0.708 r  ap_clk_IBUF_inst/IBUFCTRL_INST/O
                         net (fo=1, routed)           0.113     0.821    ap_clk_IBUF
    BUFGCE_HDIO_X0Y4     BUFGCE (Prop_BUFCE_BUFGCE_HDIO_I_O)
                                                      0.019     0.840 r  ap_clk_IBUF_BUFG_inst/O
    X4Y3 (CLOCK_ROOT)    net (fo=9698, routed)        1.099     1.939    ap_clk_IBUF_BUFG
    SLICE_X108Y297       FDCE                                         r  pred_addr_reg_reg[8]/C

Slack:                    inf
  Source:                 trigger
                            (input port)
  Destination:            pred_addr_reg_reg[13]/CE
                            (rising edge-triggered cell FDCE clocked by ap_clk  {rise@0.000ns fall@0.500ns period=1.000ns})
  Path Group:             (none)
  Path Type:              Hold (Min at Fast Process Corner)
  Data Path Delay:        0.901ns  (logic 0.426ns (47.309%)  route 0.475ns (52.691%))
  Logic Levels:           3  (IBUFCTRL=1 INBUF=1 LUT3=1)
  Clock Path Skew:        1.939ns (DCD - SCD - CPR)
    Destination Clock Delay (DCD):    1.939ns
    Source Clock Delay      (SCD):    0.000ns
    Clock Pessimism Removal (CPR):    -0.000ns
  Clock Net Delay (Destination): 1.099ns (routing 0.470ns, distribution 0.629ns)

    Location             Delay type                Incr(ns)  Path(ns)    Netlist Resource(s)
  -------------------------------------------------------------------    -------------------
    H15                                               0.000     0.000 r  trigger (IN)
                         net (fo=0)                   0.000     0.000    trigger_IBUF_inst/I
    H15                  INBUF (Prop_INBUF_HDIOB_M_PAD_O)
                                                      0.412     0.412 r  trigger_IBUF_inst/INBUF_INST/O
                         net (fo=1, routed)           0.000     0.412    trigger_IBUF_inst/OUT
    H15                  IBUFCTRL (Prop_IBUFCTRL_HDIOB_M_I_O)
                                                      0.000     0.412 r  trigger_IBUF_inst/IBUFCTRL_INST/O
                         net (fo=1, routed)           0.256     0.668    trigger_IBUF
    SLICE_X107Y297       LUT3 (Prop_A6LUT_SLICEM_I2_O)
                                                      0.014     0.682 r  pred_addr_reg[13]_i_1/O
                         net (fo=15, routed)          0.219     0.901    pred_addr_reg
    SLICE_X108Y298       FDCE                                         r  pred_addr_reg_reg[13]/CE
  -------------------------------------------------------------------    -------------------

                         (clock ap_clk rise edge)     0.000     0.000 r  
    K17                                               0.000     0.000 r  ap_clk (IN)
                         net (fo=0)                   0.000     0.000    ap_clk_IBUF_inst/I
    K17                  INBUF (Prop_INBUF_HDIOB_M_PAD_O)
                                                      0.708     0.708 r  ap_clk_IBUF_inst/INBUF_INST/O
                         net (fo=1, routed)           0.000     0.708    ap_clk_IBUF_inst/OUT
    K17                  IBUFCTRL (Prop_IBUFCTRL_HDIOB_M_I_O)
                                                      0.000     0.708 r  ap_clk_IBUF_inst/IBUFCTRL_INST/O
                         net (fo=1, routed)           0.113     0.821    ap_clk_IBUF
    BUFGCE_HDIO_X0Y4     BUFGCE (Prop_BUFCE_BUFGCE_HDIO_I_O)
                                                      0.019     0.840 r  ap_clk_IBUF_BUFG_inst/O
    X4Y3 (CLOCK_ROOT)    net (fo=9698, routed)        1.099     1.939    ap_clk_IBUF_BUFG
    SLICE_X108Y298       FDCE                                         r  pred_addr_reg_reg[13]/C

Slack:                    inf
  Source:                 trigger
                            (input port)
  Destination:            pred_addr_reg_reg[10]/CE
                            (rising edge-triggered cell FDCE clocked by ap_clk  {rise@0.000ns fall@0.500ns period=1.000ns})
  Path Group:             (none)
  Path Type:              Hold (Min at Fast Process Corner)
  Data Path Delay:        0.916ns  (logic 0.426ns (46.529%)  route 0.490ns (53.471%))
  Logic Levels:           3  (IBUFCTRL=1 INBUF=1 LUT3=1)
  Clock Path Skew:        1.935ns (DCD - SCD - CPR)
    Destination Clock Delay (DCD):    1.935ns
    Source Clock Delay      (SCD):    0.000ns
    Clock Pessimism Removal (CPR):    -0.000ns
  Clock Net Delay (Destination): 1.095ns (routing 0.470ns, distribution 0.625ns)

    Location             Delay type                Incr(ns)  Path(ns)    Netlist Resource(s)
  -------------------------------------------------------------------    -------------------
    H15                                               0.000     0.000 r  trigger (IN)
                         net (fo=0)                   0.000     0.000    trigger_IBUF_inst/I
    H15                  INBUF (Prop_INBUF_HDIOB_M_PAD_O)
                                                      0.412     0.412 r  trigger_IBUF_inst/INBUF_INST/O
                         net (fo=1, routed)           0.000     0.412    trigger_IBUF_inst/OUT
    H15                  IBUFCTRL (Prop_IBUFCTRL_HDIOB_M_I_O)
                                                      0.000     0.412 r  trigger_IBUF_inst/IBUFCTRL_INST/O
                         net (fo=1, routed)           0.256     0.668    trigger_IBUF
    SLICE_X107Y297       LUT3 (Prop_A6LUT_SLICEM_I2_O)
                                                      0.014     0.682 r  pred_addr_reg[13]_i_1/O
                         net (fo=15, routed)          0.234     0.916    pred_addr_reg
    SLICE_X108Y298       FDCE                                         r  pred_addr_reg_reg[10]/CE
  -------------------------------------------------------------------    -------------------

                         (clock ap_clk rise edge)     0.000     0.000 r  
    K17                                               0.000     0.000 r  ap_clk (IN)
                         net (fo=0)                   0.000     0.000    ap_clk_IBUF_inst/I
    K17                  INBUF (Prop_INBUF_HDIOB_M_PAD_O)
                                                      0.708     0.708 r  ap_clk_IBUF_inst/INBUF_INST/O
                         net (fo=1, routed)           0.000     0.708    ap_clk_IBUF_inst/OUT
    K17                  IBUFCTRL (Prop_IBUFCTRL_HDIOB_M_I_O)
                                                      0.000     0.708 r  ap_clk_IBUF_inst/IBUFCTRL_INST/O
                         net (fo=1, routed)           0.113     0.821    ap_clk_IBUF
    BUFGCE_HDIO_X0Y4     BUFGCE (Prop_BUFCE_BUFGCE_HDIO_I_O)
                                                      0.019     0.840 r  ap_clk_IBUF_BUFG_inst/O
    X4Y3 (CLOCK_ROOT)    net (fo=9698, routed)        1.095     1.935    ap_clk_IBUF_BUFG
    SLICE_X108Y298       FDCE                                         r  pred_addr_reg_reg[10]/C





