Copyright 1986-2022 Xilinx, Inc. All Rights Reserved.
-----------------------------------------------------------------------------------------------------------------------------------------------------------------------------------------------------------------------------------------------------------------
| Tool Version      : Vivado v.2022.2 (lin64) Build 3671981 Fri Oct 14 04:59:54 MDT 2022
| Date              : Tue May 12 13:25:00 2026
| Host              : en4228283l running 64-bit Ubuntu 22.04.5 LTS
| Command           : report_timing_summary -max_paths 10 -report_unconstrained -file nn_classifier_wrapper_timing_summary_routed.rpt -pb nn_classifier_wrapper_timing_summary_routed.pb -rpx nn_classifier_wrapper_timing_summary_routed.rpx -warn_on_violation
| Design            : nn_classifier_wrapper
| Device            : xczu49dr-ffvf1760
| Speed File        : -2  PRODUCTION 1.32 01-31-2021
| Temperature Grade : E
-----------------------------------------------------------------------------------------------------------------------------------------------------------------------------------------------------------------------------------------------------------------

Timing Summary Report

------------------------------------------------------------------------------------------------
| Timer Settings
| --------------
------------------------------------------------------------------------------------------------

  Enable Multi Corner Analysis               :  Yes
  Enable Pessimism Removal                   :  Yes
  Pessimism Removal Resolution               :  Nearest Common Node
  Enable Input Delay Default Clock           :  No
  Enable Preset / Clear Arcs                 :  No
  Disable Flight Delays                      :  No
  Ignore I/O Paths                           :  No
  Timing Early Launch at Borrowing Latches   :  No
  Borrow Time for Max Delay Exceptions       :  Yes
  Merge Timing Exceptions                    :  Yes

  Corner  Analyze    Analyze    
  Name    Max Paths  Min Paths  
  ------  ---------  ---------  
  Slow    Yes        Yes        
  Fast    Yes        Yes        


------------------------------------------------------------------------------------------------
| Report Methodology
| ------------------
------------------------------------------------------------------------------------------------

Rule       Severity  Description                    Violations  
---------  --------  -----------------------------  ----------  
TIMING-18  Warning   Missing input or output delay  52          

Note: This report is based on the most recent report_methodology run and may not be up-to-date. Run report_methodology on the current design for the latest report.



check_timing report

Table of Contents
-----------------
1. checking no_clock (0)
2. checking constant_clock (0)
3. checking pulse_width_clock (0)
4. checking unconstrained_internal_endpoints (0)
5. checking no_input_delay (13)
6. checking no_output_delay (17)
7. checking multiple_clock (0)
8. checking generated_clocks (0)
9. checking loops (0)
10. checking partial_input_delay (0)
11. checking partial_output_delay (0)
12. checking latch_loops (0)

1. checking no_clock (0)
------------------------
 There are 0 register/latch pins with no clock.


2. checking constant_clock (0)
------------------------------
 There are 0 register/latch pins with constant_clock.


3. checking pulse_width_clock (0)
---------------------------------
 There are 0 register/latch pins which need pulse_width check


4. checking unconstrained_internal_endpoints (0)
------------------------------------------------
 There are 0 pins that are not constrained for maximum delay.

 There are 0 pins that are not constrained for maximum delay due to constant clock.


5. checking no_input_delay (13)
-------------------------------
 There are 13 input ports with no input delay specified. (HIGH)

 There are 0 input ports with no input delay but user has a false path constraint.


6. checking no_output_delay (17)
--------------------------------
 There are 17 ports with no output delay specified. (HIGH)

 There are 0 ports with no output delay but user has a false path constraint

 There are 0 ports with no output delay but with a timing clock defined on it or propagating through it


7. checking multiple_clock (0)
------------------------------
 There are 0 register/latch pins with multiple clocks.


8. checking generated_clocks (0)
--------------------------------
 There are 0 generated clocks that are not connected to a clock source.


9. checking loops (0)
---------------------
 There are 0 combinational loops in the design.


10. checking partial_input_delay (0)
------------------------------------
 There are 0 input ports with partial input delay specified.


11. checking partial_output_delay (0)
-------------------------------------
 There are 0 ports with partial output delay specified.


12. checking latch_loops (0)
----------------------------
 There are 0 combinational latch loops in the design through latch input



------------------------------------------------------------------------------------------------
| Design Timing Summary
| ---------------------
------------------------------------------------------------------------------------------------

    WNS(ns)      TNS(ns)  TNS Failing Endpoints  TNS Total Endpoints      WHS(ns)      THS(ns)  THS Failing Endpoints  THS Total Endpoints     WPWS(ns)     TPWS(ns)  TPWS Failing Endpoints  TPWS Total Endpoints  
    -------      -------  ---------------------  -------------------      -------      -------  ---------------------  -------------------     --------     --------  ----------------------  --------------------  
     -0.348     -819.632                   4330                 9900        0.001        0.000                      0                 9900       -0.290       -2.338                      33                  9845  


Timing constraints are not met.


------------------------------------------------------------------------------------------------
| Clock Summary
| -------------
------------------------------------------------------------------------------------------------

Clock   Waveform(ns)         Period(ns)      Frequency(MHz)
-----   ------------         ----------      --------------
ap_clk  {0.000 0.500}        1.000           1000.000        


------------------------------------------------------------------------------------------------
| Intra Clock Table
| -----------------
------------------------------------------------------------------------------------------------

Clock             WNS(ns)      TNS(ns)  TNS Failing Endpoints  TNS Total Endpoints      WHS(ns)      THS(ns)  THS Failing Endpoints  THS Total Endpoints     WPWS(ns)     TPWS(ns)  TPWS Failing Endpoints  TPWS Total Endpoints  
-----             -------      -------  ---------------------  -------------------      -------      -------  ---------------------  -------------------     --------     --------  ----------------------  --------------------  
ap_clk             -0.348     -819.632                   4330                 9900        0.001        0.000                      0                 9900       -0.290       -2.338                      33                  9845  


------------------------------------------------------------------------------------------------
| Inter Clock Table
| -----------------
------------------------------------------------------------------------------------------------

From Clock    To Clock          WNS(ns)      TNS(ns)  TNS Failing Endpoints  TNS Total Endpoints      WHS(ns)      THS(ns)  THS Failing Endpoints  THS Total Endpoints  
----------    --------          -------      -------  ---------------------  -------------------      -------      -------  ---------------------  -------------------  


------------------------------------------------------------------------------------------------
| Other Path Groups Table
| -----------------------
------------------------------------------------------------------------------------------------

Path Group    From Clock    To Clock          WNS(ns)      TNS(ns)  TNS Failing Endpoints  TNS Total Endpoints      WHS(ns)      THS(ns)  THS Failing Endpoints  THS Total Endpoints  
----------    ----------    --------          -------      -------  ---------------------  -------------------      -------      -------  ---------------------  -------------------  


------------------------------------------------------------------------------------------------
| User Ignored Path Table
| -----------------------
------------------------------------------------------------------------------------------------

Path Group    From Clock    To Clock    
----------    ----------    --------    


------------------------------------------------------------------------------------------------
| Unconstrained Path Table
| ------------------------
------------------------------------------------------------------------------------------------

Path Group    From Clock    To Clock    
----------    ----------    --------    
(none)        ap_clk                      
(none)                      ap_clk        


------------------------------------------------------------------------------------------------
| Timing Details
| --------------
------------------------------------------------------------------------------------------------


---------------------------------------------------------------------------------------------------
From Clock:  ap_clk
  To Clock:  ap_clk

Setup :         4330  Failing Endpoints,  Worst Slack       -0.348ns,  Total Violation     -819.632ns
Hold  :            0  Failing Endpoints,  Worst Slack        0.001ns,  Total Violation        0.000ns
PW    :           33  Failing Endpoints,  Worst Slack       -0.290ns,  Total Violation       -2.338ns
---------------------------------------------------------------------------------------------------


Max Delay Paths
--------------------------------------------------------------------------------------
Slack (VIOLATED) :        -0.348ns  (required time - arrival time)
  Source:                 load_count_reg[5]/C
                            (rising edge-triggered cell FDCE clocked by ap_clk  {rise@0.000ns fall@0.500ns period=1.000ns})
  Destination:            i_memory_reg[179][2]/CE
                            (rising edge-triggered cell FDRE clocked by ap_clk  {rise@0.000ns fall@0.500ns period=1.000ns})
  Path Group:             ap_clk
  Path Type:              Setup (Max at Slow Process Corner)
  Requirement:            1.000ns  (ap_clk rise@1.000ns - ap_clk rise@0.000ns)
  Data Path Delay:        1.177ns  (logic 0.317ns (26.938%)  route 0.860ns (73.062%))
  Logic Levels:           2  (LUT5=2)
  Clock Path Skew:        -0.075ns (DCD - SCD + CPR)
    Destination Clock Delay (DCD):    2.003ns = ( 3.003 - 1.000 ) 
    Source Clock Delay      (SCD):    2.713ns
    Clock Pessimism Removal (CPR):    0.635ns
  Clock Uncertainty:      0.035ns  ((TSJ^2 + TIJ^2)^1/2 + DJ) / 2 + PE
    Total System Jitter     (TSJ):    0.071ns
    Total Input Jitter      (TIJ):    0.000ns
    Discrete Jitter          (DJ):    0.000ns
    Phase Error              (PE):    0.000ns
  Clock Net Delay (Source):      1.406ns (routing 0.596ns, distribution 0.810ns)
  Clock Net Delay (Destination): 1.242ns (routing 0.543ns, distribution 0.699ns)

    Location             Delay type                Incr(ns)  Path(ns)    Netlist Resource(s)
  -------------------------------------------------------------------    -------------------
                         (clock ap_clk rise edge)     0.000     0.000 r  
    J16                                               0.000     0.000 r  ap_clk (IN)
                         net (fo=0)                   0.000     0.000    ap_clk_IBUF_inst/I
    J16                  INBUF (Prop_INBUF_HDIOB_M_PAD_O)
                                                      1.075     1.075 r  ap_clk_IBUF_inst/INBUF_INST/O
                         net (fo=1, routed)           0.000     1.075    ap_clk_IBUF_inst/OUT
    J16                  IBUFCTRL (Prop_IBUFCTRL_HDIOB_M_I_O)
                                                      0.000     1.075 r  ap_clk_IBUF_inst/IBUFCTRL_INST/O
                         net (fo=1, routed)           0.204     1.279    ap_clk_IBUF
    BUFGCE_HDIO_X0Y4     BUFGCE (Prop_BUFCE_BUFGCE_HDIO_I_O)
                                                      0.028     1.307 r  ap_clk_IBUF_BUFG_inst/O
    X4Y5 (CLOCK_ROOT)    net (fo=9844, routed)        1.406     2.713    ap_clk_IBUF_BUFG
    SLICE_X94Y332        FDCE                                         r  load_count_reg[5]/C
  -------------------------------------------------------------------    -------------------
    SLICE_X94Y332        FDCE (Prop_DFF_SLICEM_C_Q)
                                                      0.078     2.791 r  load_count_reg[5]/Q
                         net (fo=29, routed)          0.302     3.093    load_count[5]
    SLICE_X95Y327        LUT5 (Prop_G6LUT_SLICEL_I2_O)
                                                      0.149     3.242 r  i_memory[49][4]_i_2/O
                         net (fo=16, routed)          0.339     3.581    i_memory[49][4]_i_2_n_0
    SLICE_X94Y319        LUT5 (Prop_G6LUT_SLICEM_I2_O)
                                                      0.090     3.671 r  i_memory[179][4]_i_1/O
                         net (fo=10, routed)          0.219     3.890    i_memory[179][4]_i_1_n_0
    SLICE_X94Y317        FDRE                                         r  i_memory_reg[179][2]/CE
  -------------------------------------------------------------------    -------------------

                         (clock ap_clk rise edge)     1.000     1.000 r  
    J16                                               0.000     1.000 r  ap_clk (IN)
                         net (fo=0)                   0.000     1.000    ap_clk_IBUF_inst/I
    J16                  INBUF (Prop_INBUF_HDIOB_M_PAD_O)
                                                      0.567     1.567 r  ap_clk_IBUF_inst/INBUF_INST/O
                         net (fo=1, routed)           0.000     1.567    ap_clk_IBUF_inst/OUT
    J16                  IBUFCTRL (Prop_IBUFCTRL_HDIOB_M_I_O)
                                                      0.000     1.567 r  ap_clk_IBUF_inst/IBUFCTRL_INST/O
                         net (fo=1, routed)           0.169     1.736    ap_clk_IBUF
    BUFGCE_HDIO_X0Y4     BUFGCE (Prop_BUFCE_BUFGCE_HDIO_I_O)
                                                      0.024     1.760 r  ap_clk_IBUF_BUFG_inst/O
    X4Y5 (CLOCK_ROOT)    net (fo=9844, routed)        1.242     3.003    ap_clk_IBUF_BUFG
    SLICE_X94Y317        FDRE                                         r  i_memory_reg[179][2]/C
                         clock pessimism              0.635     3.638    
                         clock uncertainty           -0.035     3.602    
    SLICE_X94Y317        FDRE (Setup_EFF2_SLICEM_C_CE)
                                                     -0.061     3.541    i_memory_reg[179][2]
  -------------------------------------------------------------------
                         required time                          3.541    
                         arrival time                          -3.890    
  -------------------------------------------------------------------
                         slack                                 -0.348    

Slack (VIOLATED) :        -0.348ns  (required time - arrival time)
  Source:                 load_count_reg[5]/C
                            (rising edge-triggered cell FDCE clocked by ap_clk  {rise@0.000ns fall@0.500ns period=1.000ns})
  Destination:            i_memory_reg[179][4]/CE
                            (rising edge-triggered cell FDRE clocked by ap_clk  {rise@0.000ns fall@0.500ns period=1.000ns})
  Path Group:             ap_clk
  Path Type:              Setup (Max at Slow Process Corner)
  Requirement:            1.000ns  (ap_clk rise@1.000ns - ap_clk rise@0.000ns)
  Data Path Delay:        1.177ns  (logic 0.317ns (26.938%)  route 0.860ns (73.062%))
  Logic Levels:           2  (LUT5=2)
  Clock Path Skew:        -0.075ns (DCD - SCD + CPR)
    Destination Clock Delay (DCD):    2.003ns = ( 3.003 - 1.000 ) 
    Source Clock Delay      (SCD):    2.713ns
    Clock Pessimism Removal (CPR):    0.635ns
  Clock Uncertainty:      0.035ns  ((TSJ^2 + TIJ^2)^1/2 + DJ) / 2 + PE
    Total System Jitter     (TSJ):    0.071ns
    Total Input Jitter      (TIJ):    0.000ns
    Discrete Jitter          (DJ):    0.000ns
    Phase Error              (PE):    0.000ns
  Clock Net Delay (Source):      1.406ns (routing 0.596ns, distribution 0.810ns)
  Clock Net Delay (Destination): 1.242ns (routing 0.543ns, distribution 0.699ns)

    Location             Delay type                Incr(ns)  Path(ns)    Netlist Resource(s)
  -------------------------------------------------------------------    -------------------
                         (clock ap_clk rise edge)     0.000     0.000 r  
    J16                                               0.000     0.000 r  ap_clk (IN)
                         net (fo=0)                   0.000     0.000    ap_clk_IBUF_inst/I
    J16                  INBUF (Prop_INBUF_HDIOB_M_PAD_O)
                                                      1.075     1.075 r  ap_clk_IBUF_inst/INBUF_INST/O
                         net (fo=1, routed)           0.000     1.075    ap_clk_IBUF_inst/OUT
    J16                  IBUFCTRL (Prop_IBUFCTRL_HDIOB_M_I_O)
                                                      0.000     1.075 r  ap_clk_IBUF_inst/IBUFCTRL_INST/O
                         net (fo=1, routed)           0.204     1.279    ap_clk_IBUF
    BUFGCE_HDIO_X0Y4     BUFGCE (Prop_BUFCE_BUFGCE_HDIO_I_O)
                                                      0.028     1.307 r  ap_clk_IBUF_BUFG_inst/O
    X4Y5 (CLOCK_ROOT)    net (fo=9844, routed)        1.406     2.713    ap_clk_IBUF_BUFG
    SLICE_X94Y332        FDCE                                         r  load_count_reg[5]/C
  -------------------------------------------------------------------    -------------------
    SLICE_X94Y332        FDCE (Prop_DFF_SLICEM_C_Q)
                                                      0.078     2.791 r  load_count_reg[5]/Q
                         net (fo=29, routed)          0.302     3.093    load_count[5]
    SLICE_X95Y327        LUT5 (Prop_G6LUT_SLICEL_I2_O)
                                                      0.149     3.242 r  i_memory[49][4]_i_2/O
                         net (fo=16, routed)          0.339     3.581    i_memory[49][4]_i_2_n_0
    SLICE_X94Y319        LUT5 (Prop_G6LUT_SLICEM_I2_O)
                                                      0.090     3.671 r  i_memory[179][4]_i_1/O
                         net (fo=10, routed)          0.219     3.890    i_memory[179][4]_i_1_n_0
    SLICE_X94Y317        FDRE                                         r  i_memory_reg[179][4]/CE
  -------------------------------------------------------------------    -------------------

                         (clock ap_clk rise edge)     1.000     1.000 r  
    J16                                               0.000     1.000 r  ap_clk (IN)
                         net (fo=0)                   0.000     1.000    ap_clk_IBUF_inst/I
    J16                  INBUF (Prop_INBUF_HDIOB_M_PAD_O)
                                                      0.567     1.567 r  ap_clk_IBUF_inst/INBUF_INST/O
                         net (fo=1, routed)           0.000     1.567    ap_clk_IBUF_inst/OUT
    J16                  IBUFCTRL (Prop_IBUFCTRL_HDIOB_M_I_O)
                                                      0.000     1.567 r  ap_clk_IBUF_inst/IBUFCTRL_INST/O
                         net (fo=1, routed)           0.169     1.736    ap_clk_IBUF
    BUFGCE_HDIO_X0Y4     BUFGCE (Prop_BUFCE_BUFGCE_HDIO_I_O)
                                                      0.024     1.760 r  ap_clk_IBUF_BUFG_inst/O
    X4Y5 (CLOCK_ROOT)    net (fo=9844, routed)        1.242     3.003    ap_clk_IBUF_BUFG
    SLICE_X94Y317        FDRE                                         r  i_memory_reg[179][4]/C
                         clock pessimism              0.635     3.638    
                         clock uncertainty           -0.035     3.602    
    SLICE_X94Y317        FDRE (Setup_FFF2_SLICEM_C_CE)
                                                     -0.061     3.541    i_memory_reg[179][4]
  -------------------------------------------------------------------
                         required time                          3.541    
                         arrival time                          -3.890    
  -------------------------------------------------------------------
                         slack                                 -0.348    

Slack (VIOLATED) :        -0.348ns  (required time - arrival time)
  Source:                 load_count_reg[5]/C
                            (rising edge-triggered cell FDCE clocked by ap_clk  {rise@0.000ns fall@0.500ns period=1.000ns})
  Destination:            q_memory_reg[179][1]/CE
                            (rising edge-triggered cell FDRE clocked by ap_clk  {rise@0.000ns fall@0.500ns period=1.000ns})
  Path Group:             ap_clk
  Path Type:              Setup (Max at Slow Process Corner)
  Requirement:            1.000ns  (ap_clk rise@1.000ns - ap_clk rise@0.000ns)
  Data Path Delay:        1.177ns  (logic 0.317ns (26.938%)  route 0.860ns (73.062%))
  Logic Levels:           2  (LUT5=2)
  Clock Path Skew:        -0.075ns (DCD - SCD + CPR)
    Destination Clock Delay (DCD):    2.003ns = ( 3.003 - 1.000 ) 
    Source Clock Delay      (SCD):    2.713ns
    Clock Pessimism Removal (CPR):    0.635ns
  Clock Uncertainty:      0.035ns  ((TSJ^2 + TIJ^2)^1/2 + DJ) / 2 + PE
    Total System Jitter     (TSJ):    0.071ns
    Total Input Jitter      (TIJ):    0.000ns
    Discrete Jitter          (DJ):    0.000ns
    Phase Error              (PE):    0.000ns
  Clock Net Delay (Source):      1.406ns (routing 0.596ns, distribution 0.810ns)
  Clock Net Delay (Destination): 1.242ns (routing 0.543ns, distribution 0.699ns)

    Location             Delay type                Incr(ns)  Path(ns)    Netlist Resource(s)
  -------------------------------------------------------------------    -------------------
                         (clock ap_clk rise edge)     0.000     0.000 r  
    J16                                               0.000     0.000 r  ap_clk (IN)
                         net (fo=0)                   0.000     0.000    ap_clk_IBUF_inst/I
    J16                  INBUF (Prop_INBUF_HDIOB_M_PAD_O)
                                                      1.075     1.075 r  ap_clk_IBUF_inst/INBUF_INST/O
                         net (fo=1, routed)           0.000     1.075    ap_clk_IBUF_inst/OUT
    J16                  IBUFCTRL (Prop_IBUFCTRL_HDIOB_M_I_O)
                                                      0.000     1.075 r  ap_clk_IBUF_inst/IBUFCTRL_INST/O
                         net (fo=1, routed)           0.204     1.279    ap_clk_IBUF
    BUFGCE_HDIO_X0Y4     BUFGCE (Prop_BUFCE_BUFGCE_HDIO_I_O)
                                                      0.028     1.307 r  ap_clk_IBUF_BUFG_inst/O
    X4Y5 (CLOCK_ROOT)    net (fo=9844, routed)        1.406     2.713    ap_clk_IBUF_BUFG
    SLICE_X94Y332        FDCE                                         r  load_count_reg[5]/C
  -------------------------------------------------------------------    -------------------
    SLICE_X94Y332        FDCE (Prop_DFF_SLICEM_C_Q)
                                                      0.078     2.791 r  load_count_reg[5]/Q
                         net (fo=29, routed)          0.302     3.093    load_count[5]
    SLICE_X95Y327        LUT5 (Prop_G6LUT_SLICEL_I2_O)
                                                      0.149     3.242 r  i_memory[49][4]_i_2/O
                         net (fo=16, routed)          0.339     3.581    i_memory[49][4]_i_2_n_0
    SLICE_X94Y319        LUT5 (Prop_G6LUT_SLICEM_I2_O)
                                                      0.090     3.671 r  i_memory[179][4]_i_1/O
                         net (fo=10, routed)          0.219     3.890    i_memory[179][4]_i_1_n_0
    SLICE_X94Y317        FDRE                                         r  q_memory_reg[179][1]/CE
  -------------------------------------------------------------------    -------------------

                         (clock ap_clk rise edge)     1.000     1.000 r  
    J16                                               0.000     1.000 r  ap_clk (IN)
                         net (fo=0)                   0.000     1.000    ap_clk_IBUF_inst/I
    J16                  INBUF (Prop_INBUF_HDIOB_M_PAD_O)
                                                      0.567     1.567 r  ap_clk_IBUF_inst/INBUF_INST/O
                         net (fo=1, routed)           0.000     1.567    ap_clk_IBUF_inst/OUT
    J16                  IBUFCTRL (Prop_IBUFCTRL_HDIOB_M_I_O)
                                                      0.000     1.567 r  ap_clk_IBUF_inst/IBUFCTRL_INST/O
                         net (fo=1, routed)           0.169     1.736    ap_clk_IBUF
    BUFGCE_HDIO_X0Y4     BUFGCE (Prop_BUFCE_BUFGCE_HDIO_I_O)
                                                      0.024     1.760 r  ap_clk_IBUF_BUFG_inst/O
    X4Y5 (CLOCK_ROOT)    net (fo=9844, routed)        1.242     3.003    ap_clk_IBUF_BUFG
    SLICE_X94Y317        FDRE                                         r  q_memory_reg[179][1]/C
                         clock pessimism              0.635     3.638    
                         clock uncertainty           -0.035     3.602    
    SLICE_X94Y317        FDRE (Setup_GFF2_SLICEM_C_CE)
                                                     -0.061     3.541    q_memory_reg[179][1]
  -------------------------------------------------------------------
                         required time                          3.541    
                         arrival time                          -3.890    
  -------------------------------------------------------------------
                         slack                                 -0.348    

Slack (VIOLATED) :        -0.348ns  (required time - arrival time)
  Source:                 load_count_reg[5]/C
                            (rising edge-triggered cell FDCE clocked by ap_clk  {rise@0.000ns fall@0.500ns period=1.000ns})
  Destination:            i_memory_reg[95][0]/CE
                            (rising edge-triggered cell FDRE clocked by ap_clk  {rise@0.000ns fall@0.500ns period=1.000ns})
  Path Group:             ap_clk
  Path Type:              Setup (Max at Slow Process Corner)
  Requirement:            1.000ns  (ap_clk rise@1.000ns - ap_clk rise@0.000ns)
  Data Path Delay:        1.225ns  (logic 0.326ns (26.611%)  route 0.899ns (73.389%))
  Logic Levels:           2  (LUT4=1 LUT6=1)
  Clock Path Skew:        -0.028ns (DCD - SCD + CPR)
    Destination Clock Delay (DCD):    2.048ns = ( 3.048 - 1.000 ) 
    Source Clock Delay      (SCD):    2.713ns
    Clock Pessimism Removal (CPR):    0.637ns
  Clock Uncertainty:      0.035ns  ((TSJ^2 + TIJ^2)^1/2 + DJ) / 2 + PE
    Total System Jitter     (TSJ):    0.071ns
    Total Input Jitter      (TIJ):    0.000ns
    Discrete Jitter          (DJ):    0.000ns
    Phase Error              (PE):    0.000ns
  Clock Net Delay (Source):      1.406ns (routing 0.596ns, distribution 0.810ns)
  Clock Net Delay (Destination): 1.288ns (routing 0.543ns, distribution 0.745ns)

    Location             Delay type                Incr(ns)  Path(ns)    Netlist Resource(s)
  -------------------------------------------------------------------    -------------------
                         (clock ap_clk rise edge)     0.000     0.000 r  
    J16                                               0.000     0.000 r  ap_clk (IN)
                         net (fo=0)                   0.000     0.000    ap_clk_IBUF_inst/I
    J16                  INBUF (Prop_INBUF_HDIOB_M_PAD_O)
                                                      1.075     1.075 r  ap_clk_IBUF_inst/INBUF_INST/O
                         net (fo=1, routed)           0.000     1.075    ap_clk_IBUF_inst/OUT
    J16                  IBUFCTRL (Prop_IBUFCTRL_HDIOB_M_I_O)
                                                      0.000     1.075 r  ap_clk_IBUF_inst/IBUFCTRL_INST/O
                         net (fo=1, routed)           0.204     1.279    ap_clk_IBUF
    BUFGCE_HDIO_X0Y4     BUFGCE (Prop_BUFCE_BUFGCE_HDIO_I_O)
                                                      0.028     1.307 r  ap_clk_IBUF_BUFG_inst/O
    X4Y5 (CLOCK_ROOT)    net (fo=9844, routed)        1.406     2.713    ap_clk_IBUF_BUFG
    SLICE_X94Y332        FDCE                                         r  load_count_reg[5]/C
  -------------------------------------------------------------------    -------------------
    SLICE_X94Y332        FDCE (Prop_DFF_SLICEM_C_Q)
                                                      0.078     2.791 f  load_count_reg[5]/Q
                         net (fo=29, routed)          0.274     3.065    load_count[5]
    SLICE_X95Y329        LUT4 (Prop_H6LUT_SLICEL_I0_O)
                                                      0.099     3.164 r  i_memory[65][4]_i_2/O
                         net (fo=32, routed)          0.250     3.415    i_memory[65][4]_i_2_n_0
    SLICE_X94Y331        LUT6 (Prop_B6LUT_SLICEM_I2_O)
                                                      0.149     3.564 r  i_memory[95][4]_i_1/O
                         net (fo=10, routed)          0.374     3.938    i_memory[95][4]_i_1_n_0
    SLICE_X101Y330       FDRE                                         r  i_memory_reg[95][0]/CE
  -------------------------------------------------------------------    -------------------

                         (clock ap_clk rise edge)     1.000     1.000 r  
    J16                                               0.000     1.000 r  ap_clk (IN)
                         net (fo=0)                   0.000     1.000    ap_clk_IBUF_inst/I
    J16                  INBUF (Prop_INBUF_HDIOB_M_PAD_O)
                                                      0.567     1.567 r  ap_clk_IBUF_inst/INBUF_INST/O
                         net (fo=1, routed)           0.000     1.567    ap_clk_IBUF_inst/OUT
    J16                  IBUFCTRL (Prop_IBUFCTRL_HDIOB_M_I_O)
                                                      0.000     1.567 r  ap_clk_IBUF_inst/IBUFCTRL_INST/O
                         net (fo=1, routed)           0.169     1.736    ap_clk_IBUF
    BUFGCE_HDIO_X0Y4     BUFGCE (Prop_BUFCE_BUFGCE_HDIO_I_O)
                                                      0.024     1.760 r  ap_clk_IBUF_BUFG_inst/O
    X4Y5 (CLOCK_ROOT)    net (fo=9844, routed)        1.288     3.048    ap_clk_IBUF_BUFG
    SLICE_X101Y330       FDRE                                         r  i_memory_reg[95][0]/C
                         clock pessimism              0.637     3.685    
                         clock uncertainty           -0.035     3.650    
    SLICE_X101Y330       FDRE (Setup_HFF2_SLICEL_C_CE)
                                                     -0.060     3.590    i_memory_reg[95][0]
  -------------------------------------------------------------------
                         required time                          3.590    
                         arrival time                          -3.938    
  -------------------------------------------------------------------
                         slack                                 -0.348    

Slack (VIOLATED) :        -0.348ns  (required time - arrival time)
  Source:                 load_count_reg[5]/C
                            (rising edge-triggered cell FDCE clocked by ap_clk  {rise@0.000ns fall@0.500ns period=1.000ns})
  Destination:            i_memory_reg[95][1]/CE
                            (rising edge-triggered cell FDRE clocked by ap_clk  {rise@0.000ns fall@0.500ns period=1.000ns})
  Path Group:             ap_clk
  Path Type:              Setup (Max at Slow Process Corner)
  Requirement:            1.000ns  (ap_clk rise@1.000ns - ap_clk rise@0.000ns)
  Data Path Delay:        1.225ns  (logic 0.326ns (26.611%)  route 0.899ns (73.389%))
  Logic Levels:           2  (LUT4=1 LUT6=1)
  Clock Path Skew:        -0.028ns (DCD - SCD + CPR)
    Destination Clock Delay (DCD):    2.048ns = ( 3.048 - 1.000 ) 
    Source Clock Delay      (SCD):    2.713ns
    Clock Pessimism Removal (CPR):    0.637ns
  Clock Uncertainty:      0.035ns  ((TSJ^2 + TIJ^2)^1/2 + DJ) / 2 + PE
    Total System Jitter     (TSJ):    0.071ns
    Total Input Jitter      (TIJ):    0.000ns
    Discrete Jitter          (DJ):    0.000ns
    Phase Error              (PE):    0.000ns
  Clock Net Delay (Source):      1.406ns (routing 0.596ns, distribution 0.810ns)
  Clock Net Delay (Destination): 1.288ns (routing 0.543ns, distribution 0.745ns)

    Location             Delay type                Incr(ns)  Path(ns)    Netlist Resource(s)
  -------------------------------------------------------------------    -------------------
                         (clock ap_clk rise edge)     0.000     0.000 r  
    J16                                               0.000     0.000 r  ap_clk (IN)
                         net (fo=0)                   0.000     0.000    ap_clk_IBUF_inst/I
    J16                  INBUF (Prop_INBUF_HDIOB_M_PAD_O)
                                                      1.075     1.075 r  ap_clk_IBUF_inst/INBUF_INST/O
                         net (fo=1, routed)           0.000     1.075    ap_clk_IBUF_inst/OUT
    J16                  IBUFCTRL (Prop_IBUFCTRL_HDIOB_M_I_O)
                                                      0.000     1.075 r  ap_clk_IBUF_inst/IBUFCTRL_INST/O
                         net (fo=1, routed)           0.204     1.279    ap_clk_IBUF
    BUFGCE_HDIO_X0Y4     BUFGCE (Prop_BUFCE_BUFGCE_HDIO_I_O)
                                                      0.028     1.307 r  ap_clk_IBUF_BUFG_inst/O
    X4Y5 (CLOCK_ROOT)    net (fo=9844, routed)        1.406     2.713    ap_clk_IBUF_BUFG
    SLICE_X94Y332        FDCE                                         r  load_count_reg[5]/C
  -------------------------------------------------------------------    -------------------
    SLICE_X94Y332        FDCE (Prop_DFF_SLICEM_C_Q)
                                                      0.078     2.791 f  load_count_reg[5]/Q
                         net (fo=29, routed)          0.274     3.065    load_count[5]
    SLICE_X95Y329        LUT4 (Prop_H6LUT_SLICEL_I0_O)
                                                      0.099     3.164 r  i_memory[65][4]_i_2/O
                         net (fo=32, routed)          0.250     3.415    i_memory[65][4]_i_2_n_0
    SLICE_X94Y331        LUT6 (Prop_B6LUT_SLICEM_I2_O)
                                                      0.149     3.564 r  i_memory[95][4]_i_1/O
                         net (fo=10, routed)          0.374     3.938    i_memory[95][4]_i_1_n_0
    SLICE_X101Y330       FDRE                                         r  i_memory_reg[95][1]/CE
  -------------------------------------------------------------------    -------------------

                         (clock ap_clk rise edge)     1.000     1.000 r  
    J16                                               0.000     1.000 r  ap_clk (IN)
                         net (fo=0)                   0.000     1.000    ap_clk_IBUF_inst/I
    J16                  INBUF (Prop_INBUF_HDIOB_M_PAD_O)
                                                      0.567     1.567 r  ap_clk_IBUF_inst/INBUF_INST/O
                         net (fo=1, routed)           0.000     1.567    ap_clk_IBUF_inst/OUT
    J16                  IBUFCTRL (Prop_IBUFCTRL_HDIOB_M_I_O)
                                                      0.000     1.567 r  ap_clk_IBUF_inst/IBUFCTRL_INST/O
                         net (fo=1, routed)           0.169     1.736    ap_clk_IBUF
    BUFGCE_HDIO_X0Y4     BUFGCE (Prop_BUFCE_BUFGCE_HDIO_I_O)
                                                      0.024     1.760 r  ap_clk_IBUF_BUFG_inst/O
    X4Y5 (CLOCK_ROOT)    net (fo=9844, routed)        1.288     3.048    ap_clk_IBUF_BUFG
    SLICE_X101Y330       FDRE                                         r  i_memory_reg[95][1]/C
                         clock pessimism              0.637     3.685    
                         clock uncertainty           -0.035     3.650    
    SLICE_X101Y330       FDRE (Setup_GFF2_SLICEL_C_CE)
                                                     -0.060     3.590    i_memory_reg[95][1]
  -------------------------------------------------------------------
                         required time                          3.590    
                         arrival time                          -3.938    
  -------------------------------------------------------------------
                         slack                                 -0.348    

Slack (VIOLATED) :        -0.348ns  (required time - arrival time)
  Source:                 load_count_reg[5]/C
                            (rising edge-triggered cell FDCE clocked by ap_clk  {rise@0.000ns fall@0.500ns period=1.000ns})
  Destination:            i_memory_reg[95][3]/CE
                            (rising edge-triggered cell FDRE clocked by ap_clk  {rise@0.000ns fall@0.500ns period=1.000ns})
  Path Group:             ap_clk
  Path Type:              Setup (Max at Slow Process Corner)
  Requirement:            1.000ns  (ap_clk rise@1.000ns - ap_clk rise@0.000ns)
  Data Path Delay:        1.225ns  (logic 0.326ns (26.611%)  route 0.899ns (73.389%))
  Logic Levels:           2  (LUT4=1 LUT6=1)
  Clock Path Skew:        -0.028ns (DCD - SCD + CPR)
    Destination Clock Delay (DCD):    2.048ns = ( 3.048 - 1.000 ) 
    Source Clock Delay      (SCD):    2.713ns
    Clock Pessimism Removal (CPR):    0.637ns
  Clock Uncertainty:      0.035ns  ((TSJ^2 + TIJ^2)^1/2 + DJ) / 2 + PE
    Total System Jitter     (TSJ):    0.071ns
    Total Input Jitter      (TIJ):    0.000ns
    Discrete Jitter          (DJ):    0.000ns
    Phase Error              (PE):    0.000ns
  Clock Net Delay (Source):      1.406ns (routing 0.596ns, distribution 0.810ns)
  Clock Net Delay (Destination): 1.288ns (routing 0.543ns, distribution 0.745ns)

    Location             Delay type                Incr(ns)  Path(ns)    Netlist Resource(s)
  -------------------------------------------------------------------    -------------------
                         (clock ap_clk rise edge)     0.000     0.000 r  
    J16                                               0.000     0.000 r  ap_clk (IN)
                         net (fo=0)                   0.000     0.000    ap_clk_IBUF_inst/I
    J16                  INBUF (Prop_INBUF_HDIOB_M_PAD_O)
                                                      1.075     1.075 r  ap_clk_IBUF_inst/INBUF_INST/O
                         net (fo=1, routed)           0.000     1.075    ap_clk_IBUF_inst/OUT
    J16                  IBUFCTRL (Prop_IBUFCTRL_HDIOB_M_I_O)
                                                      0.000     1.075 r  ap_clk_IBUF_inst/IBUFCTRL_INST/O
                         net (fo=1, routed)           0.204     1.279    ap_clk_IBUF
    BUFGCE_HDIO_X0Y4     BUFGCE (Prop_BUFCE_BUFGCE_HDIO_I_O)
                                                      0.028     1.307 r  ap_clk_IBUF_BUFG_inst/O
    X4Y5 (CLOCK_ROOT)    net (fo=9844, routed)        1.406     2.713    ap_clk_IBUF_BUFG
    SLICE_X94Y332        FDCE                                         r  load_count_reg[5]/C
  -------------------------------------------------------------------    -------------------
    SLICE_X94Y332        FDCE (Prop_DFF_SLICEM_C_Q)
                                                      0.078     2.791 f  load_count_reg[5]/Q
                         net (fo=29, routed)          0.274     3.065    load_count[5]
    SLICE_X95Y329        LUT4 (Prop_H6LUT_SLICEL_I0_O)
                                                      0.099     3.164 r  i_memory[65][4]_i_2/O
                         net (fo=32, routed)          0.250     3.415    i_memory[65][4]_i_2_n_0
    SLICE_X94Y331        LUT6 (Prop_B6LUT_SLICEM_I2_O)
                                                      0.149     3.564 r  i_memory[95][4]_i_1/O
                         net (fo=10, routed)          0.374     3.938    i_memory[95][4]_i_1_n_0
    SLICE_X101Y330       FDRE                                         r  i_memory_reg[95][3]/CE
  -------------------------------------------------------------------    -------------------

                         (clock ap_clk rise edge)     1.000     1.000 r  
    J16                                               0.000     1.000 r  ap_clk (IN)
                         net (fo=0)                   0.000     1.000    ap_clk_IBUF_inst/I
    J16                  INBUF (Prop_INBUF_HDIOB_M_PAD_O)
                                                      0.567     1.567 r  ap_clk_IBUF_inst/INBUF_INST/O
                         net (fo=1, routed)           0.000     1.567    ap_clk_IBUF_inst/OUT
    J16                  IBUFCTRL (Prop_IBUFCTRL_HDIOB_M_I_O)
                                                      0.000     1.567 r  ap_clk_IBUF_inst/IBUFCTRL_INST/O
                         net (fo=1, routed)           0.169     1.736    ap_clk_IBUF
    BUFGCE_HDIO_X0Y4     BUFGCE (Prop_BUFCE_BUFGCE_HDIO_I_O)
                                                      0.024     1.760 r  ap_clk_IBUF_BUFG_inst/O
    X4Y5 (CLOCK_ROOT)    net (fo=9844, routed)        1.288     3.048    ap_clk_IBUF_BUFG
    SLICE_X101Y330       FDRE                                         r  i_memory_reg[95][3]/C
                         clock pessimism              0.637     3.685    
                         clock uncertainty           -0.035     3.650    
    SLICE_X101Y330       FDRE (Setup_FFF2_SLICEL_C_CE)
                                                     -0.060     3.590    i_memory_reg[95][3]
  -------------------------------------------------------------------
                         required time                          3.590    
                         arrival time                          -3.938    
  -------------------------------------------------------------------
                         slack                                 -0.348    

Slack (VIOLATED) :        -0.346ns  (required time - arrival time)
  Source:                 load_count_reg[5]/C
                            (rising edge-triggered cell FDCE clocked by ap_clk  {rise@0.000ns fall@0.500ns period=1.000ns})
  Destination:            i_memory_reg[179][0]/CE
                            (rising edge-triggered cell FDRE clocked by ap_clk  {rise@0.000ns fall@0.500ns period=1.000ns})
  Path Group:             ap_clk
  Path Type:              Setup (Max at Slow Process Corner)
  Requirement:            1.000ns  (ap_clk rise@1.000ns - ap_clk rise@0.000ns)
  Data Path Delay:        1.175ns  (logic 0.317ns (26.984%)  route 0.858ns (73.016%))
  Logic Levels:           2  (LUT5=2)
  Clock Path Skew:        -0.075ns (DCD - SCD + CPR)
    Destination Clock Delay (DCD):    2.003ns = ( 3.003 - 1.000 ) 
    Source Clock Delay      (SCD):    2.713ns
    Clock Pessimism Removal (CPR):    0.635ns
  Clock Uncertainty:      0.035ns  ((TSJ^2 + TIJ^2)^1/2 + DJ) / 2 + PE
    Total System Jitter     (TSJ):    0.071ns
    Total Input Jitter      (TIJ):    0.000ns
    Discrete Jitter          (DJ):    0.000ns
    Phase Error              (PE):    0.000ns
  Clock Net Delay (Source):      1.406ns (routing 0.596ns, distribution 0.810ns)
  Clock Net Delay (Destination): 1.242ns (routing 0.543ns, distribution 0.699ns)

    Location             Delay type                Incr(ns)  Path(ns)    Netlist Resource(s)
  -------------------------------------------------------------------    -------------------
                         (clock ap_clk rise edge)     0.000     0.000 r  
    J16                                               0.000     0.000 r  ap_clk (IN)
                         net (fo=0)                   0.000     0.000    ap_clk_IBUF_inst/I
    J16                  INBUF (Prop_INBUF_HDIOB_M_PAD_O)
                                                      1.075     1.075 r  ap_clk_IBUF_inst/INBUF_INST/O
                         net (fo=1, routed)           0.000     1.075    ap_clk_IBUF_inst/OUT
    J16                  IBUFCTRL (Prop_IBUFCTRL_HDIOB_M_I_O)
                                                      0.000     1.075 r  ap_clk_IBUF_inst/IBUFCTRL_INST/O
                         net (fo=1, routed)           0.204     1.279    ap_clk_IBUF
    BUFGCE_HDIO_X0Y4     BUFGCE (Prop_BUFCE_BUFGCE_HDIO_I_O)
                                                      0.028     1.307 r  ap_clk_IBUF_BUFG_inst/O
    X4Y5 (CLOCK_ROOT)    net (fo=9844, routed)        1.406     2.713    ap_clk_IBUF_BUFG
    SLICE_X94Y332        FDCE                                         r  load_count_reg[5]/C
  -------------------------------------------------------------------    -------------------
    SLICE_X94Y332        FDCE (Prop_DFF_SLICEM_C_Q)
                                                      0.078     2.791 r  load_count_reg[5]/Q
                         net (fo=29, routed)          0.302     3.093    load_count[5]
    SLICE_X95Y327        LUT5 (Prop_G6LUT_SLICEL_I2_O)
                                                      0.149     3.242 r  i_memory[49][4]_i_2/O
                         net (fo=16, routed)          0.339     3.581    i_memory[49][4]_i_2_n_0
    SLICE_X94Y319        LUT5 (Prop_G6LUT_SLICEM_I2_O)
                                                      0.090     3.671 r  i_memory[179][4]_i_1/O
                         net (fo=10, routed)          0.217     3.888    i_memory[179][4]_i_1_n_0
    SLICE_X94Y317        FDRE                                         r  i_memory_reg[179][0]/CE
  -------------------------------------------------------------------    -------------------

                         (clock ap_clk rise edge)     1.000     1.000 r  
    J16                                               0.000     1.000 r  ap_clk (IN)
                         net (fo=0)                   0.000     1.000    ap_clk_IBUF_inst/I
    J16                  INBUF (Prop_INBUF_HDIOB_M_PAD_O)
                                                      0.567     1.567 r  ap_clk_IBUF_inst/INBUF_INST/O
                         net (fo=1, routed)           0.000     1.567    ap_clk_IBUF_inst/OUT
    J16                  IBUFCTRL (Prop_IBUFCTRL_HDIOB_M_I_O)
                                                      0.000     1.567 r  ap_clk_IBUF_inst/IBUFCTRL_INST/O
                         net (fo=1, routed)           0.169     1.736    ap_clk_IBUF
    BUFGCE_HDIO_X0Y4     BUFGCE (Prop_BUFCE_BUFGCE_HDIO_I_O)
                                                      0.024     1.760 r  ap_clk_IBUF_BUFG_inst/O
    X4Y5 (CLOCK_ROOT)    net (fo=9844, routed)        1.242     3.003    ap_clk_IBUF_BUFG
    SLICE_X94Y317        FDRE                                         r  i_memory_reg[179][0]/C
                         clock pessimism              0.635     3.638    
                         clock uncertainty           -0.035     3.602    
    SLICE_X94Y317        FDRE (Setup_EFF_SLICEM_C_CE)
                                                     -0.061     3.541    i_memory_reg[179][0]
  -------------------------------------------------------------------
                         required time                          3.541    
                         arrival time                          -3.888    
  -------------------------------------------------------------------
                         slack                                 -0.346    

Slack (VIOLATED) :        -0.346ns  (required time - arrival time)
  Source:                 load_count_reg[5]/C
                            (rising edge-triggered cell FDCE clocked by ap_clk  {rise@0.000ns fall@0.500ns period=1.000ns})
  Destination:            i_memory_reg[179][3]/CE
                            (rising edge-triggered cell FDRE clocked by ap_clk  {rise@0.000ns fall@0.500ns period=1.000ns})
  Path Group:             ap_clk
  Path Type:              Setup (Max at Slow Process Corner)
  Requirement:            1.000ns  (ap_clk rise@1.000ns - ap_clk rise@0.000ns)
  Data Path Delay:        1.175ns  (logic 0.317ns (26.984%)  route 0.858ns (73.016%))
  Logic Levels:           2  (LUT5=2)
  Clock Path Skew:        -0.075ns (DCD - SCD + CPR)
    Destination Clock Delay (DCD):    2.003ns = ( 3.003 - 1.000 ) 
    Source Clock Delay      (SCD):    2.713ns
    Clock Pessimism Removal (CPR):    0.635ns
  Clock Uncertainty:      0.035ns  ((TSJ^2 + TIJ^2)^1/2 + DJ) / 2 + PE
    Total System Jitter     (TSJ):    0.071ns
    Total Input Jitter      (TIJ):    0.000ns
    Discrete Jitter          (DJ):    0.000ns
    Phase Error              (PE):    0.000ns
  Clock Net Delay (Source):      1.406ns (routing 0.596ns, distribution 0.810ns)
  Clock Net Delay (Destination): 1.242ns (routing 0.543ns, distribution 0.699ns)

    Location             Delay type                Incr(ns)  Path(ns)    Netlist Resource(s)
  -------------------------------------------------------------------    -------------------
                         (clock ap_clk rise edge)     0.000     0.000 r  
    J16                                               0.000     0.000 r  ap_clk (IN)
                         net (fo=0)                   0.000     0.000    ap_clk_IBUF_inst/I
    J16                  INBUF (Prop_INBUF_HDIOB_M_PAD_O)
                                                      1.075     1.075 r  ap_clk_IBUF_inst/INBUF_INST/O
                         net (fo=1, routed)           0.000     1.075    ap_clk_IBUF_inst/OUT
    J16                  IBUFCTRL (Prop_IBUFCTRL_HDIOB_M_I_O)
                                                      0.000     1.075 r  ap_clk_IBUF_inst/IBUFCTRL_INST/O
                         net (fo=1, routed)           0.204     1.279    ap_clk_IBUF
    BUFGCE_HDIO_X0Y4     BUFGCE (Prop_BUFCE_BUFGCE_HDIO_I_O)
                                                      0.028     1.307 r  ap_clk_IBUF_BUFG_inst/O
    X4Y5 (CLOCK_ROOT)    net (fo=9844, routed)        1.406     2.713    ap_clk_IBUF_BUFG
    SLICE_X94Y332        FDCE                                         r  load_count_reg[5]/C
  -------------------------------------------------------------------    -------------------
    SLICE_X94Y332        FDCE (Prop_DFF_SLICEM_C_Q)
                                                      0.078     2.791 r  load_count_reg[5]/Q
                         net (fo=29, routed)          0.302     3.093    load_count[5]
    SLICE_X95Y327        LUT5 (Prop_G6LUT_SLICEL_I2_O)
                                                      0.149     3.242 r  i_memory[49][4]_i_2/O
                         net (fo=16, routed)          0.339     3.581    i_memory[49][4]_i_2_n_0
    SLICE_X94Y319        LUT5 (Prop_G6LUT_SLICEM_I2_O)
                                                      0.090     3.671 r  i_memory[179][4]_i_1/O
                         net (fo=10, routed)          0.217     3.888    i_memory[179][4]_i_1_n_0
    SLICE_X94Y317        FDRE                                         r  i_memory_reg[179][3]/CE
  -------------------------------------------------------------------    -------------------

                         (clock ap_clk rise edge)     1.000     1.000 r  
    J16                                               0.000     1.000 r  ap_clk (IN)
                         net (fo=0)                   0.000     1.000    ap_clk_IBUF_inst/I
    J16                  INBUF (Prop_INBUF_HDIOB_M_PAD_O)
                                                      0.567     1.567 r  ap_clk_IBUF_inst/INBUF_INST/O
                         net (fo=1, routed)           0.000     1.567    ap_clk_IBUF_inst/OUT
    J16                  IBUFCTRL (Prop_IBUFCTRL_HDIOB_M_I_O)
                                                      0.000     1.567 r  ap_clk_IBUF_inst/IBUFCTRL_INST/O
                         net (fo=1, routed)           0.169     1.736    ap_clk_IBUF
    BUFGCE_HDIO_X0Y4     BUFGCE (Prop_BUFCE_BUFGCE_HDIO_I_O)
                                                      0.024     1.760 r  ap_clk_IBUF_BUFG_inst/O
    X4Y5 (CLOCK_ROOT)    net (fo=9844, routed)        1.242     3.003    ap_clk_IBUF_BUFG
    SLICE_X94Y317        FDRE                                         r  i_memory_reg[179][3]/C
                         clock pessimism              0.635     3.638    
                         clock uncertainty           -0.035     3.602    
    SLICE_X94Y317        FDRE (Setup_FFF_SLICEM_C_CE)
                                                     -0.061     3.541    i_memory_reg[179][3]
  -------------------------------------------------------------------
                         required time                          3.541    
                         arrival time                          -3.888    
  -------------------------------------------------------------------
                         slack                                 -0.346    

Slack (VIOLATED) :        -0.346ns  (required time - arrival time)
  Source:                 load_count_reg[5]/C
                            (rising edge-triggered cell FDCE clocked by ap_clk  {rise@0.000ns fall@0.500ns period=1.000ns})
  Destination:            q_memory_reg[179][0]/CE
                            (rising edge-triggered cell FDRE clocked by ap_clk  {rise@0.000ns fall@0.500ns period=1.000ns})
  Path Group:             ap_clk
  Path Type:              Setup (Max at Slow Process Corner)
  Requirement:            1.000ns  (ap_clk rise@1.000ns - ap_clk rise@0.000ns)
  Data Path Delay:        1.175ns  (logic 0.317ns (26.984%)  route 0.858ns (73.016%))
  Logic Levels:           2  (LUT5=2)
  Clock Path Skew:        -0.075ns (DCD - SCD + CPR)
    Destination Clock Delay (DCD):    2.003ns = ( 3.003 - 1.000 ) 
    Source Clock Delay      (SCD):    2.713ns
    Clock Pessimism Removal (CPR):    0.635ns
  Clock Uncertainty:      0.035ns  ((TSJ^2 + TIJ^2)^1/2 + DJ) / 2 + PE
    Total System Jitter     (TSJ):    0.071ns
    Total Input Jitter      (TIJ):    0.000ns
    Discrete Jitter          (DJ):    0.000ns
    Phase Error              (PE):    0.000ns
  Clock Net Delay (Source):      1.406ns (routing 0.596ns, distribution 0.810ns)
  Clock Net Delay (Destination): 1.242ns (routing 0.543ns, distribution 0.699ns)

    Location             Delay type                Incr(ns)  Path(ns)    Netlist Resource(s)
  -------------------------------------------------------------------    -------------------
                         (clock ap_clk rise edge)     0.000     0.000 r  
    J16                                               0.000     0.000 r  ap_clk (IN)
                         net (fo=0)                   0.000     0.000    ap_clk_IBUF_inst/I
    J16                  INBUF (Prop_INBUF_HDIOB_M_PAD_O)
                                                      1.075     1.075 r  ap_clk_IBUF_inst/INBUF_INST/O
                         net (fo=1, routed)           0.000     1.075    ap_clk_IBUF_inst/OUT
    J16                  IBUFCTRL (Prop_IBUFCTRL_HDIOB_M_I_O)
                                                      0.000     1.075 r  ap_clk_IBUF_inst/IBUFCTRL_INST/O
                         net (fo=1, routed)           0.204     1.279    ap_clk_IBUF
    BUFGCE_HDIO_X0Y4     BUFGCE (Prop_BUFCE_BUFGCE_HDIO_I_O)
                                                      0.028     1.307 r  ap_clk_IBUF_BUFG_inst/O
    X4Y5 (CLOCK_ROOT)    net (fo=9844, routed)        1.406     2.713    ap_clk_IBUF_BUFG
    SLICE_X94Y332        FDCE                                         r  load_count_reg[5]/C
  -------------------------------------------------------------------    -------------------
    SLICE_X94Y332        FDCE (Prop_DFF_SLICEM_C_Q)
                                                      0.078     2.791 r  load_count_reg[5]/Q
                         net (fo=29, routed)          0.302     3.093    load_count[5]
    SLICE_X95Y327        LUT5 (Prop_G6LUT_SLICEL_I2_O)
                                                      0.149     3.242 r  i_memory[49][4]_i_2/O
                         net (fo=16, routed)          0.339     3.581    i_memory[49][4]_i_2_n_0
    SLICE_X94Y319        LUT5 (Prop_G6LUT_SLICEM_I2_O)
                                                      0.090     3.671 r  i_memory[179][4]_i_1/O
                         net (fo=10, routed)          0.217     3.888    i_memory[179][4]_i_1_n_0
    SLICE_X94Y317        FDRE                                         r  q_memory_reg[179][0]/CE
  -------------------------------------------------------------------    -------------------

                         (clock ap_clk rise edge)     1.000     1.000 r  
    J16                                               0.000     1.000 r  ap_clk (IN)
                         net (fo=0)                   0.000     1.000    ap_clk_IBUF_inst/I
    J16                  INBUF (Prop_INBUF_HDIOB_M_PAD_O)
                                                      0.567     1.567 r  ap_clk_IBUF_inst/INBUF_INST/O
                         net (fo=1, routed)           0.000     1.567    ap_clk_IBUF_inst/OUT
    J16                  IBUFCTRL (Prop_IBUFCTRL_HDIOB_M_I_O)
                                                      0.000     1.567 r  ap_clk_IBUF_inst/IBUFCTRL_INST/O
                         net (fo=1, routed)           0.169     1.736    ap_clk_IBUF
    BUFGCE_HDIO_X0Y4     BUFGCE (Prop_BUFCE_BUFGCE_HDIO_I_O)
                                                      0.024     1.760 r  ap_clk_IBUF_BUFG_inst/O
    X4Y5 (CLOCK_ROOT)    net (fo=9844, routed)        1.242     3.003    ap_clk_IBUF_BUFG
    SLICE_X94Y317        FDRE                                         r  q_memory_reg[179][0]/C
                         clock pessimism              0.635     3.638    
                         clock uncertainty           -0.035     3.602    
    SLICE_X94Y317        FDRE (Setup_GFF_SLICEM_C_CE)
                                                     -0.061     3.541    q_memory_reg[179][0]
  -------------------------------------------------------------------
                         required time                          3.541    
                         arrival time                          -3.888    
  -------------------------------------------------------------------
                         slack                                 -0.346    

Slack (VIOLATED) :        -0.345ns  (required time - arrival time)
  Source:                 load_count_reg[5]/C
                            (rising edge-triggered cell FDCE clocked by ap_clk  {rise@0.000ns fall@0.500ns period=1.000ns})
  Destination:            i_memory_reg[22][1]/CE
                            (rising edge-triggered cell FDRE clocked by ap_clk  {rise@0.000ns fall@0.500ns period=1.000ns})
  Path Group:             ap_clk
  Path Type:              Setup (Max at Slow Process Corner)
  Requirement:            1.000ns  (ap_clk rise@1.000ns - ap_clk rise@0.000ns)
  Data Path Delay:        1.170ns  (logic 0.375ns (32.046%)  route 0.795ns (67.954%))
  Logic Levels:           2  (LUT4=1 LUT6=1)
  Clock Path Skew:        -0.079ns (DCD - SCD + CPR)
    Destination Clock Delay (DCD):    1.999ns = ( 2.999 - 1.000 ) 
    Source Clock Delay      (SCD):    2.713ns
    Clock Pessimism Removal (CPR):    0.635ns
  Clock Uncertainty:      0.035ns  ((TSJ^2 + TIJ^2)^1/2 + DJ) / 2 + PE
    Total System Jitter     (TSJ):    0.071ns
    Total Input Jitter      (TIJ):    0.000ns
    Discrete Jitter          (DJ):    0.000ns
    Phase Error              (PE):    0.000ns
  Clock Net Delay (Source):      1.406ns (routing 0.596ns, distribution 0.810ns)
  Clock Net Delay (Destination): 1.238ns (routing 0.543ns, distribution 0.695ns)

    Location             Delay type                Incr(ns)  Path(ns)    Netlist Resource(s)
  -------------------------------------------------------------------    -------------------
                         (clock ap_clk rise edge)     0.000     0.000 r  
    J16                                               0.000     0.000 r  ap_clk (IN)
                         net (fo=0)                   0.000     0.000    ap_clk_IBUF_inst/I
    J16                  INBUF (Prop_INBUF_HDIOB_M_PAD_O)
                                                      1.075     1.075 r  ap_clk_IBUF_inst/INBUF_INST/O
                         net (fo=1, routed)           0.000     1.075    ap_clk_IBUF_inst/OUT
    J16                  IBUFCTRL (Prop_IBUFCTRL_HDIOB_M_I_O)
                                                      0.000     1.075 r  ap_clk_IBUF_inst/IBUFCTRL_INST/O
                         net (fo=1, routed)           0.204     1.279    ap_clk_IBUF
    BUFGCE_HDIO_X0Y4     BUFGCE (Prop_BUFCE_BUFGCE_HDIO_I_O)
                                                      0.028     1.307 r  ap_clk_IBUF_BUFG_inst/O
    X4Y5 (CLOCK_ROOT)    net (fo=9844, routed)        1.406     2.713    ap_clk_IBUF_BUFG
    SLICE_X94Y332        FDCE                                         r  load_count_reg[5]/C
  -------------------------------------------------------------------    -------------------
    SLICE_X94Y332        FDCE (Prop_DFF_SLICEM_C_Q)
                                                      0.078     2.791 f  load_count_reg[5]/Q
                         net (fo=29, routed)          0.215     3.006    load_count[5]
    SLICE_X94Y328        LUT4 (Prop_F6LUT_SLICEM_I3_O)
                                                      0.148     3.154 r  i_memory[0][4]_i_3/O
                         net (fo=32, routed)          0.363     3.517    i_memory[0][4]_i_3_n_0
    SLICE_X95Y317        LUT6 (Prop_A6LUT_SLICEL_I2_O)
                                                      0.149     3.666 r  i_memory[22][4]_i_1/O
                         net (fo=10, routed)          0.217     3.883    i_memory[22][4]_i_1_n_0
    SLICE_X95Y317        FDRE                                         r  i_memory_reg[22][1]/CE
  -------------------------------------------------------------------    -------------------

                         (clock ap_clk rise edge)     1.000     1.000 r  
    J16                                               0.000     1.000 r  ap_clk (IN)
                         net (fo=0)                   0.000     1.000    ap_clk_IBUF_inst/I
    J16                  INBUF (Prop_INBUF_HDIOB_M_PAD_O)
                                                      0.567     1.567 r  ap_clk_IBUF_inst/INBUF_INST/O
                         net (fo=1, routed)           0.000     1.567    ap_clk_IBUF_inst/OUT
    J16                  IBUFCTRL (Prop_IBUFCTRL_HDIOB_M_I_O)
                                                      0.000     1.567 r  ap_clk_IBUF_inst/IBUFCTRL_INST/O
                         net (fo=1, routed)           0.169     1.736    ap_clk_IBUF
    BUFGCE_HDIO_X0Y4     BUFGCE (Prop_BUFCE_BUFGCE_HDIO_I_O)
                                                      0.024     1.760 r  ap_clk_IBUF_BUFG_inst/O
    X4Y5 (CLOCK_ROOT)    net (fo=9844, routed)        1.238     2.999    ap_clk_IBUF_BUFG
    SLICE_X95Y317        FDRE                                         r  i_memory_reg[22][1]/C
                         clock pessimism              0.635     3.634    
                         clock uncertainty           -0.035     3.598    
    SLICE_X95Y317        FDRE (Setup_EFF2_SLICEL_C_CE)
                                                     -0.060     3.538    i_memory_reg[22][1]
  -------------------------------------------------------------------
                         required time                          3.538    
                         arrival time                          -3.883    
  -------------------------------------------------------------------
                         slack                                 -0.345    





Min Delay Paths
--------------------------------------------------------------------------------------
Slack (MET) :             0.001ns  (arrival time - required time)
  Source:                 i_memory_reg[301][1]/C
                            (rising edge-triggered cell FDRE clocked by ap_clk  {rise@0.000ns fall@0.500ns period=1.000ns})
  Destination:            u_nn_accelerator/u_sum_signed_i1/reduce_layer150_reg[1]/D
                            (rising edge-triggered cell FDRE clocked by ap_clk  {rise@0.000ns fall@0.500ns period=1.000ns})
  Path Group:             ap_clk
  Path Type:              Hold (Min at Slow Process Corner)
  Requirement:            0.000ns  (ap_clk rise@0.000ns - ap_clk rise@0.000ns)
  Data Path Delay:        0.186ns  (logic 0.083ns (44.574%)  route 0.103ns (55.426%))
  Logic Levels:           1  (LUT4=1)
  Clock Path Skew:        0.125ns (DCD - SCD - CPR)
    Destination Clock Delay (DCD):    2.757ns
    Source Clock Delay      (SCD):    1.997ns
    Clock Pessimism Removal (CPR):    0.635ns
  Clock Net Delay (Source):      1.237ns (routing 0.543ns, distribution 0.694ns)
  Clock Net Delay (Destination): 1.450ns (routing 0.596ns, distribution 0.854ns)

    Location             Delay type                Incr(ns)  Path(ns)    Netlist Resource(s)
  -------------------------------------------------------------------    -------------------
                         (clock ap_clk rise edge)     0.000     0.000 r  
    J16                                               0.000     0.000 r  ap_clk (IN)
                         net (fo=0)                   0.000     0.000    ap_clk_IBUF_inst/I
    J16                  INBUF (Prop_INBUF_HDIOB_M_PAD_O)
                                                      0.567     0.567 r  ap_clk_IBUF_inst/INBUF_INST/O
                         net (fo=1, routed)           0.000     0.567    ap_clk_IBUF_inst/OUT
    J16                  IBUFCTRL (Prop_IBUFCTRL_HDIOB_M_I_O)
                                                      0.000     0.567 r  ap_clk_IBUF_inst/IBUFCTRL_INST/O
                         net (fo=1, routed)           0.169     0.736    ap_clk_IBUF
    BUFGCE_HDIO_X0Y4     BUFGCE (Prop_BUFCE_BUFGCE_HDIO_I_O)
                                                      0.024     0.760 r  ap_clk_IBUF_BUFG_inst/O
    X4Y5 (CLOCK_ROOT)    net (fo=9844, routed)        1.237     1.997    ap_clk_IBUF_BUFG
    SLICE_X94Y344        FDRE                                         r  i_memory_reg[301][1]/C
  -------------------------------------------------------------------    -------------------
    SLICE_X94Y344        FDRE (Prop_DFF2_SLICEM_C_Q)
                                                      0.061     2.058 r  i_memory_reg[301][1]/Q
                         net (fo=3, routed)           0.074     2.132    u_nn_accelerator/u_sum_signed_i1/reduce_layer150_reg[4]_0[1]
    SLICE_X93Y345        LUT4 (Prop_B6LUT_SLICEM_I2_O)
                                                      0.022     2.154 r  u_nn_accelerator/u_sum_signed_i1/reduce_layer150[1]_i_1/O
                         net (fo=1, routed)           0.029     2.183    u_nn_accelerator/u_sum_signed_i1/w_reduce_layer150[1]
    SLICE_X93Y345        FDRE                                         r  u_nn_accelerator/u_sum_signed_i1/reduce_layer150_reg[1]/D
  -------------------------------------------------------------------    -------------------

                         (clock ap_clk rise edge)     0.000     0.000 r  
    J16                                               0.000     0.000 r  ap_clk (IN)
                         net (fo=0)                   0.000     0.000    ap_clk_IBUF_inst/I
    J16                  INBUF (Prop_INBUF_HDIOB_M_PAD_O)
                                                      1.075     1.075 r  ap_clk_IBUF_inst/INBUF_INST/O
                         net (fo=1, routed)           0.000     1.075    ap_clk_IBUF_inst/OUT
    J16                  IBUFCTRL (Prop_IBUFCTRL_HDIOB_M_I_O)
                                                      0.000     1.075 r  ap_clk_IBUF_inst/IBUFCTRL_INST/O
                         net (fo=1, routed)           0.204     1.279    ap_clk_IBUF
    BUFGCE_HDIO_X0Y4     BUFGCE (Prop_BUFCE_BUFGCE_HDIO_I_O)
                                                      0.028     1.307 r  ap_clk_IBUF_BUFG_inst/O
    X4Y5 (CLOCK_ROOT)    net (fo=9844, routed)        1.450     2.757    u_nn_accelerator/u_sum_signed_i1/ap_clk_IBUF_BUFG
    SLICE_X93Y345        FDRE                                         r  u_nn_accelerator/u_sum_signed_i1/reduce_layer150_reg[1]/C
                         clock pessimism             -0.635     2.122    
    SLICE_X93Y345        FDRE (Hold_BFF_SLICEM_C_D)
                                                      0.060     2.182    u_nn_accelerator/u_sum_signed_i1/reduce_layer150_reg[1]
  -------------------------------------------------------------------
                         required time                         -2.182    
                         arrival time                           2.183    
  -------------------------------------------------------------------
                         slack                                  0.001    

Slack (MET) :             0.001ns  (arrival time - required time)
  Source:                 i_memory_reg[301][1]/C
                            (rising edge-triggered cell FDRE clocked by ap_clk  {rise@0.000ns fall@0.500ns period=1.000ns})
  Destination:            u_nn_accelerator/u_sum_signed_i1/reduce_layer150_reg[2]/D
                            (rising edge-triggered cell FDRE clocked by ap_clk  {rise@0.000ns fall@0.500ns period=1.000ns})
  Path Group:             ap_clk
  Path Type:              Hold (Min at Slow Process Corner)
  Requirement:            0.000ns  (ap_clk rise@0.000ns - ap_clk rise@0.000ns)
  Data Path Delay:        0.186ns  (logic 0.084ns (45.111%)  route 0.102ns (54.889%))
  Logic Levels:           1  (LUT6=1)
  Clock Path Skew:        0.125ns (DCD - SCD - CPR)
    Destination Clock Delay (DCD):    2.757ns
    Source Clock Delay      (SCD):    1.997ns
    Clock Pessimism Removal (CPR):    0.635ns
  Clock Net Delay (Source):      1.237ns (routing 0.543ns, distribution 0.694ns)
  Clock Net Delay (Destination): 1.450ns (routing 0.596ns, distribution 0.854ns)

    Location             Delay type                Incr(ns)  Path(ns)    Netlist Resource(s)
  -------------------------------------------------------------------    -------------------
                         (clock ap_clk rise edge)     0.000     0.000 r  
    J16                                               0.000     0.000 r  ap_clk (IN)
                         net (fo=0)                   0.000     0.000    ap_clk_IBUF_inst/I
    J16                  INBUF (Prop_INBUF_HDIOB_M_PAD_O)
                                                      0.567     0.567 r  ap_clk_IBUF_inst/INBUF_INST/O
                         net (fo=1, routed)           0.000     0.567    ap_clk_IBUF_inst/OUT
    J16                  IBUFCTRL (Prop_IBUFCTRL_HDIOB_M_I_O)
                                                      0.000     0.567 r  ap_clk_IBUF_inst/IBUFCTRL_INST/O
                         net (fo=1, routed)           0.169     0.736    ap_clk_IBUF
    BUFGCE_HDIO_X0Y4     BUFGCE (Prop_BUFCE_BUFGCE_HDIO_I_O)
                                                      0.024     0.760 r  ap_clk_IBUF_BUFG_inst/O
    X4Y5 (CLOCK_ROOT)    net (fo=9844, routed)        1.237     1.997    ap_clk_IBUF_BUFG
    SLICE_X94Y344        FDRE                                         r  i_memory_reg[301][1]/C
  -------------------------------------------------------------------    -------------------
    SLICE_X94Y344        FDRE (Prop_DFF2_SLICEM_C_Q)
                                                      0.061     2.058 r  i_memory_reg[301][1]/Q
                         net (fo=3, routed)           0.077     2.135    u_nn_accelerator/u_sum_signed_i1/reduce_layer150_reg[4]_0[1]
    SLICE_X93Y345        LUT6 (Prop_A6LUT_SLICEM_I3_O)
                                                      0.023     2.158 r  u_nn_accelerator/u_sum_signed_i1/reduce_layer150[2]_i_1/O
                         net (fo=1, routed)           0.025     2.183    u_nn_accelerator/u_sum_signed_i1/w_reduce_layer150[2]
    SLICE_X93Y345        FDRE                                         r  u_nn_accelerator/u_sum_signed_i1/reduce_layer150_reg[2]/D
  -------------------------------------------------------------------    -------------------

                         (clock ap_clk rise edge)     0.000     0.000 r  
    J16                                               0.000     0.000 r  ap_clk (IN)
                         net (fo=0)                   0.000     0.000    ap_clk_IBUF_inst/I
    J16                  INBUF (Prop_INBUF_HDIOB_M_PAD_O)
                                                      1.075     1.075 r  ap_clk_IBUF_inst/INBUF_INST/O
                         net (fo=1, routed)           0.000     1.075    ap_clk_IBUF_inst/OUT
    J16                  IBUFCTRL (Prop_IBUFCTRL_HDIOB_M_I_O)
                                                      0.000     1.075 r  ap_clk_IBUF_inst/IBUFCTRL_INST/O
                         net (fo=1, routed)           0.204     1.279    ap_clk_IBUF
    BUFGCE_HDIO_X0Y4     BUFGCE (Prop_BUFCE_BUFGCE_HDIO_I_O)
                                                      0.028     1.307 r  ap_clk_IBUF_BUFG_inst/O
    X4Y5 (CLOCK_ROOT)    net (fo=9844, routed)        1.450     2.757    u_nn_accelerator/u_sum_signed_i1/ap_clk_IBUF_BUFG
    SLICE_X93Y345        FDRE                                         r  u_nn_accelerator/u_sum_signed_i1/reduce_layer150_reg[2]/C
                         clock pessimism             -0.635     2.122    
    SLICE_X93Y345        FDRE (Hold_AFF_SLICEM_C_D)
                                                      0.060     2.182    u_nn_accelerator/u_sum_signed_i1/reduce_layer150_reg[2]
  -------------------------------------------------------------------
                         required time                         -2.182    
                         arrival time                           2.183    
  -------------------------------------------------------------------
                         slack                                  0.001    

Slack (MET) :             0.009ns  (arrival time - required time)
  Source:                 i_memory_reg[196][3]/C
                            (rising edge-triggered cell FDRE clocked by ap_clk  {rise@0.000ns fall@0.500ns period=1.000ns})
  Destination:            u_nn_accelerator/u_sum_signed_i0/reduce_layer198_reg[5]/D
                            (rising edge-triggered cell FDRE clocked by ap_clk  {rise@0.000ns fall@0.500ns period=1.000ns})
  Path Group:             ap_clk
  Path Type:              Hold (Min at Slow Process Corner)
  Requirement:            0.000ns  (ap_clk rise@0.000ns - ap_clk rise@0.000ns)
  Data Path Delay:        0.180ns  (logic 0.083ns (46.219%)  route 0.097ns (53.781%))
  Logic Levels:           1  (LUT5=1)
  Clock Path Skew:        0.111ns (DCD - SCD - CPR)
    Destination Clock Delay (DCD):    2.757ns
    Source Clock Delay      (SCD):    2.011ns
    Clock Pessimism Removal (CPR):    0.635ns
  Clock Net Delay (Source):      1.251ns (routing 0.543ns, distribution 0.708ns)
  Clock Net Delay (Destination): 1.450ns (routing 0.596ns, distribution 0.854ns)

    Location             Delay type                Incr(ns)  Path(ns)    Netlist Resource(s)
  -------------------------------------------------------------------    -------------------
                         (clock ap_clk rise edge)     0.000     0.000 r  
    J16                                               0.000     0.000 r  ap_clk (IN)
                         net (fo=0)                   0.000     0.000    ap_clk_IBUF_inst/I
    J16                  INBUF (Prop_INBUF_HDIOB_M_PAD_O)
                                                      0.567     0.567 r  ap_clk_IBUF_inst/INBUF_INST/O
                         net (fo=1, routed)           0.000     0.567    ap_clk_IBUF_inst/OUT
    J16                  IBUFCTRL (Prop_IBUFCTRL_HDIOB_M_I_O)
                                                      0.000     0.567 r  ap_clk_IBUF_inst/IBUFCTRL_INST/O
                         net (fo=1, routed)           0.169     0.736    ap_clk_IBUF
    BUFGCE_HDIO_X0Y4     BUFGCE (Prop_BUFCE_BUFGCE_HDIO_I_O)
                                                      0.024     0.760 r  ap_clk_IBUF_BUFG_inst/O
    X4Y5 (CLOCK_ROOT)    net (fo=9844, routed)        1.251     2.011    ap_clk_IBUF_BUFG
    SLICE_X89Y326        FDRE                                         r  i_memory_reg[196][3]/C
  -------------------------------------------------------------------    -------------------
    SLICE_X89Y326        FDRE (Prop_DFF2_SLICEM_C_Q)
                                                      0.061     2.072 f  i_memory_reg[196][3]/Q
                         net (fo=3, routed)           0.068     2.140    u_nn_accelerator/u_sum_signed_i0/reduce_layer198_reg[4]_1[3]
    SLICE_X87Y327        LUT5 (Prop_B6LUT_SLICEM_I3_O)
                                                      0.022     2.162 r  u_nn_accelerator/u_sum_signed_i0/reduce_layer198[5]_i_1/O
                         net (fo=1, routed)           0.029     2.191    u_nn_accelerator/u_sum_signed_i0/reduce_layer198[5]_i_1_n_0
    SLICE_X87Y327        FDRE                                         r  u_nn_accelerator/u_sum_signed_i0/reduce_layer198_reg[5]/D
  -------------------------------------------------------------------    -------------------

                         (clock ap_clk rise edge)     0.000     0.000 r  
    J16                                               0.000     0.000 r  ap_clk (IN)
                         net (fo=0)                   0.000     0.000    ap_clk_IBUF_inst/I
    J16                  INBUF (Prop_INBUF_HDIOB_M_PAD_O)
                                                      1.075     1.075 r  ap_clk_IBUF_inst/INBUF_INST/O
                         net (fo=1, routed)           0.000     1.075    ap_clk_IBUF_inst/OUT
    J16                  IBUFCTRL (Prop_IBUFCTRL_HDIOB_M_I_O)
                                                      0.000     1.075 r  ap_clk_IBUF_inst/IBUFCTRL_INST/O
                         net (fo=1, routed)           0.204     1.279    ap_clk_IBUF
    BUFGCE_HDIO_X0Y4     BUFGCE (Prop_BUFCE_BUFGCE_HDIO_I_O)
                                                      0.028     1.307 r  ap_clk_IBUF_BUFG_inst/O
    X4Y5 (CLOCK_ROOT)    net (fo=9844, routed)        1.450     2.757    u_nn_accelerator/u_sum_signed_i0/ap_clk_IBUF_BUFG
    SLICE_X87Y327        FDRE                                         r  u_nn_accelerator/u_sum_signed_i0/reduce_layer198_reg[5]/C
                         clock pessimism             -0.635     2.122    
    SLICE_X87Y327        FDRE (Hold_BFF_SLICEM_C_D)
                                                      0.060     2.182    u_nn_accelerator/u_sum_signed_i0/reduce_layer198_reg[5]
  -------------------------------------------------------------------
                         required time                         -2.182    
                         arrival time                           2.191    
  -------------------------------------------------------------------
                         slack                                  0.009    

Slack (MET) :             0.015ns  (arrival time - required time)
  Source:                 i_memory_reg[387][2]/C
                            (rising edge-triggered cell FDRE clocked by ap_clk  {rise@0.000ns fall@0.500ns period=1.000ns})
  Destination:            u_nn_accelerator/u_sum_signed_i1/reduce_layer193_reg[2]/D
                            (rising edge-triggered cell FDRE clocked by ap_clk  {rise@0.000ns fall@0.500ns period=1.000ns})
  Path Group:             ap_clk
  Path Type:              Hold (Min at Slow Process Corner)
  Requirement:            0.000ns  (ap_clk rise@0.000ns - ap_clk rise@0.000ns)
  Data Path Delay:        0.170ns  (logic 0.081ns (47.788%)  route 0.089ns (52.212%))
  Logic Levels:           1  (LUT6=1)
  Clock Path Skew:        0.095ns (DCD - SCD - CPR)
    Destination Clock Delay (DCD):    2.781ns
    Source Clock Delay      (SCD):    2.045ns
    Clock Pessimism Removal (CPR):    0.641ns
  Clock Net Delay (Source):      1.285ns (routing 0.543ns, distribution 0.742ns)
  Clock Net Delay (Destination): 1.474ns (routing 0.596ns, distribution 0.878ns)

    Location             Delay type                Incr(ns)  Path(ns)    Netlist Resource(s)
  -------------------------------------------------------------------    -------------------
                         (clock ap_clk rise edge)     0.000     0.000 r  
    J16                                               0.000     0.000 r  ap_clk (IN)
                         net (fo=0)                   0.000     0.000    ap_clk_IBUF_inst/I
    J16                  INBUF (Prop_INBUF_HDIOB_M_PAD_O)
                                                      0.567     0.567 r  ap_clk_IBUF_inst/INBUF_INST/O
                         net (fo=1, routed)           0.000     0.567    ap_clk_IBUF_inst/OUT
    J16                  IBUFCTRL (Prop_IBUFCTRL_HDIOB_M_I_O)
                                                      0.000     0.567 r  ap_clk_IBUF_inst/IBUFCTRL_INST/O
                         net (fo=1, routed)           0.169     0.736    ap_clk_IBUF
    BUFGCE_HDIO_X0Y4     BUFGCE (Prop_BUFCE_BUFGCE_HDIO_I_O)
                                                      0.024     0.760 r  ap_clk_IBUF_BUFG_inst/O
    X4Y5 (CLOCK_ROOT)    net (fo=9844, routed)        1.285     2.045    ap_clk_IBUF_BUFG
    SLICE_X100Y332       FDRE                                         r  i_memory_reg[387][2]/C
  -------------------------------------------------------------------    -------------------
    SLICE_X100Y332       FDRE (Prop_BFF_SLICEL_C_Q)
                                                      0.059     2.104 r  i_memory_reg[387][2]/Q
                         net (fo=2, routed)           0.066     2.170    u_nn_accelerator/u_sum_signed_i1/reduce_layer193_reg[4]_0[2]
    SLICE_X102Y332       LUT6 (Prop_A6LUT_SLICEL_I4_O)
                                                      0.022     2.192 r  u_nn_accelerator/u_sum_signed_i1/reduce_layer193[2]_i_1/O
                         net (fo=1, routed)           0.023     2.215    u_nn_accelerator/u_sum_signed_i1/w_reduce_layer193[2]
    SLICE_X102Y332       FDRE                                         r  u_nn_accelerator/u_sum_signed_i1/reduce_layer193_reg[2]/D
  -------------------------------------------------------------------    -------------------

                         (clock ap_clk rise edge)     0.000     0.000 r  
    J16                                               0.000     0.000 r  ap_clk (IN)
                         net (fo=0)                   0.000     0.000    ap_clk_IBUF_inst/I
    J16                  INBUF (Prop_INBUF_HDIOB_M_PAD_O)
                                                      1.075     1.075 r  ap_clk_IBUF_inst/INBUF_INST/O
                         net (fo=1, routed)           0.000     1.075    ap_clk_IBUF_inst/OUT
    J16                  IBUFCTRL (Prop_IBUFCTRL_HDIOB_M_I_O)
                                                      0.000     1.075 r  ap_clk_IBUF_inst/IBUFCTRL_INST/O
                         net (fo=1, routed)           0.204     1.279    ap_clk_IBUF
    BUFGCE_HDIO_X0Y4     BUFGCE (Prop_BUFCE_BUFGCE_HDIO_I_O)
                                                      0.028     1.307 r  ap_clk_IBUF_BUFG_inst/O
    X4Y5 (CLOCK_ROOT)    net (fo=9844, routed)        1.474     2.781    u_nn_accelerator/u_sum_signed_i1/ap_clk_IBUF_BUFG
    SLICE_X102Y332       FDRE                                         r  u_nn_accelerator/u_sum_signed_i1/reduce_layer193_reg[2]/C
                         clock pessimism             -0.641     2.140    
    SLICE_X102Y332       FDRE (Hold_AFF_SLICEL_C_D)
                                                      0.060     2.200    u_nn_accelerator/u_sum_signed_i1/reduce_layer193_reg[2]
  -------------------------------------------------------------------
                         required time                         -2.200    
                         arrival time                           2.215    
  -------------------------------------------------------------------
                         slack                                  0.015    

Slack (MET) :             0.023ns  (arrival time - required time)
  Source:                 q_memory_reg[122][0]/C
                            (rising edge-triggered cell FDRE clocked by ap_clk  {rise@0.000ns fall@0.500ns period=1.000ns})
  Destination:            u_nn_accelerator/u_sum_signed_q0/reduce_layer161_reg[0]/D
                            (rising edge-triggered cell FDRE clocked by ap_clk  {rise@0.000ns fall@0.500ns period=1.000ns})
  Path Group:             ap_clk
  Path Type:              Hold (Min at Slow Process Corner)
  Requirement:            0.000ns  (ap_clk rise@0.000ns - ap_clk rise@0.000ns)
  Data Path Delay:        0.260ns  (logic 0.080ns (30.711%)  route 0.180ns (69.289%))
  Logic Levels:           1  (LUT2=1)
  Clock Path Skew:        0.177ns (DCD - SCD - CPR)
    Destination Clock Delay (DCD):    2.805ns
    Source Clock Delay      (SCD):    1.990ns
    Clock Pessimism Removal (CPR):    0.638ns
  Clock Net Delay (Source):      1.230ns (routing 0.543ns, distribution 0.687ns)
  Clock Net Delay (Destination): 1.498ns (routing 0.596ns, distribution 0.902ns)

    Location             Delay type                Incr(ns)  Path(ns)    Netlist Resource(s)
  -------------------------------------------------------------------    -------------------
                         (clock ap_clk rise edge)     0.000     0.000 r  
    J16                                               0.000     0.000 r  ap_clk (IN)
                         net (fo=0)                   0.000     0.000    ap_clk_IBUF_inst/I
    J16                  INBUF (Prop_INBUF_HDIOB_M_PAD_O)
                                                      0.567     0.567 r  ap_clk_IBUF_inst/INBUF_INST/O
                         net (fo=1, routed)           0.000     0.567    ap_clk_IBUF_inst/OUT
    J16                  IBUFCTRL (Prop_IBUFCTRL_HDIOB_M_I_O)
                                                      0.000     0.567 r  ap_clk_IBUF_inst/IBUFCTRL_INST/O
                         net (fo=1, routed)           0.169     0.736    ap_clk_IBUF
    BUFGCE_HDIO_X0Y4     BUFGCE (Prop_BUFCE_BUFGCE_HDIO_I_O)
                                                      0.024     0.760 r  ap_clk_IBUF_BUFG_inst/O
    X4Y5 (CLOCK_ROOT)    net (fo=9844, routed)        1.230     1.990    ap_clk_IBUF_BUFG
    SLICE_X96Y319        FDRE                                         r  q_memory_reg[122][0]/C
  -------------------------------------------------------------------    -------------------
    SLICE_X96Y319        FDRE (Prop_FFF_SLICEM_C_Q)
                                                      0.057     2.047 r  q_memory_reg[122][0]/Q
                         net (fo=4, routed)           0.155     2.203    u_nn_accelerator/u_sum_signed_q0/reduce_layer161_reg[4]_1[0]
    SLICE_X99Y319        LUT2 (Prop_A6LUT_SLICEM_I0_O)
                                                      0.023     2.226 r  u_nn_accelerator/u_sum_signed_q0/reduce_layer161[0]_i_1/O
                         net (fo=1, routed)           0.025     2.251    u_nn_accelerator/u_sum_signed_q0/w_reduce_layer161[0]
    SLICE_X99Y319        FDRE                                         r  u_nn_accelerator/u_sum_signed_q0/reduce_layer161_reg[0]/D
  -------------------------------------------------------------------    -------------------

                         (clock ap_clk rise edge)     0.000     0.000 r  
    J16                                               0.000     0.000 r  ap_clk (IN)
                         net (fo=0)                   0.000     0.000    ap_clk_IBUF_inst/I
    J16                  INBUF (Prop_INBUF_HDIOB_M_PAD_O)
                                                      1.075     1.075 r  ap_clk_IBUF_inst/INBUF_INST/O
                         net (fo=1, routed)           0.000     1.075    ap_clk_IBUF_inst/OUT
    J16                  IBUFCTRL (Prop_IBUFCTRL_HDIOB_M_I_O)
                                                      0.000     1.075 r  ap_clk_IBUF_inst/IBUFCTRL_INST/O
                         net (fo=1, routed)           0.204     1.279    ap_clk_IBUF
    BUFGCE_HDIO_X0Y4     BUFGCE (Prop_BUFCE_BUFGCE_HDIO_I_O)
                                                      0.028     1.307 r  ap_clk_IBUF_BUFG_inst/O
    X4Y5 (CLOCK_ROOT)    net (fo=9844, routed)        1.498     2.805    u_nn_accelerator/u_sum_signed_q0/ap_clk_IBUF_BUFG
    SLICE_X99Y319        FDRE                                         r  u_nn_accelerator/u_sum_signed_q0/reduce_layer161_reg[0]/C
                         clock pessimism             -0.638     2.167    
    SLICE_X99Y319        FDRE (Hold_AFF_SLICEM_C_D)
                                                      0.060     2.227    u_nn_accelerator/u_sum_signed_q0/reduce_layer161_reg[0]
  -------------------------------------------------------------------
                         required time                         -2.227    
                         arrival time                           2.251    
  -------------------------------------------------------------------
                         slack                                  0.023    

Slack (MET) :             0.024ns  (arrival time - required time)
  Source:                 u_nn_accelerator/u_sum_signed_i1/reduce_layer70_reg[1]/C
                            (rising edge-triggered cell FDRE clocked by ap_clk  {rise@0.000ns fall@0.500ns period=1.000ns})
  Destination:            u_nn_accelerator/u_sum_signed_i1/reduce_layer80_reg[1]/D
                            (rising edge-triggered cell FDRE clocked by ap_clk  {rise@0.000ns fall@0.500ns period=1.000ns})
  Path Group:             ap_clk
  Path Type:              Hold (Min at Slow Process Corner)
  Requirement:            0.000ns  (ap_clk rise@0.000ns - ap_clk rise@0.000ns)
  Data Path Delay:        0.224ns  (logic 0.109ns (48.629%)  route 0.115ns (51.371%))
  Logic Levels:           2  (CARRY8=1 LUT2=1)
  Clock Path Skew:        0.140ns (DCD - SCD - CPR)
    Destination Clock Delay (DCD):    2.771ns
    Source Clock Delay      (SCD):    1.996ns
    Clock Pessimism Removal (CPR):    0.635ns
  Clock Net Delay (Source):      1.236ns (routing 0.543ns, distribution 0.693ns)
  Clock Net Delay (Destination): 1.464ns (routing 0.596ns, distribution 0.868ns)

    Location             Delay type                Incr(ns)  Path(ns)    Netlist Resource(s)
  -------------------------------------------------------------------    -------------------
                         (clock ap_clk rise edge)     0.000     0.000 r  
    J16                                               0.000     0.000 r  ap_clk (IN)
                         net (fo=0)                   0.000     0.000    ap_clk_IBUF_inst/I
    J16                  INBUF (Prop_INBUF_HDIOB_M_PAD_O)
                                                      0.567     0.567 r  ap_clk_IBUF_inst/INBUF_INST/O
                         net (fo=1, routed)           0.000     0.567    ap_clk_IBUF_inst/OUT
    J16                  IBUFCTRL (Prop_IBUFCTRL_HDIOB_M_I_O)
                                                      0.000     0.567 r  ap_clk_IBUF_inst/IBUFCTRL_INST/O
                         net (fo=1, routed)           0.169     0.736    ap_clk_IBUF
    BUFGCE_HDIO_X0Y4     BUFGCE (Prop_BUFCE_BUFGCE_HDIO_I_O)
                                                      0.024     0.760 r  ap_clk_IBUF_BUFG_inst/O
    X4Y5 (CLOCK_ROOT)    net (fo=9844, routed)        1.236     1.996    u_nn_accelerator/u_sum_signed_i1/ap_clk_IBUF_BUFG
    SLICE_X92Y347        FDRE                                         r  u_nn_accelerator/u_sum_signed_i1/reduce_layer70_reg[1]/C
  -------------------------------------------------------------------    -------------------
    SLICE_X92Y347        FDRE (Prop_BFF_SLICEL_C_Q)
                                                      0.059     2.055 r  u_nn_accelerator/u_sum_signed_i1/reduce_layer70_reg[1]/Q
                         net (fo=2, routed)           0.090     2.145    u_nn_accelerator/u_sum_signed_i1/reduce_layer70[1]
    SLICE_X93Y348        LUT2 (Prop_B6LUT_SLICEM_I0_O)
                                                      0.022     2.167 r  u_nn_accelerator/u_sum_signed_i1/reduce_layer80[7]_i_8/O
                         net (fo=1, routed)           0.015     2.182    u_nn_accelerator/u_sum_signed_i1/reduce_layer80[7]_i_8_n_0
    SLICE_X93Y348        CARRY8 (Prop_CARRY8_SLICEM_S[1]_O[1])
                                                      0.028     2.210 r  u_nn_accelerator/u_sum_signed_i1/reduce_layer80_reg[7]_i_1/O[1]
                         net (fo=1, routed)           0.010     2.220    u_nn_accelerator/u_sum_signed_i1/w_reduce_layer80[1]
    SLICE_X93Y348        FDRE                                         r  u_nn_accelerator/u_sum_signed_i1/reduce_layer80_reg[1]/D
  -------------------------------------------------------------------    -------------------

                         (clock ap_clk rise edge)     0.000     0.000 r  
    J16                                               0.000     0.000 r  ap_clk (IN)
                         net (fo=0)                   0.000     0.000    ap_clk_IBUF_inst/I
    J16                  INBUF (Prop_INBUF_HDIOB_M_PAD_O)
                                                      1.075     1.075 r  ap_clk_IBUF_inst/INBUF_INST/O
                         net (fo=1, routed)           0.000     1.075    ap_clk_IBUF_inst/OUT
    J16                  IBUFCTRL (Prop_IBUFCTRL_HDIOB_M_I_O)
                                                      0.000     1.075 r  ap_clk_IBUF_inst/IBUFCTRL_INST/O
                         net (fo=1, routed)           0.204     1.279    ap_clk_IBUF
    BUFGCE_HDIO_X0Y4     BUFGCE (Prop_BUFCE_BUFGCE_HDIO_I_O)
                                                      0.028     1.307 r  ap_clk_IBUF_BUFG_inst/O
    X4Y5 (CLOCK_ROOT)    net (fo=9844, routed)        1.464     2.771    u_nn_accelerator/u_sum_signed_i1/ap_clk_IBUF_BUFG
    SLICE_X93Y348        FDRE                                         r  u_nn_accelerator/u_sum_signed_i1/reduce_layer80_reg[1]/C
                         clock pessimism             -0.635     2.136    
    SLICE_X93Y348        FDRE (Hold_BFF_SLICEM_C_D)
                                                      0.060     2.196    u_nn_accelerator/u_sum_signed_i1/reduce_layer80_reg[1]
  -------------------------------------------------------------------
                         required time                         -2.196    
                         arrival time                           2.220    
  -------------------------------------------------------------------
                         slack                                  0.024    

Slack (MET) :             0.025ns  (arrival time - required time)
  Source:                 u_nn_accelerator/u_sum_signed_q1/reduce_layer221_reg[2]/C
                            (rising edge-triggered cell FDRE clocked by ap_clk  {rise@0.000ns fall@0.500ns period=1.000ns})
  Destination:            u_nn_accelerator/u_sum_signed_q1/reduce_layer310_reg[2]/D
                            (rising edge-triggered cell FDRE clocked by ap_clk  {rise@0.000ns fall@0.500ns period=1.000ns})
  Path Group:             ap_clk
  Path Type:              Hold (Min at Slow Process Corner)
  Requirement:            0.000ns  (ap_clk rise@0.000ns - ap_clk rise@0.000ns)
  Data Path Delay:        0.189ns  (logic 0.106ns (56.085%)  route 0.083ns (43.915%))
  Logic Levels:           2  (CARRY8=1 LUT2=1)
  Clock Path Skew:        0.104ns (DCD - SCD - CPR)
    Destination Clock Delay (DCD):    2.759ns
    Source Clock Delay      (SCD):    2.020ns
    Clock Pessimism Removal (CPR):    0.635ns
  Clock Net Delay (Source):      1.260ns (routing 0.543ns, distribution 0.717ns)
  Clock Net Delay (Destination): 1.452ns (routing 0.596ns, distribution 0.856ns)

    Location             Delay type                Incr(ns)  Path(ns)    Netlist Resource(s)
  -------------------------------------------------------------------    -------------------
                         (clock ap_clk rise edge)     0.000     0.000 r  
    J16                                               0.000     0.000 r  ap_clk (IN)
                         net (fo=0)                   0.000     0.000    ap_clk_IBUF_inst/I
    J16                  INBUF (Prop_INBUF_HDIOB_M_PAD_O)
                                                      0.567     0.567 r  ap_clk_IBUF_inst/INBUF_INST/O
                         net (fo=1, routed)           0.000     0.567    ap_clk_IBUF_inst/OUT
    J16                  IBUFCTRL (Prop_IBUFCTRL_HDIOB_M_I_O)
                                                      0.000     0.567 r  ap_clk_IBUF_inst/IBUFCTRL_INST/O
                         net (fo=1, routed)           0.169     0.736    ap_clk_IBUF
    BUFGCE_HDIO_X0Y4     BUFGCE (Prop_BUFCE_BUFGCE_HDIO_I_O)
                                                      0.024     0.760 r  ap_clk_IBUF_BUFG_inst/O
    X4Y5 (CLOCK_ROOT)    net (fo=9844, routed)        1.260     2.020    u_nn_accelerator/u_sum_signed_q1/ap_clk_IBUF_BUFG
    SLICE_X89Y352        FDRE                                         r  u_nn_accelerator/u_sum_signed_q1/reduce_layer221_reg[2]/C
  -------------------------------------------------------------------    -------------------
    SLICE_X89Y352        FDRE (Prop_CFF_SLICEM_C_Q)
                                                      0.058     2.078 r  u_nn_accelerator/u_sum_signed_q1/reduce_layer221_reg[2]/Q
                         net (fo=1, routed)           0.063     2.141    u_nn_accelerator/u_sum_signed_q1/reduce_layer221[2]
    SLICE_X88Y352        LUT2 (Prop_C6LUT_SLICEL_I1_O)
                                                      0.022     2.163 r  u_nn_accelerator/u_sum_signed_q1/reduce_layer310[7]_i_7/O
                         net (fo=1, routed)           0.010     2.173    u_nn_accelerator/u_sum_signed_q1/reduce_layer310[7]_i_7_n_0
    SLICE_X88Y352        CARRY8 (Prop_CARRY8_SLICEL_S[2]_O[2])
                                                      0.026     2.199 r  u_nn_accelerator/u_sum_signed_q1/reduce_layer310_reg[7]_i_1/O[2]
                         net (fo=1, routed)           0.010     2.209    u_nn_accelerator/u_sum_signed_q1/w_reduce_layer310[2]
    SLICE_X88Y352        FDRE                                         r  u_nn_accelerator/u_sum_signed_q1/reduce_layer310_reg[2]/D
  -------------------------------------------------------------------    -------------------

                         (clock ap_clk rise edge)     0.000     0.000 r  
    J16                                               0.000     0.000 r  ap_clk (IN)
                         net (fo=0)                   0.000     0.000    ap_clk_IBUF_inst/I
    J16                  INBUF (Prop_INBUF_HDIOB_M_PAD_O)
                                                      1.075     1.075 r  ap_clk_IBUF_inst/INBUF_INST/O
                         net (fo=1, routed)           0.000     1.075    ap_clk_IBUF_inst/OUT
    J16                  IBUFCTRL (Prop_IBUFCTRL_HDIOB_M_I_O)
                                                      0.000     1.075 r  ap_clk_IBUF_inst/IBUFCTRL_INST/O
                         net (fo=1, routed)           0.204     1.279    ap_clk_IBUF
    BUFGCE_HDIO_X0Y4     BUFGCE (Prop_BUFCE_BUFGCE_HDIO_I_O)
                                                      0.028     1.307 r  ap_clk_IBUF_BUFG_inst/O
    X4Y5 (CLOCK_ROOT)    net (fo=9844, routed)        1.452     2.759    u_nn_accelerator/u_sum_signed_q1/ap_clk_IBUF_BUFG
    SLICE_X88Y352        FDRE                                         r  u_nn_accelerator/u_sum_signed_q1/reduce_layer310_reg[2]/C
                         clock pessimism             -0.635     2.124    
    SLICE_X88Y352        FDRE (Hold_CFF_SLICEL_C_D)
                                                      0.060     2.184    u_nn_accelerator/u_sum_signed_q1/reduce_layer310_reg[2]
  -------------------------------------------------------------------
                         required time                         -2.184    
                         arrival time                           2.209    
  -------------------------------------------------------------------
                         slack                                  0.025    

Slack (MET) :             0.026ns  (arrival time - required time)
  Source:                 u_nn_accelerator/u_sum_signed_i1/reduce_layer70_reg[1]/C
                            (rising edge-triggered cell FDRE clocked by ap_clk  {rise@0.000ns fall@0.500ns period=1.000ns})
  Destination:            u_nn_accelerator/u_sum_signed_i1/reduce_layer80_reg[2]/D
                            (rising edge-triggered cell FDRE clocked by ap_clk  {rise@0.000ns fall@0.500ns period=1.000ns})
  Path Group:             ap_clk
  Path Type:              Hold (Min at Slow Process Corner)
  Requirement:            0.000ns  (ap_clk rise@0.000ns - ap_clk rise@0.000ns)
  Data Path Delay:        0.226ns  (logic 0.108ns (47.757%)  route 0.118ns (52.243%))
  Logic Levels:           1  (CARRY8=1)
  Clock Path Skew:        0.140ns (DCD - SCD - CPR)
    Destination Clock Delay (DCD):    2.771ns
    Source Clock Delay      (SCD):    1.996ns
    Clock Pessimism Removal (CPR):    0.635ns
  Clock Net Delay (Source):      1.236ns (routing 0.543ns, distribution 0.693ns)
  Clock Net Delay (Destination): 1.464ns (routing 0.596ns, distribution 0.868ns)

    Location             Delay type                Incr(ns)  Path(ns)    Netlist Resource(s)
  -------------------------------------------------------------------    -------------------
                         (clock ap_clk rise edge)     0.000     0.000 r  
    J16                                               0.000     0.000 r  ap_clk (IN)
                         net (fo=0)                   0.000     0.000    ap_clk_IBUF_inst/I
    J16                  INBUF (Prop_INBUF_HDIOB_M_PAD_O)
                                                      0.567     0.567 r  ap_clk_IBUF_inst/INBUF_INST/O
                         net (fo=1, routed)           0.000     0.567    ap_clk_IBUF_inst/OUT
    J16                  IBUFCTRL (Prop_IBUFCTRL_HDIOB_M_I_O)
                                                      0.000     0.567 r  ap_clk_IBUF_inst/IBUFCTRL_INST/O
                         net (fo=1, routed)           0.169     0.736    ap_clk_IBUF
    BUFGCE_HDIO_X0Y4     BUFGCE (Prop_BUFCE_BUFGCE_HDIO_I_O)
                                                      0.024     0.760 r  ap_clk_IBUF_BUFG_inst/O
    X4Y5 (CLOCK_ROOT)    net (fo=9844, routed)        1.236     1.996    u_nn_accelerator/u_sum_signed_i1/ap_clk_IBUF_BUFG
    SLICE_X92Y347        FDRE                                         r  u_nn_accelerator/u_sum_signed_i1/reduce_layer70_reg[1]/C
  -------------------------------------------------------------------    -------------------
    SLICE_X92Y347        FDRE (Prop_BFF_SLICEL_C_Q)
                                                      0.059     2.055 r  u_nn_accelerator/u_sum_signed_i1/reduce_layer70_reg[1]/Q
                         net (fo=2, routed)           0.108     2.163    u_nn_accelerator/u_sum_signed_i1/reduce_layer70[1]
    SLICE_X93Y348        CARRY8 (Prop_CARRY8_SLICEM_DI[1]_O[2])
                                                      0.049     2.212 r  u_nn_accelerator/u_sum_signed_i1/reduce_layer80_reg[7]_i_1/O[2]
                         net (fo=1, routed)           0.010     2.222    u_nn_accelerator/u_sum_signed_i1/w_reduce_layer80[2]
    SLICE_X93Y348        FDRE                                         r  u_nn_accelerator/u_sum_signed_i1/reduce_layer80_reg[2]/D
  -------------------------------------------------------------------    -------------------

                         (clock ap_clk rise edge)     0.000     0.000 r  
    J16                                               0.000     0.000 r  ap_clk (IN)
                         net (fo=0)                   0.000     0.000    ap_clk_IBUF_inst/I
    J16                  INBUF (Prop_INBUF_HDIOB_M_PAD_O)
                                                      1.075     1.075 r  ap_clk_IBUF_inst/INBUF_INST/O
                         net (fo=1, routed)           0.000     1.075    ap_clk_IBUF_inst/OUT
    J16                  IBUFCTRL (Prop_IBUFCTRL_HDIOB_M_I_O)
                                                      0.000     1.075 r  ap_clk_IBUF_inst/IBUFCTRL_INST/O
                         net (fo=1, routed)           0.204     1.279    ap_clk_IBUF
    BUFGCE_HDIO_X0Y4     BUFGCE (Prop_BUFCE_BUFGCE_HDIO_I_O)
                                                      0.028     1.307 r  ap_clk_IBUF_BUFG_inst/O
    X4Y5 (CLOCK_ROOT)    net (fo=9844, routed)        1.464     2.771    u_nn_accelerator/u_sum_signed_i1/ap_clk_IBUF_BUFG
    SLICE_X93Y348        FDRE                                         r  u_nn_accelerator/u_sum_signed_i1/reduce_layer80_reg[2]/C
                         clock pessimism             -0.635     2.136    
    SLICE_X93Y348        FDRE (Hold_CFF_SLICEM_C_D)
                                                      0.060     2.196    u_nn_accelerator/u_sum_signed_i1/reduce_layer80_reg[2]
  -------------------------------------------------------------------
                         required time                         -2.196    
                         arrival time                           2.222    
  -------------------------------------------------------------------
                         slack                                  0.026    

Slack (MET) :             0.026ns  (arrival time - required time)
  Source:                 u_nn_accelerator/u_sum_signed_i1/reduce_layer70_reg[9]/C
                            (rising edge-triggered cell FDRE clocked by ap_clk  {rise@0.000ns fall@0.500ns period=1.000ns})
  Destination:            u_nn_accelerator/u_sum_signed_i1/reduce_layer80_reg[10]/D
                            (rising edge-triggered cell FDRE clocked by ap_clk  {rise@0.000ns fall@0.500ns period=1.000ns})
  Path Group:             ap_clk
  Path Type:              Hold (Min at Slow Process Corner)
  Requirement:            0.000ns  (ap_clk rise@0.000ns - ap_clk rise@0.000ns)
  Data Path Delay:        0.226ns  (logic 0.108ns (47.885%)  route 0.118ns (52.115%))
  Logic Levels:           1  (CARRY8=1)
  Clock Path Skew:        0.139ns (DCD - SCD - CPR)
    Destination Clock Delay (DCD):    2.771ns
    Source Clock Delay      (SCD):    1.997ns
    Clock Pessimism Removal (CPR):    0.635ns
  Clock Net Delay (Source):      1.237ns (routing 0.543ns, distribution 0.694ns)
  Clock Net Delay (Destination): 1.464ns (routing 0.596ns, distribution 0.868ns)

    Location             Delay type                Incr(ns)  Path(ns)    Netlist Resource(s)
  -------------------------------------------------------------------    -------------------
                         (clock ap_clk rise edge)     0.000     0.000 r  
    J16                                               0.000     0.000 r  ap_clk (IN)
                         net (fo=0)                   0.000     0.000    ap_clk_IBUF_inst/I
    J16                  INBUF (Prop_INBUF_HDIOB_M_PAD_O)
                                                      0.567     0.567 r  ap_clk_IBUF_inst/INBUF_INST/O
                         net (fo=1, routed)           0.000     0.567    ap_clk_IBUF_inst/OUT
    J16                  IBUFCTRL (Prop_IBUFCTRL_HDIOB_M_I_O)
                                                      0.000     0.567 r  ap_clk_IBUF_inst/IBUFCTRL_INST/O
                         net (fo=1, routed)           0.169     0.736    ap_clk_IBUF
    BUFGCE_HDIO_X0Y4     BUFGCE (Prop_BUFCE_BUFGCE_HDIO_I_O)
                                                      0.024     0.760 r  ap_clk_IBUF_BUFG_inst/O
    X4Y5 (CLOCK_ROOT)    net (fo=9844, routed)        1.237     1.997    u_nn_accelerator/u_sum_signed_i1/ap_clk_IBUF_BUFG
    SLICE_X92Y348        FDRE                                         r  u_nn_accelerator/u_sum_signed_i1/reduce_layer70_reg[9]/C
  -------------------------------------------------------------------    -------------------
    SLICE_X92Y348        FDRE (Prop_BFF_SLICEL_C_Q)
                                                      0.059     2.056 r  u_nn_accelerator/u_sum_signed_i1/reduce_layer70_reg[9]/Q
                         net (fo=2, routed)           0.108     2.164    u_nn_accelerator/u_sum_signed_i1/reduce_layer70[9]
    SLICE_X93Y349        CARRY8 (Prop_CARRY8_SLICEM_DI[1]_O[2])
                                                      0.049     2.213 r  u_nn_accelerator/u_sum_signed_i1/reduce_layer80_reg[12]_i_1/O[2]
                         net (fo=1, routed)           0.010     2.223    u_nn_accelerator/u_sum_signed_i1/w_reduce_layer80[10]
    SLICE_X93Y349        FDRE                                         r  u_nn_accelerator/u_sum_signed_i1/reduce_layer80_reg[10]/D
  -------------------------------------------------------------------    -------------------

                         (clock ap_clk rise edge)     0.000     0.000 r  
    J16                                               0.000     0.000 r  ap_clk (IN)
                         net (fo=0)                   0.000     0.000    ap_clk_IBUF_inst/I
    J16                  INBUF (Prop_INBUF_HDIOB_M_PAD_O)
                                                      1.075     1.075 r  ap_clk_IBUF_inst/INBUF_INST/O
                         net (fo=1, routed)           0.000     1.075    ap_clk_IBUF_inst/OUT
    J16                  IBUFCTRL (Prop_IBUFCTRL_HDIOB_M_I_O)
                                                      0.000     1.075 r  ap_clk_IBUF_inst/IBUFCTRL_INST/O
                         net (fo=1, routed)           0.204     1.279    ap_clk_IBUF
    BUFGCE_HDIO_X0Y4     BUFGCE (Prop_BUFCE_BUFGCE_HDIO_I_O)
                                                      0.028     1.307 r  ap_clk_IBUF_BUFG_inst/O
    X4Y5 (CLOCK_ROOT)    net (fo=9844, routed)        1.464     2.771    u_nn_accelerator/u_sum_signed_i1/ap_clk_IBUF_BUFG
    SLICE_X93Y349        FDRE                                         r  u_nn_accelerator/u_sum_signed_i1/reduce_layer80_reg[10]/C
                         clock pessimism             -0.635     2.136    
    SLICE_X93Y349        FDRE (Hold_CFF_SLICEM_C_D)
                                                      0.060     2.196    u_nn_accelerator/u_sum_signed_i1/reduce_layer80_reg[10]
  -------------------------------------------------------------------
                         required time                         -2.196    
                         arrival time                           2.223    
  -------------------------------------------------------------------
                         slack                                  0.026    

Slack (MET) :             0.027ns  (arrival time - required time)
  Source:                 u_nn_accelerator/u_sum_signed_i0/reduce_layer244_reg[1]/C
                            (rising edge-triggered cell FDRE clocked by ap_clk  {rise@0.000ns fall@0.500ns period=1.000ns})
  Destination:            u_nn_accelerator/u_sum_signed_i0/reduce_layer322_reg[2]/D
                            (rising edge-triggered cell FDRE clocked by ap_clk  {rise@0.000ns fall@0.500ns period=1.000ns})
  Path Group:             ap_clk
  Path Type:              Hold (Min at Slow Process Corner)
  Requirement:            0.000ns  (ap_clk rise@0.000ns - ap_clk rise@0.000ns)
  Data Path Delay:        0.184ns  (logic 0.106ns (57.529%)  route 0.078ns (42.471%))
  Logic Levels:           1  (CARRY8=1)
  Clock Path Skew:        0.097ns (DCD - SCD - CPR)
    Destination Clock Delay (DCD):    2.806ns
    Source Clock Delay      (SCD):    2.068ns
    Clock Pessimism Removal (CPR):    0.641ns
  Clock Net Delay (Source):      1.307ns (routing 0.543ns, distribution 0.764ns)
  Clock Net Delay (Destination): 1.499ns (routing 0.596ns, distribution 0.903ns)

    Location             Delay type                Incr(ns)  Path(ns)    Netlist Resource(s)
  -------------------------------------------------------------------    -------------------
                         (clock ap_clk rise edge)     0.000     0.000 r  
    J16                                               0.000     0.000 r  ap_clk (IN)
                         net (fo=0)                   0.000     0.000    ap_clk_IBUF_inst/I
    J16                  INBUF (Prop_INBUF_HDIOB_M_PAD_O)
                                                      0.567     0.567 r  ap_clk_IBUF_inst/INBUF_INST/O
                         net (fo=1, routed)           0.000     0.567    ap_clk_IBUF_inst/OUT
    J16                  IBUFCTRL (Prop_IBUFCTRL_HDIOB_M_I_O)
                                                      0.000     0.567 r  ap_clk_IBUF_inst/IBUFCTRL_INST/O
                         net (fo=1, routed)           0.169     0.736    ap_clk_IBUF
    BUFGCE_HDIO_X0Y4     BUFGCE (Prop_BUFCE_BUFGCE_HDIO_I_O)
                                                      0.024     0.760 r  ap_clk_IBUF_BUFG_inst/O
    X4Y5 (CLOCK_ROOT)    net (fo=9844, routed)        1.307     2.068    u_nn_accelerator/u_sum_signed_i0/ap_clk_IBUF_BUFG
    SLICE_X100Y307       FDRE                                         r  u_nn_accelerator/u_sum_signed_i0/reduce_layer244_reg[1]/C
  -------------------------------------------------------------------    -------------------
    SLICE_X100Y307       FDRE (Prop_BFF_SLICEL_C_Q)
                                                      0.059     2.127 r  u_nn_accelerator/u_sum_signed_i0/reduce_layer244_reg[1]/Q
                         net (fo=2, routed)           0.068     2.195    u_nn_accelerator/u_sum_signed_i0/reduce_layer244[1]
    SLICE_X101Y307       CARRY8 (Prop_CARRY8_SLICEL_DI[1]_O[2])
                                                      0.047     2.242 r  u_nn_accelerator/u_sum_signed_i0/reduce_layer322_reg[7]_i_1/O[2]
                         net (fo=1, routed)           0.010     2.252    u_nn_accelerator/u_sum_signed_i0/w_reduce_layer322[2]
    SLICE_X101Y307       FDRE                                         r  u_nn_accelerator/u_sum_signed_i0/reduce_layer322_reg[2]/D
  -------------------------------------------------------------------    -------------------

                         (clock ap_clk rise edge)     0.000     0.000 r  
    J16                                               0.000     0.000 r  ap_clk (IN)
                         net (fo=0)                   0.000     0.000    ap_clk_IBUF_inst/I
    J16                  INBUF (Prop_INBUF_HDIOB_M_PAD_O)
                                                      1.075     1.075 r  ap_clk_IBUF_inst/INBUF_INST/O
                         net (fo=1, routed)           0.000     1.075    ap_clk_IBUF_inst/OUT
    J16                  IBUFCTRL (Prop_IBUFCTRL_HDIOB_M_I_O)
                                                      0.000     1.075 r  ap_clk_IBUF_inst/IBUFCTRL_INST/O
                         net (fo=1, routed)           0.204     1.279    ap_clk_IBUF
    BUFGCE_HDIO_X0Y4     BUFGCE (Prop_BUFCE_BUFGCE_HDIO_I_O)
                                                      0.028     1.307 r  ap_clk_IBUF_BUFG_inst/O
    X4Y5 (CLOCK_ROOT)    net (fo=9844, routed)        1.499     2.806    u_nn_accelerator/u_sum_signed_i0/ap_clk_IBUF_BUFG
    SLICE_X101Y307       FDRE                                         r  u_nn_accelerator/u_sum_signed_i0/reduce_layer322_reg[2]/C
                         clock pessimism             -0.641     2.165    
    SLICE_X101Y307       FDRE (Hold_CFF_SLICEL_C_D)
                                                      0.060     2.225    u_nn_accelerator/u_sum_signed_i0/reduce_layer322_reg[2]
  -------------------------------------------------------------------
                         required time                         -2.225    
                         arrival time                           2.252    
  -------------------------------------------------------------------
                         slack                                  0.027    





Pulse Width Checks
--------------------------------------------------------------------------------------
Clock Name:         ap_clk
Waveform(ns):       { 0.000 0.500 }
Period(ns):         1.000
Sources:            { ap_clk }

Check Type        Corner  Lib Pin     Reference Pin  Required(ns)  Actual(ns)  Slack(ns)  Location          Pin
Min Period        n/a     BUFGCE/I    n/a            1.290         1.000       -0.290     BUFGCE_HDIO_X0Y4  ap_clk_IBUF_BUFG_inst/I
Min Period        n/a     SRL16E/CLK  n/a            1.064         1.000       -0.064     SLICE_X89Y309     u_nn_accelerator/u_sum_signed_i0/reduce_layer412_reg[0]_srl2___u_nn_accelerator_u_sum_signed_i0_reduce_layer412_reg_r/CLK
Min Period        n/a     SRL16E/CLK  n/a            1.064         1.000       -0.064     SLICE_X89Y309     u_nn_accelerator/u_sum_signed_i0/reduce_layer412_reg[1]_srl2___u_nn_accelerator_u_sum_signed_i0_reduce_layer412_reg_r/CLK
Min Period        n/a     SRL16E/CLK  n/a            1.064         1.000       -0.064     SLICE_X89Y309     u_nn_accelerator/u_sum_signed_i0/reduce_layer412_reg[2]_srl2___u_nn_accelerator_u_sum_signed_i0_reduce_layer412_reg_r/CLK
Min Period        n/a     SRL16E/CLK  n/a            1.064         1.000       -0.064     SLICE_X89Y309     u_nn_accelerator/u_sum_signed_i0/reduce_layer412_reg[3]_srl2___u_nn_accelerator_u_sum_signed_i0_reduce_layer412_reg_r/CLK
Min Period        n/a     SRL16E/CLK  n/a            1.064         1.000       -0.064     SLICE_X89Y309     u_nn_accelerator/u_sum_signed_i0/reduce_layer412_reg[4]_srl2___u_nn_accelerator_u_sum_signed_i0_reduce_layer412_reg_r/CLK
Min Period        n/a     SRL16E/CLK  n/a            1.064         1.000       -0.064     SLICE_X89Y309     u_nn_accelerator/u_sum_signed_i0/reduce_layer412_reg[5]_srl2___u_nn_accelerator_u_sum_signed_i0_reduce_layer412_reg_r/CLK
Min Period        n/a     SRL16E/CLK  n/a            1.064         1.000       -0.064     SLICE_X89Y309     u_nn_accelerator/u_sum_signed_i0/reduce_layer412_reg[6]_srl2___u_nn_accelerator_u_sum_signed_i0_reduce_layer412_reg_r/CLK
Min Period        n/a     SRL16E/CLK  n/a            1.064         1.000       -0.064     SLICE_X89Y309     u_nn_accelerator/u_sum_signed_i0/reduce_layer412_reg[7]_srl2___u_nn_accelerator_u_sum_signed_i0_reduce_layer412_reg_r/CLK
Min Period        n/a     SRL16E/CLK  n/a            1.064         1.000       -0.064     SLICE_X107Y346    u_nn_accelerator/u_sum_signed_i1/reduce_layer412_reg[0]_srl2___u_nn_accelerator_u_sum_signed_i0_reduce_layer412_reg_r/CLK
Low Pulse Width   Fast    SRL16E/CLK  n/a            0.532         0.500       -0.032     SLICE_X107Y346    u_nn_accelerator/u_sum_signed_i1/reduce_layer412_reg[0]_srl2___u_nn_accelerator_u_sum_signed_i0_reduce_layer412_reg_r/CLK
Low Pulse Width   Fast    SRL16E/CLK  n/a            0.532         0.500       -0.032     SLICE_X107Y346    u_nn_accelerator/u_sum_signed_i1/reduce_layer412_reg[1]_srl2___u_nn_accelerator_u_sum_signed_i0_reduce_layer412_reg_r/CLK
Low Pulse Width   Fast    SRL16E/CLK  n/a            0.532         0.500       -0.032     SLICE_X107Y346    u_nn_accelerator/u_sum_signed_i1/reduce_layer412_reg[2]_srl2___u_nn_accelerator_u_sum_signed_i0_reduce_layer412_reg_r/CLK
Low Pulse Width   Fast    SRL16E/CLK  n/a            0.532         0.500       -0.032     SLICE_X107Y346    u_nn_accelerator/u_sum_signed_i1/reduce_layer412_reg[3]_srl2___u_nn_accelerator_u_sum_signed_i0_reduce_layer412_reg_r/CLK
Low Pulse Width   Fast    SRL16E/CLK  n/a            0.532         0.500       -0.032     SLICE_X107Y346    u_nn_accelerator/u_sum_signed_i1/reduce_layer412_reg[4]_srl2___u_nn_accelerator_u_sum_signed_i0_reduce_layer412_reg_r/CLK
Low Pulse Width   Fast    SRL16E/CLK  n/a            0.532         0.500       -0.032     SLICE_X107Y346    u_nn_accelerator/u_sum_signed_i1/reduce_layer412_reg[5]_srl2___u_nn_accelerator_u_sum_signed_i0_reduce_layer412_reg_r/CLK
Low Pulse Width   Fast    SRL16E/CLK  n/a            0.532         0.500       -0.032     SLICE_X107Y346    u_nn_accelerator/u_sum_signed_i1/reduce_layer412_reg[6]_srl2___u_nn_accelerator_u_sum_signed_i0_reduce_layer412_reg_r/CLK
Low Pulse Width   Fast    SRL16E/CLK  n/a            0.532         0.500       -0.032     SLICE_X107Y346    u_nn_accelerator/u_sum_signed_i1/reduce_layer412_reg[7]_srl2___u_nn_accelerator_u_sum_signed_i0_reduce_layer412_reg_r/CLK
Low Pulse Width   Fast    SRL16E/CLK  n/a            0.532         0.500       -0.032     SLICE_X107Y344    u_nn_accelerator/u_sum_signed_q1/reduce_layer412_reg[0]_srl2___u_nn_accelerator_u_sum_signed_i0_reduce_layer412_reg_r/CLK
Low Pulse Width   Fast    SRL16E/CLK  n/a            0.532         0.500       -0.032     SLICE_X107Y344    u_nn_accelerator/u_sum_signed_q1/reduce_layer412_reg[1]_srl2___u_nn_accelerator_u_sum_signed_i0_reduce_layer412_reg_r/CLK
High Pulse Width  Slow    SRL16E/CLK  n/a            0.532         0.500       -0.032     SLICE_X89Y309     u_nn_accelerator/u_sum_signed_i0/reduce_layer412_reg[0]_srl2___u_nn_accelerator_u_sum_signed_i0_reduce_layer412_reg_r/CLK
High Pulse Width  Slow    SRL16E/CLK  n/a            0.532         0.500       -0.032     SLICE_X107Y344    u_nn_accelerator/u_sum_signed_q1/reduce_layer412_reg[0]_srl2___u_nn_accelerator_u_sum_signed_i0_reduce_layer412_reg_r/CLK
High Pulse Width  Slow    SRL16E/CLK  n/a            0.532         0.500       -0.032     SLICE_X107Y344    u_nn_accelerator/u_sum_signed_q1/reduce_layer412_reg[1]_srl2___u_nn_accelerator_u_sum_signed_i0_reduce_layer412_reg_r/CLK
High Pulse Width  Slow    SRL16E/CLK  n/a            0.532         0.500       -0.032     SLICE_X107Y344    u_nn_accelerator/u_sum_signed_q1/reduce_layer412_reg[2]_srl2___u_nn_accelerator_u_sum_signed_i0_reduce_layer412_reg_r/CLK
High Pulse Width  Slow    SRL16E/CLK  n/a            0.532         0.500       -0.032     SLICE_X107Y344    u_nn_accelerator/u_sum_signed_q1/reduce_layer412_reg[3]_srl2___u_nn_accelerator_u_sum_signed_i0_reduce_layer412_reg_r/CLK
High Pulse Width  Slow    SRL16E/CLK  n/a            0.532         0.500       -0.032     SLICE_X107Y344    u_nn_accelerator/u_sum_signed_q1/reduce_layer412_reg[4]_srl2___u_nn_accelerator_u_sum_signed_i0_reduce_layer412_reg_r/CLK
High Pulse Width  Slow    SRL16E/CLK  n/a            0.532         0.500       -0.032     SLICE_X107Y344    u_nn_accelerator/u_sum_signed_q1/reduce_layer412_reg[5]_srl2___u_nn_accelerator_u_sum_signed_i0_reduce_layer412_reg_r/CLK
High Pulse Width  Slow    SRL16E/CLK  n/a            0.532         0.500       -0.032     SLICE_X107Y344    u_nn_accelerator/u_sum_signed_q1/reduce_layer412_reg[6]_srl2___u_nn_accelerator_u_sum_signed_i0_reduce_layer412_reg_r/CLK
High Pulse Width  Slow    SRL16E/CLK  n/a            0.532         0.500       -0.032     SLICE_X107Y344    u_nn_accelerator/u_sum_signed_q1/reduce_layer412_reg[7]_srl2___u_nn_accelerator_u_sum_signed_i0_reduce_layer412_reg_r/CLK
High Pulse Width  Fast    SRL16E/CLK  n/a            0.532         0.500       -0.032     SLICE_X89Y309     u_nn_accelerator/u_sum_signed_i0/reduce_layer412_reg[0]_srl2___u_nn_accelerator_u_sum_signed_i0_reduce_layer412_reg_r/CLK



--------------------------------------------------------------------------------------
Path Group:  (none)
From Clock:  ap_clk
  To Clock:  

Max Delay            17 Endpoints
Min Delay            17 Endpoints
--------------------------------------------------------------------------------------


Max Delay Paths
--------------------------------------------------------------------------------------
Slack:                    inf
  Source:                 out_DATA_reg[0]/C
                            (rising edge-triggered cell FDCE clocked by ap_clk  {rise@0.000ns fall@0.500ns period=1.000ns})
  Destination:            out_DATA[0]
                            (output port)
  Path Group:             (none)
  Path Type:              Max at Slow Process Corner
  Data Path Delay:        3.994ns  (logic 2.443ns (61.166%)  route 1.551ns (38.834%))
  Logic Levels:           1  (OBUF=1)
  Clock Uncertainty:      0.025ns  ((TSJ^2 + TIJ^2)^1/2 + DJ) / 2 + PE
    Total System Jitter     (TSJ):    0.050ns
    Total Input Jitter      (TIJ):    0.000ns
    Discrete Jitter          (DJ):    0.000ns
    Phase Error              (PE):    0.000ns
  Clock Net Delay (Source):      1.411ns (routing 0.596ns, distribution 0.815ns)

    Location             Delay type                Incr(ns)  Path(ns)    Netlist Resource(s)
  -------------------------------------------------------------------    -------------------
                         (clock ap_clk rise edge)     0.000     0.000 r  
    J16                                               0.000     0.000 r  ap_clk (IN)
                         net (fo=0)                   0.000     0.000    ap_clk_IBUF_inst/I
    J16                  INBUF (Prop_INBUF_HDIOB_M_PAD_O)
                                                      1.075     1.075 r  ap_clk_IBUF_inst/INBUF_INST/O
                         net (fo=1, routed)           0.000     1.075    ap_clk_IBUF_inst/OUT
    J16                  IBUFCTRL (Prop_IBUFCTRL_HDIOB_M_I_O)
                                                      0.000     1.075 r  ap_clk_IBUF_inst/IBUFCTRL_INST/O
                         net (fo=1, routed)           0.204     1.279    ap_clk_IBUF
    BUFGCE_HDIO_X0Y4     BUFGCE (Prop_BUFCE_BUFGCE_HDIO_I_O)
                                                      0.028     1.307 r  ap_clk_IBUF_BUFG_inst/O
    X4Y5 (CLOCK_ROOT)    net (fo=9844, routed)        1.411     2.718    ap_clk_IBUF_BUFG
    SLICE_X91Y359        FDCE                                         r  out_DATA_reg[0]/C
  -------------------------------------------------------------------    -------------------
    SLICE_X91Y359        FDCE (Prop_DFF_SLICEL_C_Q)
                                                      0.079     2.797 r  out_DATA_reg[0]/Q
                         net (fo=1, routed)           1.551     4.348    out_DATA_OBUF[0]
    H14                  OBUF (Prop_OUTBUF_HDIOB_S_I_O)
                                                      2.364     6.712 r  out_DATA_OBUF[0]_inst/O
                         net (fo=0)                   0.000     6.712    out_DATA[0]
    H14                                                               r  out_DATA[0] (OUT)
  -------------------------------------------------------------------    -------------------

Slack:                    inf
  Source:                 out_DATA_reg[1]/C
                            (rising edge-triggered cell FDCE clocked by ap_clk  {rise@0.000ns fall@0.500ns period=1.000ns})
  Destination:            out_DATA[1]
                            (output port)
  Path Group:             (none)
  Path Type:              Max at Slow Process Corner
  Data Path Delay:        3.932ns  (logic 2.442ns (62.109%)  route 1.490ns (37.891%))
  Logic Levels:           1  (OBUF=1)
  Clock Uncertainty:      0.025ns  ((TSJ^2 + TIJ^2)^1/2 + DJ) / 2 + PE
    Total System Jitter     (TSJ):    0.050ns
    Total Input Jitter      (TIJ):    0.000ns
    Discrete Jitter          (DJ):    0.000ns
    Phase Error              (PE):    0.000ns
  Clock Net Delay (Source):      1.411ns (routing 0.596ns, distribution 0.815ns)

    Location             Delay type                Incr(ns)  Path(ns)    Netlist Resource(s)
  -------------------------------------------------------------------    -------------------
                         (clock ap_clk rise edge)     0.000     0.000 r  
    J16                                               0.000     0.000 r  ap_clk (IN)
                         net (fo=0)                   0.000     0.000    ap_clk_IBUF_inst/I
    J16                  INBUF (Prop_INBUF_HDIOB_M_PAD_O)
                                                      1.075     1.075 r  ap_clk_IBUF_inst/INBUF_INST/O
                         net (fo=1, routed)           0.000     1.075    ap_clk_IBUF_inst/OUT
    J16                  IBUFCTRL (Prop_IBUFCTRL_HDIOB_M_I_O)
                                                      0.000     1.075 r  ap_clk_IBUF_inst/IBUFCTRL_INST/O
                         net (fo=1, routed)           0.204     1.279    ap_clk_IBUF
    BUFGCE_HDIO_X0Y4     BUFGCE (Prop_BUFCE_BUFGCE_HDIO_I_O)
                                                      0.028     1.307 r  ap_clk_IBUF_BUFG_inst/O
    X4Y5 (CLOCK_ROOT)    net (fo=9844, routed)        1.411     2.718    ap_clk_IBUF_BUFG
    SLICE_X91Y359        FDCE                                         r  out_DATA_reg[1]/C
  -------------------------------------------------------------------    -------------------
    SLICE_X91Y359        FDCE (Prop_BFF_SLICEL_C_Q)
                                                      0.079     2.797 r  out_DATA_reg[1]/Q
                         net (fo=1, routed)           1.490     4.287    out_DATA_OBUF[1]
    H13                  OBUF (Prop_OUTBUF_HDIOB_M_I_O)
                                                      2.363     6.650 r  out_DATA_OBUF[1]_inst/O
                         net (fo=0)                   0.000     6.650    out_DATA[1]
    H13                                                               r  out_DATA[1] (OUT)
  -------------------------------------------------------------------    -------------------

Slack:                    inf
  Source:                 out_WE_reg/C
                            (rising edge-triggered cell FDCE clocked by ap_clk  {rise@0.000ns fall@0.500ns period=1.000ns})
  Destination:            out_WE
                            (output port)
  Path Group:             (none)
  Path Type:              Max at Slow Process Corner
  Data Path Delay:        3.737ns  (logic 2.466ns (65.991%)  route 1.271ns (34.009%))
  Logic Levels:           1  (OBUF=1)
  Clock Uncertainty:      0.025ns  ((TSJ^2 + TIJ^2)^1/2 + DJ) / 2 + PE
    Total System Jitter     (TSJ):    0.050ns
    Total Input Jitter      (TIJ):    0.000ns
    Discrete Jitter          (DJ):    0.000ns
    Phase Error              (PE):    0.000ns
  Clock Net Delay (Source):      1.480ns (routing 0.596ns, distribution 0.884ns)

    Location             Delay type                Incr(ns)  Path(ns)    Netlist Resource(s)
  -------------------------------------------------------------------    -------------------
                         (clock ap_clk rise edge)     0.000     0.000 r  
    J16                                               0.000     0.000 r  ap_clk (IN)
                         net (fo=0)                   0.000     0.000    ap_clk_IBUF_inst/I
    J16                  INBUF (Prop_INBUF_HDIOB_M_PAD_O)
                                                      1.075     1.075 r  ap_clk_IBUF_inst/INBUF_INST/O
                         net (fo=1, routed)           0.000     1.075    ap_clk_IBUF_inst/OUT
    J16                  IBUFCTRL (Prop_IBUFCTRL_HDIOB_M_I_O)
                                                      0.000     1.075 r  ap_clk_IBUF_inst/IBUFCTRL_INST/O
                         net (fo=1, routed)           0.204     1.279    ap_clk_IBUF
    BUFGCE_HDIO_X0Y4     BUFGCE (Prop_BUFCE_BUFGCE_HDIO_I_O)
                                                      0.028     1.307 r  ap_clk_IBUF_BUFG_inst/O
    X4Y5 (CLOCK_ROOT)    net (fo=9844, routed)        1.480     2.787    ap_clk_IBUF_BUFG
    SLICE_X98Y341        FDCE                                         r  out_WE_reg/C
  -------------------------------------------------------------------    -------------------
    SLICE_X98Y341        FDCE (Prop_DFF2_SLICEL_C_Q)
                                                      0.081     2.868 r  out_WE_reg/Q
                         net (fo=1, routed)           1.271     4.139    out_WE_OBUF
    J14                  OBUF (Prop_OUTBUF_HDIOB_M_I_O)
                                                      2.385     6.524 r  out_WE_OBUF_inst/O
                         net (fo=0)                   0.000     6.524    out_WE
    J14                                                               r  out_WE (OUT)
  -------------------------------------------------------------------    -------------------

Slack:                    inf
  Source:                 pred_addr_reg_reg[0]/C
                            (rising edge-triggered cell FDCE clocked by ap_clk  {rise@0.000ns fall@0.500ns period=1.000ns})
  Destination:            out_ADDR[0]
                            (output port)
  Path Group:             (none)
  Path Type:              Max at Slow Process Corner
  Data Path Delay:        3.362ns  (logic 2.449ns (72.857%)  route 0.913ns (27.143%))
  Logic Levels:           1  (OBUF=1)
  Clock Uncertainty:      0.025ns  ((TSJ^2 + TIJ^2)^1/2 + DJ) / 2 + PE
    Total System Jitter     (TSJ):    0.050ns
    Total Input Jitter      (TIJ):    0.000ns
    Discrete Jitter          (DJ):    0.000ns
    Phase Error              (PE):    0.000ns
  Clock Net Delay (Source):      1.388ns (routing 0.596ns, distribution 0.792ns)

    Location             Delay type                Incr(ns)  Path(ns)    Netlist Resource(s)
  -------------------------------------------------------------------    -------------------
                         (clock ap_clk rise edge)     0.000     0.000 r  
    J16                                               0.000     0.000 r  ap_clk (IN)
                         net (fo=0)                   0.000     0.000    ap_clk_IBUF_inst/I
    J16                  INBUF (Prop_INBUF_HDIOB_M_PAD_O)
                                                      1.075     1.075 r  ap_clk_IBUF_inst/INBUF_INST/O
                         net (fo=1, routed)           0.000     1.075    ap_clk_IBUF_inst/OUT
    J16                  IBUFCTRL (Prop_IBUFCTRL_HDIOB_M_I_O)
                                                      0.000     1.075 r  ap_clk_IBUF_inst/IBUFCTRL_INST/O
                         net (fo=1, routed)           0.204     1.279    ap_clk_IBUF
    BUFGCE_HDIO_X0Y4     BUFGCE (Prop_BUFCE_BUFGCE_HDIO_I_O)
                                                      0.028     1.307 r  ap_clk_IBUF_BUFG_inst/O
    X4Y5 (CLOCK_ROOT)    net (fo=9844, routed)        1.388     2.695    ap_clk_IBUF_BUFG
    SLICE_X96Y329        FDCE                                         r  pred_addr_reg_reg[0]/C
  -------------------------------------------------------------------    -------------------
    SLICE_X96Y329        FDCE (Prop_HFF_SLICEM_C_Q)
                                                      0.079     2.774 r  pred_addr_reg_reg[0]/Q
                         net (fo=3, routed)           0.913     3.687    out_ADDR_OBUF[0]
    E10                  OBUF (Prop_OUTBUF_HDIOB_M_I_O)
                                                      2.370     6.057 r  out_ADDR_OBUF[0]_inst/O
                         net (fo=0)                   0.000     6.057    out_ADDR[0]
    E10                                                               r  out_ADDR[0] (OUT)
  -------------------------------------------------------------------    -------------------

Slack:                    inf
  Source:                 pred_addr_reg_reg[12]/C
                            (rising edge-triggered cell FDCE clocked by ap_clk  {rise@0.000ns fall@0.500ns period=1.000ns})
  Destination:            out_ADDR[12]
                            (output port)
  Path Group:             (none)
  Path Type:              Max at Slow Process Corner
  Data Path Delay:        3.141ns  (logic 2.443ns (77.771%)  route 0.698ns (22.229%))
  Logic Levels:           1  (OBUF=1)
  Clock Uncertainty:      0.025ns  ((TSJ^2 + TIJ^2)^1/2 + DJ) / 2 + PE
    Total System Jitter     (TSJ):    0.050ns
    Total Input Jitter      (TIJ):    0.000ns
    Discrete Jitter          (DJ):    0.000ns
    Phase Error              (PE):    0.000ns
  Clock Net Delay (Source):      1.510ns (routing 0.596ns, distribution 0.914ns)

    Location             Delay type                Incr(ns)  Path(ns)    Netlist Resource(s)
  -------------------------------------------------------------------    -------------------
                         (clock ap_clk rise edge)     0.000     0.000 r  
    J16                                               0.000     0.000 r  ap_clk (IN)
                         net (fo=0)                   0.000     0.000    ap_clk_IBUF_inst/I
    J16                  INBUF (Prop_INBUF_HDIOB_M_PAD_O)
                                                      1.075     1.075 r  ap_clk_IBUF_inst/INBUF_INST/O
                         net (fo=1, routed)           0.000     1.075    ap_clk_IBUF_inst/OUT
    J16                  IBUFCTRL (Prop_IBUFCTRL_HDIOB_M_I_O)
                                                      0.000     1.075 r  ap_clk_IBUF_inst/IBUFCTRL_INST/O
                         net (fo=1, routed)           0.204     1.279    ap_clk_IBUF
    BUFGCE_HDIO_X0Y4     BUFGCE (Prop_BUFCE_BUFGCE_HDIO_I_O)
                                                      0.028     1.307 r  ap_clk_IBUF_BUFG_inst/O
    X4Y5 (CLOCK_ROOT)    net (fo=9844, routed)        1.510     2.817    ap_clk_IBUF_BUFG
    SLICE_X107Y319       FDCE                                         r  pred_addr_reg_reg[12]/C
  -------------------------------------------------------------------    -------------------
    SLICE_X107Y319       FDCE (Prop_DFF_SLICEM_C_Q)
                                                      0.078     2.895 r  pred_addr_reg_reg[12]/Q
                         net (fo=2, routed)           0.698     3.594    out_ADDR_OBUF[12]
    K12                  OBUF (Prop_OUTBUF_HDIOB_M_I_O)
                                                      2.365     5.959 r  out_ADDR_OBUF[12]_inst/O
                         net (fo=0)                   0.000     5.959    out_ADDR[12]
    K12                                                               r  out_ADDR[12] (OUT)
  -------------------------------------------------------------------    -------------------

Slack:                    inf
  Source:                 pred_addr_reg_reg[10]/C
                            (rising edge-triggered cell FDCE clocked by ap_clk  {rise@0.000ns fall@0.500ns period=1.000ns})
  Destination:            out_ADDR[10]
                            (output port)
  Path Group:             (none)
  Path Type:              Max at Slow Process Corner
  Data Path Delay:        3.132ns  (logic 2.432ns (77.641%)  route 0.700ns (22.359%))
  Logic Levels:           1  (OBUF=1)
  Clock Uncertainty:      0.025ns  ((TSJ^2 + TIJ^2)^1/2 + DJ) / 2 + PE
    Total System Jitter     (TSJ):    0.050ns
    Total Input Jitter      (TIJ):    0.000ns
    Discrete Jitter          (DJ):    0.000ns
    Phase Error              (PE):    0.000ns
  Clock Net Delay (Source):      1.510ns (routing 0.596ns, distribution 0.914ns)

    Location             Delay type                Incr(ns)  Path(ns)    Netlist Resource(s)
  -------------------------------------------------------------------    -------------------
                         (clock ap_clk rise edge)     0.000     0.000 r  
    J16                                               0.000     0.000 r  ap_clk (IN)
                         net (fo=0)                   0.000     0.000    ap_clk_IBUF_inst/I
    J16                  INBUF (Prop_INBUF_HDIOB_M_PAD_O)
                                                      1.075     1.075 r  ap_clk_IBUF_inst/INBUF_INST/O
                         net (fo=1, routed)           0.000     1.075    ap_clk_IBUF_inst/OUT
    J16                  IBUFCTRL (Prop_IBUFCTRL_HDIOB_M_I_O)
                                                      0.000     1.075 r  ap_clk_IBUF_inst/IBUFCTRL_INST/O
                         net (fo=1, routed)           0.204     1.279    ap_clk_IBUF
    BUFGCE_HDIO_X0Y4     BUFGCE (Prop_BUFCE_BUFGCE_HDIO_I_O)
                                                      0.028     1.307 r  ap_clk_IBUF_BUFG_inst/O
    X4Y5 (CLOCK_ROOT)    net (fo=9844, routed)        1.510     2.817    ap_clk_IBUF_BUFG
    SLICE_X107Y319       FDCE                                         r  pred_addr_reg_reg[10]/C
  -------------------------------------------------------------------    -------------------
    SLICE_X107Y319       FDCE (Prop_BFF_SLICEM_C_Q)
                                                      0.078     2.895 r  pred_addr_reg_reg[10]/Q
                         net (fo=2, routed)           0.700     3.596    out_ADDR_OBUF[10]
    J12                  OBUF (Prop_OUTBUF_HDIOB_M_I_O)
                                                      2.354     5.949 r  out_ADDR_OBUF[10]_inst/O
                         net (fo=0)                   0.000     5.949    out_ADDR[10]
    J12                                                               r  out_ADDR[10] (OUT)
  -------------------------------------------------------------------    -------------------

Slack:                    inf
  Source:                 pred_addr_reg_reg[8]/C
                            (rising edge-triggered cell FDCE clocked by ap_clk  {rise@0.000ns fall@0.500ns period=1.000ns})
  Destination:            out_ADDR[8]
                            (output port)
  Path Group:             (none)
  Path Type:              Max at Slow Process Corner
  Data Path Delay:        3.129ns  (logic 2.452ns (78.384%)  route 0.676ns (21.616%))
  Logic Levels:           1  (OBUF=1)
  Clock Uncertainty:      0.025ns  ((TSJ^2 + TIJ^2)^1/2 + DJ) / 2 + PE
    Total System Jitter     (TSJ):    0.050ns
    Total Input Jitter      (TIJ):    0.000ns
    Discrete Jitter          (DJ):    0.000ns
    Phase Error              (PE):    0.000ns
  Clock Net Delay (Source):      1.510ns (routing 0.596ns, distribution 0.914ns)

    Location             Delay type                Incr(ns)  Path(ns)    Netlist Resource(s)
  -------------------------------------------------------------------    -------------------
                         (clock ap_clk rise edge)     0.000     0.000 r  
    J16                                               0.000     0.000 r  ap_clk (IN)
                         net (fo=0)                   0.000     0.000    ap_clk_IBUF_inst/I
    J16                  INBUF (Prop_INBUF_HDIOB_M_PAD_O)
                                                      1.075     1.075 r  ap_clk_IBUF_inst/INBUF_INST/O
                         net (fo=1, routed)           0.000     1.075    ap_clk_IBUF_inst/OUT
    J16                  IBUFCTRL (Prop_IBUFCTRL_HDIOB_M_I_O)
                                                      0.000     1.075 r  ap_clk_IBUF_inst/IBUFCTRL_INST/O
                         net (fo=1, routed)           0.204     1.279    ap_clk_IBUF
    BUFGCE_HDIO_X0Y4     BUFGCE (Prop_BUFCE_BUFGCE_HDIO_I_O)
                                                      0.028     1.307 r  ap_clk_IBUF_BUFG_inst/O
    X4Y5 (CLOCK_ROOT)    net (fo=9844, routed)        1.510     2.817    ap_clk_IBUF_BUFG
    SLICE_X107Y318       FDCE                                         r  pred_addr_reg_reg[8]/C
  -------------------------------------------------------------------    -------------------
    SLICE_X107Y318       FDCE (Prop_HFF_SLICEM_C_Q)
                                                      0.079     2.896 r  pred_addr_reg_reg[8]/Q
                         net (fo=2, routed)           0.676     3.573    out_ADDR_OBUF[8]
    H10                  OBUF (Prop_OUTBUF_HDIOB_M_I_O)
                                                      2.373     5.946 r  out_ADDR_OBUF[8]_inst/O
                         net (fo=0)                   0.000     5.946    out_ADDR[8]
    H10                                                               r  out_ADDR[8] (OUT)
  -------------------------------------------------------------------    -------------------

Slack:                    inf
  Source:                 pred_addr_reg_reg[1]/C
                            (rising edge-triggered cell FDCE clocked by ap_clk  {rise@0.000ns fall@0.500ns period=1.000ns})
  Destination:            out_ADDR[1]
                            (output port)
  Path Group:             (none)
  Path Type:              Max at Slow Process Corner
  Data Path Delay:        3.115ns  (logic 2.447ns (78.548%)  route 0.668ns (21.452%))
  Logic Levels:           1  (OBUF=1)
  Clock Uncertainty:      0.025ns  ((TSJ^2 + TIJ^2)^1/2 + DJ) / 2 + PE
    Total System Jitter     (TSJ):    0.050ns
    Total Input Jitter      (TIJ):    0.000ns
    Discrete Jitter          (DJ):    0.000ns
    Phase Error              (PE):    0.000ns
  Clock Net Delay (Source):      1.511ns (routing 0.596ns, distribution 0.915ns)

    Location             Delay type                Incr(ns)  Path(ns)    Netlist Resource(s)
  -------------------------------------------------------------------    -------------------
                         (clock ap_clk rise edge)     0.000     0.000 r  
    J16                                               0.000     0.000 r  ap_clk (IN)
                         net (fo=0)                   0.000     0.000    ap_clk_IBUF_inst/I
    J16                  INBUF (Prop_INBUF_HDIOB_M_PAD_O)
                                                      1.075     1.075 r  ap_clk_IBUF_inst/INBUF_INST/O
                         net (fo=1, routed)           0.000     1.075    ap_clk_IBUF_inst/OUT
    J16                  IBUFCTRL (Prop_IBUFCTRL_HDIOB_M_I_O)
                                                      0.000     1.075 r  ap_clk_IBUF_inst/IBUFCTRL_INST/O
                         net (fo=1, routed)           0.204     1.279    ap_clk_IBUF
    BUFGCE_HDIO_X0Y4     BUFGCE (Prop_BUFCE_BUFGCE_HDIO_I_O)
                                                      0.028     1.307 r  ap_clk_IBUF_BUFG_inst/O
    X4Y5 (CLOCK_ROOT)    net (fo=9844, routed)        1.511     2.818    ap_clk_IBUF_BUFG
    SLICE_X107Y318       FDCE                                         r  pred_addr_reg_reg[1]/C
  -------------------------------------------------------------------    -------------------
    SLICE_X107Y318       FDCE (Prop_AFF_SLICEM_C_Q)
                                                      0.077     2.895 r  pred_addr_reg_reg[1]/Q
                         net (fo=2, routed)           0.668     3.564    out_ADDR_OBUF[1]
    E9                   OBUF (Prop_OUTBUF_HDIOB_S_I_O)
                                                      2.370     5.934 r  out_ADDR_OBUF[1]_inst/O
                         net (fo=0)                   0.000     5.934    out_ADDR[1]
    E9                                                                r  out_ADDR[1] (OUT)
  -------------------------------------------------------------------    -------------------

Slack:                    inf
  Source:                 pred_addr_reg_reg[9]/C
                            (rising edge-triggered cell FDCE clocked by ap_clk  {rise@0.000ns fall@0.500ns period=1.000ns})
  Destination:            out_ADDR[9]
                            (output port)
  Path Group:             (none)
  Path Type:              Max at Slow Process Corner
  Data Path Delay:        3.111ns  (logic 2.442ns (78.487%)  route 0.669ns (21.513%))
  Logic Levels:           1  (OBUF=1)
  Clock Uncertainty:      0.025ns  ((TSJ^2 + TIJ^2)^1/2 + DJ) / 2 + PE
    Total System Jitter     (TSJ):    0.050ns
    Total Input Jitter      (TIJ):    0.000ns
    Discrete Jitter          (DJ):    0.000ns
    Phase Error              (PE):    0.000ns
  Clock Net Delay (Source):      1.510ns (routing 0.596ns, distribution 0.914ns)

    Location             Delay type                Incr(ns)  Path(ns)    Netlist Resource(s)
  -------------------------------------------------------------------    -------------------
                         (clock ap_clk rise edge)     0.000     0.000 r  
    J16                                               0.000     0.000 r  ap_clk (IN)
                         net (fo=0)                   0.000     0.000    ap_clk_IBUF_inst/I
    J16                  INBUF (Prop_INBUF_HDIOB_M_PAD_O)
                                                      1.075     1.075 r  ap_clk_IBUF_inst/INBUF_INST/O
                         net (fo=1, routed)           0.000     1.075    ap_clk_IBUF_inst/OUT
    J16                  IBUFCTRL (Prop_IBUFCTRL_HDIOB_M_I_O)
                                                      0.000     1.075 r  ap_clk_IBUF_inst/IBUFCTRL_INST/O
                         net (fo=1, routed)           0.204     1.279    ap_clk_IBUF
    BUFGCE_HDIO_X0Y4     BUFGCE (Prop_BUFCE_BUFGCE_HDIO_I_O)
                                                      0.028     1.307 r  ap_clk_IBUF_BUFG_inst/O
    X4Y5 (CLOCK_ROOT)    net (fo=9844, routed)        1.510     2.817    ap_clk_IBUF_BUFG
    SLICE_X107Y319       FDCE                                         r  pred_addr_reg_reg[9]/C
  -------------------------------------------------------------------    -------------------
    SLICE_X107Y319       FDCE (Prop_AFF_SLICEM_C_Q)
                                                      0.077     2.894 r  pred_addr_reg_reg[9]/Q
                         net (fo=2, routed)           0.669     3.564    out_ADDR_OBUF[9]
    H9                   OBUF (Prop_OUTBUF_HDIOB_S_I_O)
                                                      2.365     5.928 r  out_ADDR_OBUF[9]_inst/O
                         net (fo=0)                   0.000     5.928    out_ADDR[9]
    H9                                                                r  out_ADDR[9] (OUT)
  -------------------------------------------------------------------    -------------------

Slack:                    inf
  Source:                 pred_addr_reg_reg[11]/C
                            (rising edge-triggered cell FDCE clocked by ap_clk  {rise@0.000ns fall@0.500ns period=1.000ns})
  Destination:            out_ADDR[11]
                            (output port)
  Path Group:             (none)
  Path Type:              Max at Slow Process Corner
  Data Path Delay:        3.093ns  (logic 2.432ns (78.650%)  route 0.660ns (21.350%))
  Logic Levels:           1  (OBUF=1)
  Clock Uncertainty:      0.025ns  ((TSJ^2 + TIJ^2)^1/2 + DJ) / 2 + PE
    Total System Jitter     (TSJ):    0.050ns
    Total Input Jitter      (TIJ):    0.000ns
    Discrete Jitter          (DJ):    0.000ns
    Phase Error              (PE):    0.000ns
  Clock Net Delay (Source):      1.510ns (routing 0.596ns, distribution 0.914ns)

    Location             Delay type                Incr(ns)  Path(ns)    Netlist Resource(s)
  -------------------------------------------------------------------    -------------------
                         (clock ap_clk rise edge)     0.000     0.000 r  
    J16                                               0.000     0.000 r  ap_clk (IN)
                         net (fo=0)                   0.000     0.000    ap_clk_IBUF_inst/I
    J16                  INBUF (Prop_INBUF_HDIOB_M_PAD_O)
                                                      1.075     1.075 r  ap_clk_IBUF_inst/INBUF_INST/O
                         net (fo=1, routed)           0.000     1.075    ap_clk_IBUF_inst/OUT
    J16                  IBUFCTRL (Prop_IBUFCTRL_HDIOB_M_I_O)
                                                      0.000     1.075 r  ap_clk_IBUF_inst/IBUFCTRL_INST/O
                         net (fo=1, routed)           0.204     1.279    ap_clk_IBUF
    BUFGCE_HDIO_X0Y4     BUFGCE (Prop_BUFCE_BUFGCE_HDIO_I_O)
                                                      0.028     1.307 r  ap_clk_IBUF_BUFG_inst/O
    X4Y5 (CLOCK_ROOT)    net (fo=9844, routed)        1.510     2.817    ap_clk_IBUF_BUFG
    SLICE_X107Y319       FDCE                                         r  pred_addr_reg_reg[11]/C
  -------------------------------------------------------------------    -------------------
    SLICE_X107Y319       FDCE (Prop_CFF_SLICEM_C_Q)
                                                      0.078     2.895 r  pred_addr_reg_reg[11]/Q
                         net (fo=2, routed)           0.660     3.556    out_ADDR_OBUF[11]
    J11                  OBUF (Prop_OUTBUF_HDIOB_S_I_O)
                                                      2.354     5.910 r  out_ADDR_OBUF[11]_inst/O
                         net (fo=0)                   0.000     5.910    out_ADDR[11]
    J11                                                               r  out_ADDR[11] (OUT)
  -------------------------------------------------------------------    -------------------





Min Delay Paths
--------------------------------------------------------------------------------------
Slack:                    inf
  Source:                 pred_addr_reg_reg[7]/C
                            (rising edge-triggered cell FDCE clocked by ap_clk  {rise@0.000ns fall@0.500ns period=1.000ns})
  Destination:            out_ADDR[7]
                            (output port)
  Path Group:             (none)
  Path Type:              Min at Fast Process Corner
  Data Path Delay:        1.376ns  (logic 1.144ns (83.177%)  route 0.231ns (16.823%))
  Logic Levels:           1  (OBUF=1)
  Clock Uncertainty:      0.025ns  ((TSJ^2 + TIJ^2)^1/2 + DJ) / 2 + PE
    Total System Jitter     (TSJ):    0.050ns
    Total Input Jitter      (TIJ):    0.000ns
    Discrete Jitter          (DJ):    0.000ns
    Phase Error              (PE):    0.000ns
  Clock Net Delay (Source):      0.840ns (routing 0.331ns, distribution 0.509ns)

    Location             Delay type                Incr(ns)  Path(ns)    Netlist Resource(s)
  -------------------------------------------------------------------    -------------------
                         (clock ap_clk rise edge)     0.000     0.000 r  
    J16                                               0.000     0.000 r  ap_clk (IN)
                         net (fo=0)                   0.000     0.000    ap_clk_IBUF_inst/I
    J16                  INBUF (Prop_INBUF_HDIOB_M_PAD_O)
                                                      0.408     0.408 r  ap_clk_IBUF_inst/INBUF_INST/O
                         net (fo=1, routed)           0.000     0.408    ap_clk_IBUF_inst/OUT
    J16                  IBUFCTRL (Prop_IBUFCTRL_HDIOB_M_I_O)
                                                      0.000     0.408 r  ap_clk_IBUF_inst/IBUFCTRL_INST/O
                         net (fo=1, routed)           0.091     0.499    ap_clk_IBUF
    BUFGCE_HDIO_X0Y4     BUFGCE (Prop_BUFCE_BUFGCE_HDIO_I_O)
                                                      0.017     0.516 r  ap_clk_IBUF_BUFG_inst/O
    X4Y5 (CLOCK_ROOT)    net (fo=9844, routed)        0.840     1.356    ap_clk_IBUF_BUFG
    SLICE_X107Y318       FDCE                                         r  pred_addr_reg_reg[7]/C
  -------------------------------------------------------------------    -------------------
    SLICE_X107Y318       FDCE (Prop_GFF_SLICEM_C_Q)
                                                      0.039     1.395 r  pred_addr_reg_reg[7]/Q
                         net (fo=2, routed)           0.231     1.626    out_ADDR_OBUF[7]
    G10                  OBUF (Prop_OUTBUF_HDIOB_S_I_O)
                                                      1.105     2.732 r  out_ADDR_OBUF[7]_inst/O
                         net (fo=0)                   0.000     2.732    out_ADDR[7]
    G10                                                               r  out_ADDR[7] (OUT)
  -------------------------------------------------------------------    -------------------

Slack:                    inf
  Source:                 pred_addr_reg_reg[5]/C
                            (rising edge-triggered cell FDCE clocked by ap_clk  {rise@0.000ns fall@0.500ns period=1.000ns})
  Destination:            out_ADDR[5]
                            (output port)
  Path Group:             (none)
  Path Type:              Min at Fast Process Corner
  Data Path Delay:        1.388ns  (logic 1.157ns (83.348%)  route 0.231ns (16.652%))
  Logic Levels:           1  (OBUF=1)
  Clock Uncertainty:      0.025ns  ((TSJ^2 + TIJ^2)^1/2 + DJ) / 2 + PE
    Total System Jitter     (TSJ):    0.050ns
    Total Input Jitter      (TIJ):    0.000ns
    Discrete Jitter          (DJ):    0.000ns
    Phase Error              (PE):    0.000ns
  Clock Net Delay (Source):      0.840ns (routing 0.331ns, distribution 0.509ns)

    Location             Delay type                Incr(ns)  Path(ns)    Netlist Resource(s)
  -------------------------------------------------------------------    -------------------
                         (clock ap_clk rise edge)     0.000     0.000 r  
    J16                                               0.000     0.000 r  ap_clk (IN)
                         net (fo=0)                   0.000     0.000    ap_clk_IBUF_inst/I
    J16                  INBUF (Prop_INBUF_HDIOB_M_PAD_O)
                                                      0.408     0.408 r  ap_clk_IBUF_inst/INBUF_INST/O
                         net (fo=1, routed)           0.000     0.408    ap_clk_IBUF_inst/OUT
    J16                  IBUFCTRL (Prop_IBUFCTRL_HDIOB_M_I_O)
                                                      0.000     0.408 r  ap_clk_IBUF_inst/IBUFCTRL_INST/O
                         net (fo=1, routed)           0.091     0.499    ap_clk_IBUF
    BUFGCE_HDIO_X0Y4     BUFGCE (Prop_BUFCE_BUFGCE_HDIO_I_O)
                                                      0.017     0.516 r  ap_clk_IBUF_BUFG_inst/O
    X4Y5 (CLOCK_ROOT)    net (fo=9844, routed)        0.840     1.356    ap_clk_IBUF_BUFG
    SLICE_X107Y318       FDCE                                         r  pred_addr_reg_reg[5]/C
  -------------------------------------------------------------------    -------------------
    SLICE_X107Y318       FDCE (Prop_EFF_SLICEM_C_Q)
                                                      0.038     1.394 r  pred_addr_reg_reg[5]/Q
                         net (fo=2, routed)           0.231     1.625    out_ADDR_OBUF[5]
    G11                  OBUF (Prop_OUTBUF_HDIOB_S_I_O)
                                                      1.119     2.744 r  out_ADDR_OBUF[5]_inst/O
                         net (fo=0)                   0.000     2.744    out_ADDR[5]
    G11                                                               r  out_ADDR[5] (OUT)
  -------------------------------------------------------------------    -------------------

Slack:                    inf
  Source:                 pred_addr_reg_reg[3]/C
                            (rising edge-triggered cell FDCE clocked by ap_clk  {rise@0.000ns fall@0.500ns period=1.000ns})
  Destination:            out_ADDR[3]
                            (output port)
  Path Group:             (none)
  Path Type:              Min at Fast Process Corner
  Data Path Delay:        1.397ns  (logic 1.133ns (81.098%)  route 0.264ns (18.902%))
  Logic Levels:           1  (OBUF=1)
  Clock Uncertainty:      0.025ns  ((TSJ^2 + TIJ^2)^1/2 + DJ) / 2 + PE
    Total System Jitter     (TSJ):    0.050ns
    Total Input Jitter      (TIJ):    0.000ns
    Discrete Jitter          (DJ):    0.000ns
    Phase Error              (PE):    0.000ns
  Clock Net Delay (Source):      0.841ns (routing 0.331ns, distribution 0.510ns)

    Location             Delay type                Incr(ns)  Path(ns)    Netlist Resource(s)
  -------------------------------------------------------------------    -------------------
                         (clock ap_clk rise edge)     0.000     0.000 r  
    J16                                               0.000     0.000 r  ap_clk (IN)
                         net (fo=0)                   0.000     0.000    ap_clk_IBUF_inst/I
    J16                  INBUF (Prop_INBUF_HDIOB_M_PAD_O)
                                                      0.408     0.408 r  ap_clk_IBUF_inst/INBUF_INST/O
                         net (fo=1, routed)           0.000     0.408    ap_clk_IBUF_inst/OUT
    J16                  IBUFCTRL (Prop_IBUFCTRL_HDIOB_M_I_O)
                                                      0.000     0.408 r  ap_clk_IBUF_inst/IBUFCTRL_INST/O
                         net (fo=1, routed)           0.091     0.499    ap_clk_IBUF
    BUFGCE_HDIO_X0Y4     BUFGCE (Prop_BUFCE_BUFGCE_HDIO_I_O)
                                                      0.017     0.516 r  ap_clk_IBUF_BUFG_inst/O
    X4Y5 (CLOCK_ROOT)    net (fo=9844, routed)        0.841     1.357    ap_clk_IBUF_BUFG
    SLICE_X107Y318       FDCE                                         r  pred_addr_reg_reg[3]/C
  -------------------------------------------------------------------    -------------------
    SLICE_X107Y318       FDCE (Prop_CFF_SLICEM_C_Q)
                                                      0.038     1.395 r  pred_addr_reg_reg[3]/Q
                         net (fo=2, routed)           0.264     1.659    out_ADDR_OBUF[3]
    F9                   OBUF (Prop_OUTBUF_HDIOB_S_I_O)
                                                      1.095     2.754 r  out_ADDR_OBUF[3]_inst/O
                         net (fo=0)                   0.000     2.754    out_ADDR[3]
    F9                                                                r  out_ADDR[3] (OUT)
  -------------------------------------------------------------------    -------------------

Slack:                    inf
  Source:                 pred_addr_reg_reg[13]/C
                            (rising edge-triggered cell FDCE clocked by ap_clk  {rise@0.000ns fall@0.500ns period=1.000ns})
  Destination:            out_ADDR[13]
                            (output port)
  Path Group:             (none)
  Path Type:              Min at Fast Process Corner
  Data Path Delay:        1.406ns  (logic 1.140ns (81.139%)  route 0.265ns (18.861%))
  Logic Levels:           1  (OBUF=1)
  Clock Uncertainty:      0.025ns  ((TSJ^2 + TIJ^2)^1/2 + DJ) / 2 + PE
    Total System Jitter     (TSJ):    0.050ns
    Total Input Jitter      (TIJ):    0.000ns
    Discrete Jitter          (DJ):    0.000ns
    Phase Error              (PE):    0.000ns
  Clock Net Delay (Source):      0.839ns (routing 0.331ns, distribution 0.508ns)

    Location             Delay type                Incr(ns)  Path(ns)    Netlist Resource(s)
  -------------------------------------------------------------------    -------------------
                         (clock ap_clk rise edge)     0.000     0.000 r  
    J16                                               0.000     0.000 r  ap_clk (IN)
                         net (fo=0)                   0.000     0.000    ap_clk_IBUF_inst/I
    J16                  INBUF (Prop_INBUF_HDIOB_M_PAD_O)
                                                      0.408     0.408 r  ap_clk_IBUF_inst/INBUF_INST/O
                         net (fo=1, routed)           0.000     0.408    ap_clk_IBUF_inst/OUT
    J16                  IBUFCTRL (Prop_IBUFCTRL_HDIOB_M_I_O)
                                                      0.000     0.408 r  ap_clk_IBUF_inst/IBUFCTRL_INST/O
                         net (fo=1, routed)           0.091     0.499    ap_clk_IBUF
    BUFGCE_HDIO_X0Y4     BUFGCE (Prop_BUFCE_BUFGCE_HDIO_I_O)
                                                      0.017     0.516 r  ap_clk_IBUF_BUFG_inst/O
    X4Y5 (CLOCK_ROOT)    net (fo=9844, routed)        0.839     1.355    ap_clk_IBUF_BUFG
    SLICE_X107Y319       FDCE                                         r  pred_addr_reg_reg[13]/C
  -------------------------------------------------------------------    -------------------
    SLICE_X107Y319       FDCE (Prop_EFF_SLICEM_C_Q)
                                                      0.038     1.393 r  pred_addr_reg_reg[13]/Q
                         net (fo=2, routed)           0.265     1.658    out_ADDR_OBUF[13]
    K11                  OBUF (Prop_OUTBUF_HDIOB_S_I_O)
                                                      1.102     2.760 r  out_ADDR_OBUF[13]_inst/O
                         net (fo=0)                   0.000     2.760    out_ADDR[13]
    K11                                                               r  out_ADDR[13] (OUT)
  -------------------------------------------------------------------    -------------------

Slack:                    inf
  Source:                 pred_addr_reg_reg[9]/C
                            (rising edge-triggered cell FDCE clocked by ap_clk  {rise@0.000ns fall@0.500ns period=1.000ns})
  Destination:            out_ADDR[9]
                            (output port)
  Path Group:             (none)
  Path Type:              Min at Fast Process Corner
  Data Path Delay:        1.433ns  (logic 1.145ns (79.900%)  route 0.288ns (20.100%))
  Logic Levels:           1  (OBUF=1)
  Clock Uncertainty:      0.025ns  ((TSJ^2 + TIJ^2)^1/2 + DJ) / 2 + PE
    Total System Jitter     (TSJ):    0.050ns
    Total Input Jitter      (TIJ):    0.000ns
    Discrete Jitter          (DJ):    0.000ns
    Phase Error              (PE):    0.000ns
  Clock Net Delay (Source):      0.840ns (routing 0.331ns, distribution 0.509ns)

    Location             Delay type                Incr(ns)  Path(ns)    Netlist Resource(s)
  -------------------------------------------------------------------    -------------------
                         (clock ap_clk rise edge)     0.000     0.000 r  
    J16                                               0.000     0.000 r  ap_clk (IN)
                         net (fo=0)                   0.000     0.000    ap_clk_IBUF_inst/I
    J16                  INBUF (Prop_INBUF_HDIOB_M_PAD_O)
                                                      0.408     0.408 r  ap_clk_IBUF_inst/INBUF_INST/O
                         net (fo=1, routed)           0.000     0.408    ap_clk_IBUF_inst/OUT
    J16                  IBUFCTRL (Prop_IBUFCTRL_HDIOB_M_I_O)
                                                      0.000     0.408 r  ap_clk_IBUF_inst/IBUFCTRL_INST/O
                         net (fo=1, routed)           0.091     0.499    ap_clk_IBUF
    BUFGCE_HDIO_X0Y4     BUFGCE (Prop_BUFCE_BUFGCE_HDIO_I_O)
                                                      0.017     0.516 r  ap_clk_IBUF_BUFG_inst/O
    X4Y5 (CLOCK_ROOT)    net (fo=9844, routed)        0.840     1.356    ap_clk_IBUF_BUFG
    SLICE_X107Y319       FDCE                                         r  pred_addr_reg_reg[9]/C
  -------------------------------------------------------------------    -------------------
    SLICE_X107Y319       FDCE (Prop_AFF_SLICEM_C_Q)
                                                      0.038     1.394 r  pred_addr_reg_reg[9]/Q
                         net (fo=2, routed)           0.288     1.682    out_ADDR_OBUF[9]
    H9                   OBUF (Prop_OUTBUF_HDIOB_S_I_O)
                                                      1.107     2.789 r  out_ADDR_OBUF[9]_inst/O
                         net (fo=0)                   0.000     2.789    out_ADDR[9]
    H9                                                                r  out_ADDR[9] (OUT)
  -------------------------------------------------------------------    -------------------

Slack:                    inf
  Source:                 pred_addr_reg_reg[11]/C
                            (rising edge-triggered cell FDCE clocked by ap_clk  {rise@0.000ns fall@0.500ns period=1.000ns})
  Destination:            out_ADDR[11]
                            (output port)
  Path Group:             (none)
  Path Type:              Min at Fast Process Corner
  Data Path Delay:        1.436ns  (logic 1.135ns (79.031%)  route 0.301ns (20.969%))
  Logic Levels:           1  (OBUF=1)
  Clock Uncertainty:      0.025ns  ((TSJ^2 + TIJ^2)^1/2 + DJ) / 2 + PE
    Total System Jitter     (TSJ):    0.050ns
    Total Input Jitter      (TIJ):    0.000ns
    Discrete Jitter          (DJ):    0.000ns
    Phase Error              (PE):    0.000ns
  Clock Net Delay (Source):      0.840ns (routing 0.331ns, distribution 0.509ns)

    Location             Delay type                Incr(ns)  Path(ns)    Netlist Resource(s)
  -------------------------------------------------------------------    -------------------
                         (clock ap_clk rise edge)     0.000     0.000 r  
    J16                                               0.000     0.000 r  ap_clk (IN)
                         net (fo=0)                   0.000     0.000    ap_clk_IBUF_inst/I
    J16                  INBUF (Prop_INBUF_HDIOB_M_PAD_O)
                                                      0.408     0.408 r  ap_clk_IBUF_inst/INBUF_INST/O
                         net (fo=1, routed)           0.000     0.408    ap_clk_IBUF_inst/OUT
    J16                  IBUFCTRL (Prop_IBUFCTRL_HDIOB_M_I_O)
                                                      0.000     0.408 r  ap_clk_IBUF_inst/IBUFCTRL_INST/O
                         net (fo=1, routed)           0.091     0.499    ap_clk_IBUF
    BUFGCE_HDIO_X0Y4     BUFGCE (Prop_BUFCE_BUFGCE_HDIO_I_O)
                                                      0.017     0.516 r  ap_clk_IBUF_BUFG_inst/O
    X4Y5 (CLOCK_ROOT)    net (fo=9844, routed)        0.840     1.356    ap_clk_IBUF_BUFG
    SLICE_X107Y319       FDCE                                         r  pred_addr_reg_reg[11]/C
  -------------------------------------------------------------------    -------------------
    SLICE_X107Y319       FDCE (Prop_CFF_SLICEM_C_Q)
                                                      0.038     1.394 r  pred_addr_reg_reg[11]/Q
                         net (fo=2, routed)           0.301     1.695    out_ADDR_OBUF[11]
    J11                  OBUF (Prop_OUTBUF_HDIOB_S_I_O)
                                                      1.097     2.792 r  out_ADDR_OBUF[11]_inst/O
                         net (fo=0)                   0.000     2.792    out_ADDR[11]
    J11                                                               r  out_ADDR[11] (OUT)
  -------------------------------------------------------------------    -------------------

Slack:                    inf
  Source:                 pred_addr_reg_reg[1]/C
                            (rising edge-triggered cell FDCE clocked by ap_clk  {rise@0.000ns fall@0.500ns period=1.000ns})
  Destination:            out_ADDR[1]
                            (output port)
  Path Group:             (none)
  Path Type:              Min at Fast Process Corner
  Data Path Delay:        1.445ns  (logic 1.150ns (79.583%)  route 0.295ns (20.417%))
  Logic Levels:           1  (OBUF=1)
  Clock Uncertainty:      0.025ns  ((TSJ^2 + TIJ^2)^1/2 + DJ) / 2 + PE
    Total System Jitter     (TSJ):    0.050ns
    Total Input Jitter      (TIJ):    0.000ns
    Discrete Jitter          (DJ):    0.000ns
    Phase Error              (PE):    0.000ns
  Clock Net Delay (Source):      0.841ns (routing 0.331ns, distribution 0.510ns)

    Location             Delay type                Incr(ns)  Path(ns)    Netlist Resource(s)
  -------------------------------------------------------------------    -------------------
                         (clock ap_clk rise edge)     0.000     0.000 r  
    J16                                               0.000     0.000 r  ap_clk (IN)
                         net (fo=0)                   0.000     0.000    ap_clk_IBUF_inst/I
    J16                  INBUF (Prop_INBUF_HDIOB_M_PAD_O)
                                                      0.408     0.408 r  ap_clk_IBUF_inst/INBUF_INST/O
                         net (fo=1, routed)           0.000     0.408    ap_clk_IBUF_inst/OUT
    J16                  IBUFCTRL (Prop_IBUFCTRL_HDIOB_M_I_O)
                                                      0.000     0.408 r  ap_clk_IBUF_inst/IBUFCTRL_INST/O
                         net (fo=1, routed)           0.091     0.499    ap_clk_IBUF
    BUFGCE_HDIO_X0Y4     BUFGCE (Prop_BUFCE_BUFGCE_HDIO_I_O)
                                                      0.017     0.516 r  ap_clk_IBUF_BUFG_inst/O
    X4Y5 (CLOCK_ROOT)    net (fo=9844, routed)        0.841     1.357    ap_clk_IBUF_BUFG
    SLICE_X107Y318       FDCE                                         r  pred_addr_reg_reg[1]/C
  -------------------------------------------------------------------    -------------------
    SLICE_X107Y318       FDCE (Prop_AFF_SLICEM_C_Q)
                                                      0.038     1.395 r  pred_addr_reg_reg[1]/Q
                         net (fo=2, routed)           0.295     1.690    out_ADDR_OBUF[1]
    E9                   OBUF (Prop_OUTBUF_HDIOB_S_I_O)
                                                      1.112     2.802 r  out_ADDR_OBUF[1]_inst/O
                         net (fo=0)                   0.000     2.802    out_ADDR[1]
    E9                                                                r  out_ADDR[1] (OUT)
  -------------------------------------------------------------------    -------------------

Slack:                    inf
  Source:                 pred_addr_reg_reg[2]/C
                            (rising edge-triggered cell FDCE clocked by ap_clk  {rise@0.000ns fall@0.500ns period=1.000ns})
  Destination:            out_ADDR[2]
                            (output port)
  Path Group:             (none)
  Path Type:              Min at Fast Process Corner
  Data Path Delay:        1.456ns  (logic 1.134ns (77.878%)  route 0.322ns (22.122%))
  Logic Levels:           1  (OBUF=1)
  Clock Uncertainty:      0.025ns  ((TSJ^2 + TIJ^2)^1/2 + DJ) / 2 + PE
    Total System Jitter     (TSJ):    0.050ns
    Total Input Jitter      (TIJ):    0.000ns
    Discrete Jitter          (DJ):    0.000ns
    Phase Error              (PE):    0.000ns
  Clock Net Delay (Source):      0.841ns (routing 0.331ns, distribution 0.510ns)

    Location             Delay type                Incr(ns)  Path(ns)    Netlist Resource(s)
  -------------------------------------------------------------------    -------------------
                         (clock ap_clk rise edge)     0.000     0.000 r  
    J16                                               0.000     0.000 r  ap_clk (IN)
                         net (fo=0)                   0.000     0.000    ap_clk_IBUF_inst/I
    J16                  INBUF (Prop_INBUF_HDIOB_M_PAD_O)
                                                      0.408     0.408 r  ap_clk_IBUF_inst/INBUF_INST/O
                         net (fo=1, routed)           0.000     0.408    ap_clk_IBUF_inst/OUT
    J16                  IBUFCTRL (Prop_IBUFCTRL_HDIOB_M_I_O)
                                                      0.000     0.408 r  ap_clk_IBUF_inst/IBUFCTRL_INST/O
                         net (fo=1, routed)           0.091     0.499    ap_clk_IBUF
    BUFGCE_HDIO_X0Y4     BUFGCE (Prop_BUFCE_BUFGCE_HDIO_I_O)
                                                      0.017     0.516 r  ap_clk_IBUF_BUFG_inst/O
    X4Y5 (CLOCK_ROOT)    net (fo=9844, routed)        0.841     1.357    ap_clk_IBUF_BUFG
    SLICE_X107Y318       FDCE                                         r  pred_addr_reg_reg[2]/C
  -------------------------------------------------------------------    -------------------
    SLICE_X107Y318       FDCE (Prop_BFF_SLICEM_C_Q)
                                                      0.038     1.395 r  pred_addr_reg_reg[2]/Q
                         net (fo=2, routed)           0.322     1.717    out_ADDR_OBUF[2]
    F10                  OBUF (Prop_OUTBUF_HDIOB_M_I_O)
                                                      1.096     2.813 r  out_ADDR_OBUF[2]_inst/O
                         net (fo=0)                   0.000     2.813    out_ADDR[2]
    F10                                                               r  out_ADDR[2] (OUT)
  -------------------------------------------------------------------    -------------------

Slack:                    inf
  Source:                 pred_addr_reg_reg[6]/C
                            (rising edge-triggered cell FDCE clocked by ap_clk  {rise@0.000ns fall@0.500ns period=1.000ns})
  Destination:            out_ADDR[6]
                            (output port)
  Path Group:             (none)
  Path Type:              Min at Fast Process Corner
  Data Path Delay:        1.467ns  (logic 1.146ns (78.111%)  route 0.321ns (21.889%))
  Logic Levels:           1  (OBUF=1)
  Clock Uncertainty:      0.025ns  ((TSJ^2 + TIJ^2)^1/2 + DJ) / 2 + PE
    Total System Jitter     (TSJ):    0.050ns
    Total Input Jitter      (TIJ):    0.000ns
    Discrete Jitter          (DJ):    0.000ns
    Phase Error              (PE):    0.000ns
  Clock Net Delay (Source):      0.840ns (routing 0.331ns, distribution 0.509ns)

    Location             Delay type                Incr(ns)  Path(ns)    Netlist Resource(s)
  -------------------------------------------------------------------    -------------------
                         (clock ap_clk rise edge)     0.000     0.000 r  
    J16                                               0.000     0.000 r  ap_clk (IN)
                         net (fo=0)                   0.000     0.000    ap_clk_IBUF_inst/I
    J16                  INBUF (Prop_INBUF_HDIOB_M_PAD_O)
                                                      0.408     0.408 r  ap_clk_IBUF_inst/INBUF_INST/O
                         net (fo=1, routed)           0.000     0.408    ap_clk_IBUF_inst/OUT
    J16                  IBUFCTRL (Prop_IBUFCTRL_HDIOB_M_I_O)
                                                      0.000     0.408 r  ap_clk_IBUF_inst/IBUFCTRL_INST/O
                         net (fo=1, routed)           0.091     0.499    ap_clk_IBUF
    BUFGCE_HDIO_X0Y4     BUFGCE (Prop_BUFCE_BUFGCE_HDIO_I_O)
                                                      0.017     0.516 r  ap_clk_IBUF_BUFG_inst/O
    X4Y5 (CLOCK_ROOT)    net (fo=9844, routed)        0.840     1.356    ap_clk_IBUF_BUFG
    SLICE_X107Y318       FDCE                                         r  pred_addr_reg_reg[6]/C
  -------------------------------------------------------------------    -------------------
    SLICE_X107Y318       FDCE (Prop_FFF_SLICEM_C_Q)
                                                      0.037     1.393 r  pred_addr_reg_reg[6]/Q
                         net (fo=2, routed)           0.321     1.714    out_ADDR_OBUF[6]
    H11                  OBUF (Prop_OUTBUF_HDIOB_M_I_O)
                                                      1.109     2.823 r  out_ADDR_OBUF[6]_inst/O
                         net (fo=0)                   0.000     2.823    out_ADDR[6]
    H11                                                               r  out_ADDR[6] (OUT)
  -------------------------------------------------------------------    -------------------

Slack:                    inf
  Source:                 pred_addr_reg_reg[4]/C
                            (rising edge-triggered cell FDCE clocked by ap_clk  {rise@0.000ns fall@0.500ns period=1.000ns})
  Destination:            out_ADDR[4]
                            (output port)
  Path Group:             (none)
  Path Type:              Min at Fast Process Corner
  Data Path Delay:        1.466ns  (logic 1.158ns (78.986%)  route 0.308ns (21.014%))
  Logic Levels:           1  (OBUF=1)
  Clock Uncertainty:      0.025ns  ((TSJ^2 + TIJ^2)^1/2 + DJ) / 2 + PE
    Total System Jitter     (TSJ):    0.050ns
    Total Input Jitter      (TIJ):    0.000ns
    Discrete Jitter          (DJ):    0.000ns
    Phase Error              (PE):    0.000ns
  Clock Net Delay (Source):      0.841ns (routing 0.331ns, distribution 0.510ns)

    Location             Delay type                Incr(ns)  Path(ns)    Netlist Resource(s)
  -------------------------------------------------------------------    -------------------
                         (clock ap_clk rise edge)     0.000     0.000 r  
    J16                                               0.000     0.000 r  ap_clk (IN)
                         net (fo=0)                   0.000     0.000    ap_clk_IBUF_inst/I
    J16                  INBUF (Prop_INBUF_HDIOB_M_PAD_O)
                                                      0.408     0.408 r  ap_clk_IBUF_inst/INBUF_INST/O
                         net (fo=1, routed)           0.000     0.408    ap_clk_IBUF_inst/OUT
    J16                  IBUFCTRL (Prop_IBUFCTRL_HDIOB_M_I_O)
                                                      0.000     0.408 r  ap_clk_IBUF_inst/IBUFCTRL_INST/O
                         net (fo=1, routed)           0.091     0.499    ap_clk_IBUF
    BUFGCE_HDIO_X0Y4     BUFGCE (Prop_BUFCE_BUFGCE_HDIO_I_O)
                                                      0.017     0.516 r  ap_clk_IBUF_BUFG_inst/O
    X4Y5 (CLOCK_ROOT)    net (fo=9844, routed)        0.841     1.357    ap_clk_IBUF_BUFG
    SLICE_X107Y318       FDCE                                         r  pred_addr_reg_reg[4]/C
  -------------------------------------------------------------------    -------------------
    SLICE_X107Y318       FDCE (Prop_DFF_SLICEM_C_Q)
                                                      0.039     1.396 r  pred_addr_reg_reg[4]/Q
                         net (fo=2, routed)           0.308     1.704    out_ADDR_OBUF[4]
    G12                  OBUF (Prop_OUTBUF_HDIOB_M_I_O)
                                                      1.119     2.823 r  out_ADDR_OBUF[4]_inst/O
                         net (fo=0)                   0.000     2.823    out_ADDR[4]
    G12                                                               r  out_ADDR[4] (OUT)
  -------------------------------------------------------------------    -------------------





--------------------------------------------------------------------------------------
Path Group:  (none)
From Clock:  
  To Clock:  ap_clk

Max Delay         13830 Endpoints
Min Delay         13830 Endpoints
--------------------------------------------------------------------------------------


Max Delay Paths
--------------------------------------------------------------------------------------
Slack:                    inf
  Source:                 in_TDATA[13]
                            (input port)
  Destination:            q_memory_reg[304][0]/D
                            (rising edge-triggered cell FDRE clocked by ap_clk  {rise@0.000ns fall@0.500ns period=1.000ns})
  Path Group:             (none)
  Path Type:              Setup (Max at Slow Process Corner)
  Data Path Delay:        5.543ns  (logic 1.104ns (19.923%)  route 4.439ns (80.077%))
  Logic Levels:           2  (IBUFCTRL=1 INBUF=1)
  Clock Path Skew:        1.987ns (DCD - SCD + CPR)
    Destination Clock Delay (DCD):    1.987ns
    Source Clock Delay      (SCD):    0.000ns
    Clock Pessimism Removal (CPR):    0.000ns
  Clock Uncertainty:      0.025ns  ((TSJ^2 + TIJ^2)^1/2 + DJ) / 2 + PE
    Total System Jitter     (TSJ):    0.050ns
    Total Input Jitter      (TIJ):    0.000ns
    Discrete Jitter          (DJ):    0.000ns
    Phase Error              (PE):    0.000ns
  Clock Net Delay (Destination): 1.227ns (routing 0.543ns, distribution 0.684ns)

    Location             Delay type                Incr(ns)  Path(ns)    Netlist Resource(s)
  -------------------------------------------------------------------    -------------------
    A10                                               0.000     0.000 r  in_TDATA[13] (IN)
                         net (fo=0)                   0.000     0.000    in_TDATA_IBUF[13]_inst/I
    A10                  INBUF (Prop_INBUF_HDIOB_M_PAD_O)
                                                      1.104     1.104 r  in_TDATA_IBUF[13]_inst/INBUF_INST/O
                         net (fo=1, routed)           0.000     1.104    in_TDATA_IBUF[13]_inst/OUT
    A10                  IBUFCTRL (Prop_IBUFCTRL_HDIOB_M_I_O)
                                                      0.000     1.104 r  in_TDATA_IBUF[13]_inst/IBUFCTRL_INST/O
                         net (fo=400, routed)         4.439     5.543    in_TDATA_IBUF[13]
    SLICE_X94Y335        FDRE                                         r  q_memory_reg[304][0]/D
  -------------------------------------------------------------------    -------------------

                         (clock ap_clk rise edge)     0.000     0.000 r  
    J16                                               0.000     0.000 r  ap_clk (IN)
                         net (fo=0)                   0.000     0.000    ap_clk_IBUF_inst/I
    J16                  INBUF (Prop_INBUF_HDIOB_M_PAD_O)
                                                      0.567     0.567 r  ap_clk_IBUF_inst/INBUF_INST/O
                         net (fo=1, routed)           0.000     0.567    ap_clk_IBUF_inst/OUT
    J16                  IBUFCTRL (Prop_IBUFCTRL_HDIOB_M_I_O)
                                                      0.000     0.567 r  ap_clk_IBUF_inst/IBUFCTRL_INST/O
                         net (fo=1, routed)           0.169     0.736    ap_clk_IBUF
    BUFGCE_HDIO_X0Y4     BUFGCE (Prop_BUFCE_BUFGCE_HDIO_I_O)
                                                      0.024     0.760 r  ap_clk_IBUF_BUFG_inst/O
    X4Y5 (CLOCK_ROOT)    net (fo=9844, routed)        1.227     1.987    ap_clk_IBUF_BUFG
    SLICE_X94Y335        FDRE                                         r  q_memory_reg[304][0]/C

Slack:                    inf
  Source:                 in_TDATA[13]
                            (input port)
  Destination:            q_memory_reg[233][0]/D
                            (rising edge-triggered cell FDRE clocked by ap_clk  {rise@0.000ns fall@0.500ns period=1.000ns})
  Path Group:             (none)
  Path Type:              Setup (Max at Slow Process Corner)
  Data Path Delay:        5.422ns  (logic 1.104ns (20.369%)  route 4.318ns (79.631%))
  Logic Levels:           2  (IBUFCTRL=1 INBUF=1)
  Clock Path Skew:        2.051ns (DCD - SCD + CPR)
    Destination Clock Delay (DCD):    2.051ns
    Source Clock Delay      (SCD):    0.000ns
    Clock Pessimism Removal (CPR):    0.000ns
  Clock Uncertainty:      0.025ns  ((TSJ^2 + TIJ^2)^1/2 + DJ) / 2 + PE
    Total System Jitter     (TSJ):    0.050ns
    Total Input Jitter      (TIJ):    0.000ns
    Discrete Jitter          (DJ):    0.000ns
    Phase Error              (PE):    0.000ns
  Clock Net Delay (Destination): 1.291ns (routing 0.543ns, distribution 0.748ns)

    Location             Delay type                Incr(ns)  Path(ns)    Netlist Resource(s)
  -------------------------------------------------------------------    -------------------
    A10                                               0.000     0.000 r  in_TDATA[13] (IN)
                         net (fo=0)                   0.000     0.000    in_TDATA_IBUF[13]_inst/I
    A10                  INBUF (Prop_INBUF_HDIOB_M_PAD_O)
                                                      1.104     1.104 r  in_TDATA_IBUF[13]_inst/INBUF_INST/O
                         net (fo=1, routed)           0.000     1.104    in_TDATA_IBUF[13]_inst/OUT
    A10                  IBUFCTRL (Prop_IBUFCTRL_HDIOB_M_I_O)
                                                      0.000     1.104 r  in_TDATA_IBUF[13]_inst/IBUFCTRL_INST/O
                         net (fo=400, routed)         4.318     5.422    in_TDATA_IBUF[13]
    SLICE_X98Y337        FDRE                                         r  q_memory_reg[233][0]/D
  -------------------------------------------------------------------    -------------------

                         (clock ap_clk rise edge)     0.000     0.000 r  
    J16                                               0.000     0.000 r  ap_clk (IN)
                         net (fo=0)                   0.000     0.000    ap_clk_IBUF_inst/I
    J16                  INBUF (Prop_INBUF_HDIOB_M_PAD_O)
                                                      0.567     0.567 r  ap_clk_IBUF_inst/INBUF_INST/O
                         net (fo=1, routed)           0.000     0.567    ap_clk_IBUF_inst/OUT
    J16                  IBUFCTRL (Prop_IBUFCTRL_HDIOB_M_I_O)
                                                      0.000     0.567 r  ap_clk_IBUF_inst/IBUFCTRL_INST/O
                         net (fo=1, routed)           0.169     0.736    ap_clk_IBUF
    BUFGCE_HDIO_X0Y4     BUFGCE (Prop_BUFCE_BUFGCE_HDIO_I_O)
                                                      0.024     0.760 r  ap_clk_IBUF_BUFG_inst/O
    X4Y5 (CLOCK_ROOT)    net (fo=9844, routed)        1.291     2.051    ap_clk_IBUF_BUFG
    SLICE_X98Y337        FDRE                                         r  q_memory_reg[233][0]/C

Slack:                    inf
  Source:                 in_TDATA[13]
                            (input port)
  Destination:            q_memory_reg[330][0]/D
                            (rising edge-triggered cell FDRE clocked by ap_clk  {rise@0.000ns fall@0.500ns period=1.000ns})
  Path Group:             (none)
  Path Type:              Setup (Max at Slow Process Corner)
  Data Path Delay:        5.418ns  (logic 1.104ns (20.383%)  route 4.314ns (79.617%))
  Logic Levels:           2  (IBUFCTRL=1 INBUF=1)
  Clock Path Skew:        2.026ns (DCD - SCD + CPR)
    Destination Clock Delay (DCD):    2.026ns
    Source Clock Delay      (SCD):    0.000ns
    Clock Pessimism Removal (CPR):    0.000ns
  Clock Uncertainty:      0.025ns  ((TSJ^2 + TIJ^2)^1/2 + DJ) / 2 + PE
    Total System Jitter     (TSJ):    0.050ns
    Total Input Jitter      (TIJ):    0.000ns
    Discrete Jitter          (DJ):    0.000ns
    Phase Error              (PE):    0.000ns
  Clock Net Delay (Destination): 1.266ns (routing 0.543ns, distribution 0.723ns)

    Location             Delay type                Incr(ns)  Path(ns)    Netlist Resource(s)
  -------------------------------------------------------------------    -------------------
    A10                                               0.000     0.000 r  in_TDATA[13] (IN)
                         net (fo=0)                   0.000     0.000    in_TDATA_IBUF[13]_inst/I
    A10                  INBUF (Prop_INBUF_HDIOB_M_PAD_O)
                                                      1.104     1.104 r  in_TDATA_IBUF[13]_inst/INBUF_INST/O
                         net (fo=1, routed)           0.000     1.104    in_TDATA_IBUF[13]_inst/OUT
    A10                  IBUFCTRL (Prop_IBUFCTRL_HDIOB_M_I_O)
                                                      0.000     1.104 r  in_TDATA_IBUF[13]_inst/IBUFCTRL_INST/O
                         net (fo=400, routed)         4.314     5.418    in_TDATA_IBUF[13]
    SLICE_X96Y335        FDRE                                         r  q_memory_reg[330][0]/D
  -------------------------------------------------------------------    -------------------

                         (clock ap_clk rise edge)     0.000     0.000 r  
    J16                                               0.000     0.000 r  ap_clk (IN)
                         net (fo=0)                   0.000     0.000    ap_clk_IBUF_inst/I
    J16                  INBUF (Prop_INBUF_HDIOB_M_PAD_O)
                                                      0.567     0.567 r  ap_clk_IBUF_inst/INBUF_INST/O
                         net (fo=1, routed)           0.000     0.567    ap_clk_IBUF_inst/OUT
    J16                  IBUFCTRL (Prop_IBUFCTRL_HDIOB_M_I_O)
                                                      0.000     0.567 r  ap_clk_IBUF_inst/IBUFCTRL_INST/O
                         net (fo=1, routed)           0.169     0.736    ap_clk_IBUF
    BUFGCE_HDIO_X0Y4     BUFGCE (Prop_BUFCE_BUFGCE_HDIO_I_O)
                                                      0.024     0.760 r  ap_clk_IBUF_BUFG_inst/O
    X4Y5 (CLOCK_ROOT)    net (fo=9844, routed)        1.266     2.026    ap_clk_IBUF_BUFG
    SLICE_X96Y335        FDRE                                         r  q_memory_reg[330][0]/C

Slack:                    inf
  Source:                 in_TDATA[13]
                            (input port)
  Destination:            q_memory_reg[378][0]/D
                            (rising edge-triggered cell FDRE clocked by ap_clk  {rise@0.000ns fall@0.500ns period=1.000ns})
  Path Group:             (none)
  Path Type:              Setup (Max at Slow Process Corner)
  Data Path Delay:        5.269ns  (logic 1.104ns (20.959%)  route 4.165ns (79.041%))
  Logic Levels:           2  (IBUFCTRL=1 INBUF=1)
  Clock Path Skew:        1.987ns (DCD - SCD + CPR)
    Destination Clock Delay (DCD):    1.987ns
    Source Clock Delay      (SCD):    0.000ns
    Clock Pessimism Removal (CPR):    0.000ns
  Clock Uncertainty:      0.025ns  ((TSJ^2 + TIJ^2)^1/2 + DJ) / 2 + PE
    Total System Jitter     (TSJ):    0.050ns
    Total Input Jitter      (TIJ):    0.000ns
    Discrete Jitter          (DJ):    0.000ns
    Phase Error              (PE):    0.000ns
  Clock Net Delay (Destination): 1.227ns (routing 0.543ns, distribution 0.684ns)

    Location             Delay type                Incr(ns)  Path(ns)    Netlist Resource(s)
  -------------------------------------------------------------------    -------------------
    A10                                               0.000     0.000 r  in_TDATA[13] (IN)
                         net (fo=0)                   0.000     0.000    in_TDATA_IBUF[13]_inst/I
    A10                  INBUF (Prop_INBUF_HDIOB_M_PAD_O)
                                                      1.104     1.104 r  in_TDATA_IBUF[13]_inst/INBUF_INST/O
                         net (fo=1, routed)           0.000     1.104    in_TDATA_IBUF[13]_inst/OUT
    A10                  IBUFCTRL (Prop_IBUFCTRL_HDIOB_M_I_O)
                                                      0.000     1.104 r  in_TDATA_IBUF[13]_inst/IBUFCTRL_INST/O
                         net (fo=400, routed)         4.165     5.269    in_TDATA_IBUF[13]
    SLICE_X95Y336        FDRE                                         r  q_memory_reg[378][0]/D
  -------------------------------------------------------------------    -------------------

                         (clock ap_clk rise edge)     0.000     0.000 r  
    J16                                               0.000     0.000 r  ap_clk (IN)
                         net (fo=0)                   0.000     0.000    ap_clk_IBUF_inst/I
    J16                  INBUF (Prop_INBUF_HDIOB_M_PAD_O)
                                                      0.567     0.567 r  ap_clk_IBUF_inst/INBUF_INST/O
                         net (fo=1, routed)           0.000     0.567    ap_clk_IBUF_inst/OUT
    J16                  IBUFCTRL (Prop_IBUFCTRL_HDIOB_M_I_O)
                                                      0.000     0.567 r  ap_clk_IBUF_inst/IBUFCTRL_INST/O
                         net (fo=1, routed)           0.169     0.736    ap_clk_IBUF
    BUFGCE_HDIO_X0Y4     BUFGCE (Prop_BUFCE_BUFGCE_HDIO_I_O)
                                                      0.024     0.760 r  ap_clk_IBUF_BUFG_inst/O
    X4Y5 (CLOCK_ROOT)    net (fo=9844, routed)        1.227     1.987    ap_clk_IBUF_BUFG
    SLICE_X95Y336        FDRE                                         r  q_memory_reg[378][0]/C

Slack:                    inf
  Source:                 in_TDATA[13]
                            (input port)
  Destination:            q_memory_reg[305][0]/D
                            (rising edge-triggered cell FDRE clocked by ap_clk  {rise@0.000ns fall@0.500ns period=1.000ns})
  Path Group:             (none)
  Path Type:              Setup (Max at Slow Process Corner)
  Data Path Delay:        5.235ns  (logic 1.104ns (21.095%)  route 4.131ns (78.905%))
  Logic Levels:           2  (IBUFCTRL=1 INBUF=1)
  Clock Path Skew:        2.035ns (DCD - SCD + CPR)
    Destination Clock Delay (DCD):    2.035ns
    Source Clock Delay      (SCD):    0.000ns
    Clock Pessimism Removal (CPR):    0.000ns
  Clock Uncertainty:      0.025ns  ((TSJ^2 + TIJ^2)^1/2 + DJ) / 2 + PE
    Total System Jitter     (TSJ):    0.050ns
    Total Input Jitter      (TIJ):    0.000ns
    Discrete Jitter          (DJ):    0.000ns
    Phase Error              (PE):    0.000ns
  Clock Net Delay (Destination): 1.275ns (routing 0.543ns, distribution 0.732ns)

    Location             Delay type                Incr(ns)  Path(ns)    Netlist Resource(s)
  -------------------------------------------------------------------    -------------------
    A10                                               0.000     0.000 r  in_TDATA[13] (IN)
                         net (fo=0)                   0.000     0.000    in_TDATA_IBUF[13]_inst/I
    A10                  INBUF (Prop_INBUF_HDIOB_M_PAD_O)
                                                      1.104     1.104 r  in_TDATA_IBUF[13]_inst/INBUF_INST/O
                         net (fo=1, routed)           0.000     1.104    in_TDATA_IBUF[13]_inst/OUT
    A10                  IBUFCTRL (Prop_IBUFCTRL_HDIOB_M_I_O)
                                                      0.000     1.104 r  in_TDATA_IBUF[13]_inst/IBUFCTRL_INST/O
                         net (fo=400, routed)         4.131     5.235    in_TDATA_IBUF[13]
    SLICE_X93Y337        FDRE                                         r  q_memory_reg[305][0]/D
  -------------------------------------------------------------------    -------------------

                         (clock ap_clk rise edge)     0.000     0.000 r  
    J16                                               0.000     0.000 r  ap_clk (IN)
                         net (fo=0)                   0.000     0.000    ap_clk_IBUF_inst/I
    J16                  INBUF (Prop_INBUF_HDIOB_M_PAD_O)
                                                      0.567     0.567 r  ap_clk_IBUF_inst/INBUF_INST/O
                         net (fo=1, routed)           0.000     0.567    ap_clk_IBUF_inst/OUT
    J16                  IBUFCTRL (Prop_IBUFCTRL_HDIOB_M_I_O)
                                                      0.000     0.567 r  ap_clk_IBUF_inst/IBUFCTRL_INST/O
                         net (fo=1, routed)           0.169     0.736    ap_clk_IBUF
    BUFGCE_HDIO_X0Y4     BUFGCE (Prop_BUFCE_BUFGCE_HDIO_I_O)
                                                      0.024     0.760 r  ap_clk_IBUF_BUFG_inst/O
    X4Y5 (CLOCK_ROOT)    net (fo=9844, routed)        1.275     2.035    ap_clk_IBUF_BUFG
    SLICE_X93Y337        FDRE                                         r  q_memory_reg[305][0]/C

Slack:                    inf
  Source:                 in_TDATA[13]
                            (input port)
  Destination:            q_memory_reg[382][0]/D
                            (rising edge-triggered cell FDRE clocked by ap_clk  {rise@0.000ns fall@0.500ns period=1.000ns})
  Path Group:             (none)
  Path Type:              Setup (Max at Slow Process Corner)
  Data Path Delay:        5.213ns  (logic 1.104ns (21.187%)  route 4.108ns (78.813%))
  Logic Levels:           2  (IBUFCTRL=1 INBUF=1)
  Clock Path Skew:        2.046ns (DCD - SCD + CPR)
    Destination Clock Delay (DCD):    2.046ns
    Source Clock Delay      (SCD):    0.000ns
    Clock Pessimism Removal (CPR):    0.000ns
  Clock Uncertainty:      0.025ns  ((TSJ^2 + TIJ^2)^1/2 + DJ) / 2 + PE
    Total System Jitter     (TSJ):    0.050ns
    Total Input Jitter      (TIJ):    0.000ns
    Discrete Jitter          (DJ):    0.000ns
    Phase Error              (PE):    0.000ns
  Clock Net Delay (Destination): 1.286ns (routing 0.543ns, distribution 0.743ns)

    Location             Delay type                Incr(ns)  Path(ns)    Netlist Resource(s)
  -------------------------------------------------------------------    -------------------
    A10                                               0.000     0.000 r  in_TDATA[13] (IN)
                         net (fo=0)                   0.000     0.000    in_TDATA_IBUF[13]_inst/I
    A10                  INBUF (Prop_INBUF_HDIOB_M_PAD_O)
                                                      1.104     1.104 r  in_TDATA_IBUF[13]_inst/INBUF_INST/O
                         net (fo=1, routed)           0.000     1.104    in_TDATA_IBUF[13]_inst/OUT
    A10                  IBUFCTRL (Prop_IBUFCTRL_HDIOB_M_I_O)
                                                      0.000     1.104 r  in_TDATA_IBUF[13]_inst/IBUFCTRL_INST/O
                         net (fo=400, routed)         4.108     5.213    in_TDATA_IBUF[13]
    SLICE_X98Y334        FDRE                                         r  q_memory_reg[382][0]/D
  -------------------------------------------------------------------    -------------------

                         (clock ap_clk rise edge)     0.000     0.000 r  
    J16                                               0.000     0.000 r  ap_clk (IN)
                         net (fo=0)                   0.000     0.000    ap_clk_IBUF_inst/I
    J16                  INBUF (Prop_INBUF_HDIOB_M_PAD_O)
                                                      0.567     0.567 r  ap_clk_IBUF_inst/INBUF_INST/O
                         net (fo=1, routed)           0.000     0.567    ap_clk_IBUF_inst/OUT
    J16                  IBUFCTRL (Prop_IBUFCTRL_HDIOB_M_I_O)
                                                      0.000     0.567 r  ap_clk_IBUF_inst/IBUFCTRL_INST/O
                         net (fo=1, routed)           0.169     0.736    ap_clk_IBUF
    BUFGCE_HDIO_X0Y4     BUFGCE (Prop_BUFCE_BUFGCE_HDIO_I_O)
                                                      0.024     0.760 r  ap_clk_IBUF_BUFG_inst/O
    X4Y5 (CLOCK_ROOT)    net (fo=9844, routed)        1.286     2.046    ap_clk_IBUF_BUFG
    SLICE_X98Y334        FDRE                                         r  q_memory_reg[382][0]/C

Slack:                    inf
  Source:                 in_TDATA[13]
                            (input port)
  Destination:            q_memory_reg[320][0]/D
                            (rising edge-triggered cell FDRE clocked by ap_clk  {rise@0.000ns fall@0.500ns period=1.000ns})
  Path Group:             (none)
  Path Type:              Setup (Max at Slow Process Corner)
  Data Path Delay:        5.195ns  (logic 1.104ns (21.258%)  route 4.091ns (78.742%))
  Logic Levels:           2  (IBUFCTRL=1 INBUF=1)
  Clock Path Skew:        2.041ns (DCD - SCD + CPR)
    Destination Clock Delay (DCD):    2.041ns
    Source Clock Delay      (SCD):    0.000ns
    Clock Pessimism Removal (CPR):    0.000ns
  Clock Uncertainty:      0.025ns  ((TSJ^2 + TIJ^2)^1/2 + DJ) / 2 + PE
    Total System Jitter     (TSJ):    0.050ns
    Total Input Jitter      (TIJ):    0.000ns
    Discrete Jitter          (DJ):    0.000ns
    Phase Error              (PE):    0.000ns
  Clock Net Delay (Destination): 1.281ns (routing 0.543ns, distribution 0.738ns)

    Location             Delay type                Incr(ns)  Path(ns)    Netlist Resource(s)
  -------------------------------------------------------------------    -------------------
    A10                                               0.000     0.000 r  in_TDATA[13] (IN)
                         net (fo=0)                   0.000     0.000    in_TDATA_IBUF[13]_inst/I
    A10                  INBUF (Prop_INBUF_HDIOB_M_PAD_O)
                                                      1.104     1.104 r  in_TDATA_IBUF[13]_inst/INBUF_INST/O
                         net (fo=1, routed)           0.000     1.104    in_TDATA_IBUF[13]_inst/OUT
    A10                  IBUFCTRL (Prop_IBUFCTRL_HDIOB_M_I_O)
                                                      0.000     1.104 r  in_TDATA_IBUF[13]_inst/IBUFCTRL_INST/O
                         net (fo=400, routed)         4.091     5.195    in_TDATA_IBUF[13]
    SLICE_X93Y341        FDRE                                         r  q_memory_reg[320][0]/D
  -------------------------------------------------------------------    -------------------

                         (clock ap_clk rise edge)     0.000     0.000 r  
    J16                                               0.000     0.000 r  ap_clk (IN)
                         net (fo=0)                   0.000     0.000    ap_clk_IBUF_inst/I
    J16                  INBUF (Prop_INBUF_HDIOB_M_PAD_O)
                                                      0.567     0.567 r  ap_clk_IBUF_inst/INBUF_INST/O
                         net (fo=1, routed)           0.000     0.567    ap_clk_IBUF_inst/OUT
    J16                  IBUFCTRL (Prop_IBUFCTRL_HDIOB_M_I_O)
                                                      0.000     0.567 r  ap_clk_IBUF_inst/IBUFCTRL_INST/O
                         net (fo=1, routed)           0.169     0.736    ap_clk_IBUF
    BUFGCE_HDIO_X0Y4     BUFGCE (Prop_BUFCE_BUFGCE_HDIO_I_O)
                                                      0.024     0.760 r  ap_clk_IBUF_BUFG_inst/O
    X4Y5 (CLOCK_ROOT)    net (fo=9844, routed)        1.281     2.041    ap_clk_IBUF_BUFG
    SLICE_X93Y341        FDRE                                         r  q_memory_reg[320][0]/C

Slack:                    inf
  Source:                 in_TDATA[13]
                            (input port)
  Destination:            q_memory_reg[312][0]/D
                            (rising edge-triggered cell FDRE clocked by ap_clk  {rise@0.000ns fall@0.500ns period=1.000ns})
  Path Group:             (none)
  Path Type:              Setup (Max at Slow Process Corner)
  Data Path Delay:        5.167ns  (logic 1.104ns (21.374%)  route 4.063ns (78.626%))
  Logic Levels:           2  (IBUFCTRL=1 INBUF=1)
  Clock Path Skew:        1.991ns (DCD - SCD + CPR)
    Destination Clock Delay (DCD):    1.991ns
    Source Clock Delay      (SCD):    0.000ns
    Clock Pessimism Removal (CPR):    0.000ns
  Clock Uncertainty:      0.025ns  ((TSJ^2 + TIJ^2)^1/2 + DJ) / 2 + PE
    Total System Jitter     (TSJ):    0.050ns
    Total Input Jitter      (TIJ):    0.000ns
    Discrete Jitter          (DJ):    0.000ns
    Phase Error              (PE):    0.000ns
  Clock Net Delay (Destination): 1.231ns (routing 0.543ns, distribution 0.688ns)

    Location             Delay type                Incr(ns)  Path(ns)    Netlist Resource(s)
  -------------------------------------------------------------------    -------------------
    A10                                               0.000     0.000 r  in_TDATA[13] (IN)
                         net (fo=0)                   0.000     0.000    in_TDATA_IBUF[13]_inst/I
    A10                  INBUF (Prop_INBUF_HDIOB_M_PAD_O)
                                                      1.104     1.104 r  in_TDATA_IBUF[13]_inst/INBUF_INST/O
                         net (fo=1, routed)           0.000     1.104    in_TDATA_IBUF[13]_inst/OUT
    A10                  IBUFCTRL (Prop_IBUFCTRL_HDIOB_M_I_O)
                                                      0.000     1.104 r  in_TDATA_IBUF[13]_inst/IBUFCTRL_INST/O
                         net (fo=400, routed)         4.063     5.167    in_TDATA_IBUF[13]
    SLICE_X95Y339        FDRE                                         r  q_memory_reg[312][0]/D
  -------------------------------------------------------------------    -------------------

                         (clock ap_clk rise edge)     0.000     0.000 r  
    J16                                               0.000     0.000 r  ap_clk (IN)
                         net (fo=0)                   0.000     0.000    ap_clk_IBUF_inst/I
    J16                  INBUF (Prop_INBUF_HDIOB_M_PAD_O)
                                                      0.567     0.567 r  ap_clk_IBUF_inst/INBUF_INST/O
                         net (fo=1, routed)           0.000     0.567    ap_clk_IBUF_inst/OUT
    J16                  IBUFCTRL (Prop_IBUFCTRL_HDIOB_M_I_O)
                                                      0.000     0.567 r  ap_clk_IBUF_inst/IBUFCTRL_INST/O
                         net (fo=1, routed)           0.169     0.736    ap_clk_IBUF
    BUFGCE_HDIO_X0Y4     BUFGCE (Prop_BUFCE_BUFGCE_HDIO_I_O)
                                                      0.024     0.760 r  ap_clk_IBUF_BUFG_inst/O
    X4Y5 (CLOCK_ROOT)    net (fo=9844, routed)        1.231     1.991    ap_clk_IBUF_BUFG
    SLICE_X95Y339        FDRE                                         r  q_memory_reg[312][0]/C

Slack:                    inf
  Source:                 in_TDATA[13]
                            (input port)
  Destination:            q_memory_reg[211][0]/D
                            (rising edge-triggered cell FDRE clocked by ap_clk  {rise@0.000ns fall@0.500ns period=1.000ns})
  Path Group:             (none)
  Path Type:              Setup (Max at Slow Process Corner)
  Data Path Delay:        5.051ns  (logic 1.104ns (21.866%)  route 3.946ns (78.134%))
  Logic Levels:           2  (IBUFCTRL=1 INBUF=1)
  Clock Path Skew:        1.982ns (DCD - SCD + CPR)
    Destination Clock Delay (DCD):    1.982ns
    Source Clock Delay      (SCD):    0.000ns
    Clock Pessimism Removal (CPR):    0.000ns
  Clock Uncertainty:      0.025ns  ((TSJ^2 + TIJ^2)^1/2 + DJ) / 2 + PE
    Total System Jitter     (TSJ):    0.050ns
    Total Input Jitter      (TIJ):    0.000ns
    Discrete Jitter          (DJ):    0.000ns
    Phase Error              (PE):    0.000ns
  Clock Net Delay (Destination): 1.222ns (routing 0.543ns, distribution 0.679ns)

    Location             Delay type                Incr(ns)  Path(ns)    Netlist Resource(s)
  -------------------------------------------------------------------    -------------------
    A10                                               0.000     0.000 r  in_TDATA[13] (IN)
                         net (fo=0)                   0.000     0.000    in_TDATA_IBUF[13]_inst/I
    A10                  INBUF (Prop_INBUF_HDIOB_M_PAD_O)
                                                      1.104     1.104 r  in_TDATA_IBUF[13]_inst/INBUF_INST/O
                         net (fo=1, routed)           0.000     1.104    in_TDATA_IBUF[13]_inst/OUT
    A10                  IBUFCTRL (Prop_IBUFCTRL_HDIOB_M_I_O)
                                                      0.000     1.104 r  in_TDATA_IBUF[13]_inst/IBUFCTRL_INST/O
                         net (fo=400, routed)         3.946     5.051    in_TDATA_IBUF[13]
    SLICE_X94Y331        FDRE                                         r  q_memory_reg[211][0]/D
  -------------------------------------------------------------------    -------------------

                         (clock ap_clk rise edge)     0.000     0.000 r  
    J16                                               0.000     0.000 r  ap_clk (IN)
                         net (fo=0)                   0.000     0.000    ap_clk_IBUF_inst/I
    J16                  INBUF (Prop_INBUF_HDIOB_M_PAD_O)
                                                      0.567     0.567 r  ap_clk_IBUF_inst/INBUF_INST/O
                         net (fo=1, routed)           0.000     0.567    ap_clk_IBUF_inst/OUT
    J16                  IBUFCTRL (Prop_IBUFCTRL_HDIOB_M_I_O)
                                                      0.000     0.567 r  ap_clk_IBUF_inst/IBUFCTRL_INST/O
                         net (fo=1, routed)           0.169     0.736    ap_clk_IBUF
    BUFGCE_HDIO_X0Y4     BUFGCE (Prop_BUFCE_BUFGCE_HDIO_I_O)
                                                      0.024     0.760 r  ap_clk_IBUF_BUFG_inst/O
    X4Y5 (CLOCK_ROOT)    net (fo=9844, routed)        1.222     1.982    ap_clk_IBUF_BUFG
    SLICE_X94Y331        FDRE                                         r  q_memory_reg[211][0]/C

Slack:                    inf
  Source:                 in_TDATA[13]
                            (input port)
  Destination:            q_memory_reg[274][0]/D
                            (rising edge-triggered cell FDRE clocked by ap_clk  {rise@0.000ns fall@0.500ns period=1.000ns})
  Path Group:             (none)
  Path Type:              Setup (Max at Slow Process Corner)
  Data Path Delay:        5.043ns  (logic 1.104ns (21.900%)  route 3.939ns (78.100%))
  Logic Levels:           2  (IBUFCTRL=1 INBUF=1)
  Clock Path Skew:        1.993ns (DCD - SCD + CPR)
    Destination Clock Delay (DCD):    1.993ns
    Source Clock Delay      (SCD):    0.000ns
    Clock Pessimism Removal (CPR):    0.000ns
  Clock Uncertainty:      0.025ns  ((TSJ^2 + TIJ^2)^1/2 + DJ) / 2 + PE
    Total System Jitter     (TSJ):    0.050ns
    Total Input Jitter      (TIJ):    0.000ns
    Discrete Jitter          (DJ):    0.000ns
    Phase Error              (PE):    0.000ns
  Clock Net Delay (Destination): 1.233ns (routing 0.543ns, distribution 0.690ns)

    Location             Delay type                Incr(ns)  Path(ns)    Netlist Resource(s)
  -------------------------------------------------------------------    -------------------
    A10                                               0.000     0.000 r  in_TDATA[13] (IN)
                         net (fo=0)                   0.000     0.000    in_TDATA_IBUF[13]_inst/I
    A10                  INBUF (Prop_INBUF_HDIOB_M_PAD_O)
                                                      1.104     1.104 r  in_TDATA_IBUF[13]_inst/INBUF_INST/O
                         net (fo=1, routed)           0.000     1.104    in_TDATA_IBUF[13]_inst/OUT
    A10                  IBUFCTRL (Prop_IBUFCTRL_HDIOB_M_I_O)
                                                      0.000     1.104 r  in_TDATA_IBUF[13]_inst/IBUFCTRL_INST/O
                         net (fo=400, routed)         3.939     5.043    in_TDATA_IBUF[13]
    SLICE_X92Y340        FDRE                                         r  q_memory_reg[274][0]/D
  -------------------------------------------------------------------    -------------------

                         (clock ap_clk rise edge)     0.000     0.000 r  
    J16                                               0.000     0.000 r  ap_clk (IN)
                         net (fo=0)                   0.000     0.000    ap_clk_IBUF_inst/I
    J16                  INBUF (Prop_INBUF_HDIOB_M_PAD_O)
                                                      0.567     0.567 r  ap_clk_IBUF_inst/INBUF_INST/O
                         net (fo=1, routed)           0.000     0.567    ap_clk_IBUF_inst/OUT
    J16                  IBUFCTRL (Prop_IBUFCTRL_HDIOB_M_I_O)
                                                      0.000     0.567 r  ap_clk_IBUF_inst/IBUFCTRL_INST/O
                         net (fo=1, routed)           0.169     0.736    ap_clk_IBUF
    BUFGCE_HDIO_X0Y4     BUFGCE (Prop_BUFCE_BUFGCE_HDIO_I_O)
                                                      0.024     0.760 r  ap_clk_IBUF_BUFG_inst/O
    X4Y5 (CLOCK_ROOT)    net (fo=9844, routed)        1.233     1.993    ap_clk_IBUF_BUFG
    SLICE_X92Y340        FDRE                                         r  q_memory_reg[274][0]/C





Min Delay Paths
--------------------------------------------------------------------------------------
Slack:                    inf
  Source:                 in_TDATA[30]
                            (input port)
  Destination:            i_memory_reg[108][3]/D
                            (rising edge-triggered cell FDRE clocked by ap_clk  {rise@0.000ns fall@0.500ns period=1.000ns})
  Path Group:             (none)
  Path Type:              Hold (Min at Fast Process Corner)
  Data Path Delay:        0.758ns  (logic 0.415ns (54.703%)  route 0.343ns (45.297%))
  Logic Levels:           2  (IBUFCTRL=1 INBUF=1)
  Clock Path Skew:        1.768ns (DCD - SCD - CPR)
    Destination Clock Delay (DCD):    1.768ns
    Source Clock Delay      (SCD):    0.000ns
    Clock Pessimism Removal (CPR):    -0.000ns
  Clock Net Delay (Destination): 0.939ns (routing 0.368ns, distribution 0.571ns)

    Location             Delay type                Incr(ns)  Path(ns)    Netlist Resource(s)
  -------------------------------------------------------------------    -------------------
    E11                                               0.000     0.000 r  in_TDATA[30] (IN)
                         net (fo=0)                   0.000     0.000    in_TDATA_IBUF[30]_inst/I
    E11                  INBUF (Prop_INBUF_HDIOB_M_PAD_O)
                                                      0.415     0.415 r  in_TDATA_IBUF[30]_inst/INBUF_INST/O
                         net (fo=1, routed)           0.000     0.415    in_TDATA_IBUF[30]_inst/OUT
    E11                  IBUFCTRL (Prop_IBUFCTRL_HDIOB_M_I_O)
                                                      0.000     0.415 r  in_TDATA_IBUF[30]_inst/IBUFCTRL_INST/O
                         net (fo=400, routed)         0.343     0.758    in_TDATA_IBUF[30]
    SLICE_X104Y335       FDRE                                         r  i_memory_reg[108][3]/D
  -------------------------------------------------------------------    -------------------

                         (clock ap_clk rise edge)     0.000     0.000 r  
    J16                                               0.000     0.000 r  ap_clk (IN)
                         net (fo=0)                   0.000     0.000    ap_clk_IBUF_inst/I
    J16                  INBUF (Prop_INBUF_HDIOB_M_PAD_O)
                                                      0.697     0.697 r  ap_clk_IBUF_inst/INBUF_INST/O
                         net (fo=1, routed)           0.000     0.697    ap_clk_IBUF_inst/OUT
    J16                  IBUFCTRL (Prop_IBUFCTRL_HDIOB_M_I_O)
                                                      0.000     0.697 r  ap_clk_IBUF_inst/IBUFCTRL_INST/O
                         net (fo=1, routed)           0.113     0.810    ap_clk_IBUF
    BUFGCE_HDIO_X0Y4     BUFGCE (Prop_BUFCE_BUFGCE_HDIO_I_O)
                                                      0.019     0.829 r  ap_clk_IBUF_BUFG_inst/O
    X4Y5 (CLOCK_ROOT)    net (fo=9844, routed)        0.939     1.768    ap_clk_IBUF_BUFG
    SLICE_X104Y335       FDRE                                         r  i_memory_reg[108][3]/C

Slack:                    inf
  Source:                 in_TDATA[27]
                            (input port)
  Destination:            i_memory_reg[354][0]/D
                            (rising edge-triggered cell FDRE clocked by ap_clk  {rise@0.000ns fall@0.500ns period=1.000ns})
  Path Group:             (none)
  Path Type:              Hold (Min at Fast Process Corner)
  Data Path Delay:        0.767ns  (logic 0.415ns (54.116%)  route 0.352ns (45.884%))
  Logic Levels:           2  (IBUFCTRL=1 INBUF=1)
  Clock Path Skew:        1.719ns (DCD - SCD - CPR)
    Destination Clock Delay (DCD):    1.719ns
    Source Clock Delay      (SCD):    0.000ns
    Clock Pessimism Removal (CPR):    -0.000ns
  Clock Net Delay (Destination): 0.890ns (routing 0.368ns, distribution 0.522ns)

    Location             Delay type                Incr(ns)  Path(ns)    Netlist Resource(s)
  -------------------------------------------------------------------    -------------------
    B11                                               0.000     0.000 r  in_TDATA[27] (IN)
                         net (fo=0)                   0.000     0.000    in_TDATA_IBUF[27]_inst/I
    B11                  INBUF (Prop_INBUF_HDIOB_S_PAD_O)
                                                      0.415     0.415 r  in_TDATA_IBUF[27]_inst/INBUF_INST/O
                         net (fo=1, routed)           0.000     0.415    in_TDATA_IBUF[27]_inst/OUT
    B11                  IBUFCTRL (Prop_IBUFCTRL_HDIOB_S_I_O)
                                                      0.000     0.415 r  in_TDATA_IBUF[27]_inst/IBUFCTRL_INST/O
                         net (fo=400, routed)         0.352     0.767    in_TDATA_IBUF[27]
    SLICE_X95Y346        FDRE                                         r  i_memory_reg[354][0]/D
  -------------------------------------------------------------------    -------------------

                         (clock ap_clk rise edge)     0.000     0.000 r  
    J16                                               0.000     0.000 r  ap_clk (IN)
                         net (fo=0)                   0.000     0.000    ap_clk_IBUF_inst/I
    J16                  INBUF (Prop_INBUF_HDIOB_M_PAD_O)
                                                      0.697     0.697 r  ap_clk_IBUF_inst/INBUF_INST/O
                         net (fo=1, routed)           0.000     0.697    ap_clk_IBUF_inst/OUT
    J16                  IBUFCTRL (Prop_IBUFCTRL_HDIOB_M_I_O)
                                                      0.000     0.697 r  ap_clk_IBUF_inst/IBUFCTRL_INST/O
                         net (fo=1, routed)           0.113     0.810    ap_clk_IBUF
    BUFGCE_HDIO_X0Y4     BUFGCE (Prop_BUFCE_BUFGCE_HDIO_I_O)
                                                      0.019     0.829 r  ap_clk_IBUF_BUFG_inst/O
    X4Y5 (CLOCK_ROOT)    net (fo=9844, routed)        0.890     1.719    ap_clk_IBUF_BUFG
    SLICE_X95Y346        FDRE                                         r  i_memory_reg[354][0]/C

Slack:                    inf
  Source:                 in_TDATA[28]
                            (input port)
  Destination:            i_memory_reg[324][1]/D
                            (rising edge-triggered cell FDRE clocked by ap_clk  {rise@0.000ns fall@0.500ns period=1.000ns})
  Path Group:             (none)
  Path Type:              Hold (Min at Fast Process Corner)
  Data Path Delay:        0.770ns  (logic 0.413ns (53.685%)  route 0.357ns (46.315%))
  Logic Levels:           2  (IBUFCTRL=1 INBUF=1)
  Clock Path Skew:        1.721ns (DCD - SCD - CPR)
    Destination Clock Delay (DCD):    1.721ns
    Source Clock Delay      (SCD):    0.000ns
    Clock Pessimism Removal (CPR):    -0.000ns
  Clock Net Delay (Destination): 0.892ns (routing 0.368ns, distribution 0.524ns)

    Location             Delay type                Incr(ns)  Path(ns)    Netlist Resource(s)
  -------------------------------------------------------------------    -------------------
    D9                                                0.000     0.000 r  in_TDATA[28] (IN)
                         net (fo=0)                   0.000     0.000    in_TDATA_IBUF[28]_inst/I
    D9                   INBUF (Prop_INBUF_HDIOB_M_PAD_O)
                                                      0.413     0.413 r  in_TDATA_IBUF[28]_inst/INBUF_INST/O
                         net (fo=1, routed)           0.000     0.413    in_TDATA_IBUF[28]_inst/OUT
    D9                   IBUFCTRL (Prop_IBUFCTRL_HDIOB_M_I_O)
                                                      0.000     0.413 r  in_TDATA_IBUF[28]_inst/IBUFCTRL_INST/O
                         net (fo=400, routed)         0.357     0.770    in_TDATA_IBUF[28]
    SLICE_X94Y341        FDRE                                         r  i_memory_reg[324][1]/D
  -------------------------------------------------------------------    -------------------

                         (clock ap_clk rise edge)     0.000     0.000 r  
    J16                                               0.000     0.000 r  ap_clk (IN)
                         net (fo=0)                   0.000     0.000    ap_clk_IBUF_inst/I
    J16                  INBUF (Prop_INBUF_HDIOB_M_PAD_O)
                                                      0.697     0.697 r  ap_clk_IBUF_inst/INBUF_INST/O
                         net (fo=1, routed)           0.000     0.697    ap_clk_IBUF_inst/OUT
    J16                  IBUFCTRL (Prop_IBUFCTRL_HDIOB_M_I_O)
                                                      0.000     0.697 r  ap_clk_IBUF_inst/IBUFCTRL_INST/O
                         net (fo=1, routed)           0.113     0.810    ap_clk_IBUF
    BUFGCE_HDIO_X0Y4     BUFGCE (Prop_BUFCE_BUFGCE_HDIO_I_O)
                                                      0.019     0.829 r  ap_clk_IBUF_BUFG_inst/O
    X4Y5 (CLOCK_ROOT)    net (fo=9844, routed)        0.892     1.721    ap_clk_IBUF_BUFG
    SLICE_X94Y341        FDRE                                         r  i_memory_reg[324][1]/C

Slack:                    inf
  Source:                 in_TDATA[30]
                            (input port)
  Destination:            i_memory_reg[384][3]/D
                            (rising edge-triggered cell FDRE clocked by ap_clk  {rise@0.000ns fall@0.500ns period=1.000ns})
  Path Group:             (none)
  Path Type:              Hold (Min at Fast Process Corner)
  Data Path Delay:        0.774ns  (logic 0.415ns (53.575%)  route 0.359ns (46.425%))
  Logic Levels:           2  (IBUFCTRL=1 INBUF=1)
  Clock Path Skew:        1.756ns (DCD - SCD - CPR)
    Destination Clock Delay (DCD):    1.756ns
    Source Clock Delay      (SCD):    0.000ns
    Clock Pessimism Removal (CPR):    -0.000ns
  Clock Net Delay (Destination): 0.927ns (routing 0.368ns, distribution 0.559ns)

    Location             Delay type                Incr(ns)  Path(ns)    Netlist Resource(s)
  -------------------------------------------------------------------    -------------------
    E11                                               0.000     0.000 r  in_TDATA[30] (IN)
                         net (fo=0)                   0.000     0.000    in_TDATA_IBUF[30]_inst/I
    E11                  INBUF (Prop_INBUF_HDIOB_M_PAD_O)
                                                      0.415     0.415 r  in_TDATA_IBUF[30]_inst/INBUF_INST/O
                         net (fo=1, routed)           0.000     0.415    in_TDATA_IBUF[30]_inst/OUT
    E11                  IBUFCTRL (Prop_IBUFCTRL_HDIOB_M_I_O)
                                                      0.000     0.415 r  in_TDATA_IBUF[30]_inst/IBUFCTRL_INST/O
                         net (fo=400, routed)         0.359     0.774    in_TDATA_IBUF[30]
    SLICE_X103Y334       FDRE                                         r  i_memory_reg[384][3]/D
  -------------------------------------------------------------------    -------------------

                         (clock ap_clk rise edge)     0.000     0.000 r  
    J16                                               0.000     0.000 r  ap_clk (IN)
                         net (fo=0)                   0.000     0.000    ap_clk_IBUF_inst/I
    J16                  INBUF (Prop_INBUF_HDIOB_M_PAD_O)
                                                      0.697     0.697 r  ap_clk_IBUF_inst/INBUF_INST/O
                         net (fo=1, routed)           0.000     0.697    ap_clk_IBUF_inst/OUT
    J16                  IBUFCTRL (Prop_IBUFCTRL_HDIOB_M_I_O)
                                                      0.000     0.697 r  ap_clk_IBUF_inst/IBUFCTRL_INST/O
                         net (fo=1, routed)           0.113     0.810    ap_clk_IBUF
    BUFGCE_HDIO_X0Y4     BUFGCE (Prop_BUFCE_BUFGCE_HDIO_I_O)
                                                      0.019     0.829 r  ap_clk_IBUF_BUFG_inst/O
    X4Y5 (CLOCK_ROOT)    net (fo=9844, routed)        0.927     1.756    ap_clk_IBUF_BUFG
    SLICE_X103Y334       FDRE                                         r  i_memory_reg[384][3]/C

Slack:                    inf
  Source:                 in_TDATA[28]
                            (input port)
  Destination:            i_memory_reg[313][1]/D
                            (rising edge-triggered cell FDRE clocked by ap_clk  {rise@0.000ns fall@0.500ns period=1.000ns})
  Path Group:             (none)
  Path Type:              Hold (Min at Fast Process Corner)
  Data Path Delay:        0.777ns  (logic 0.413ns (53.185%)  route 0.364ns (46.815%))
  Logic Levels:           2  (IBUFCTRL=1 INBUF=1)
  Clock Path Skew:        1.719ns (DCD - SCD - CPR)
    Destination Clock Delay (DCD):    1.719ns
    Source Clock Delay      (SCD):    0.000ns
    Clock Pessimism Removal (CPR):    -0.000ns
  Clock Net Delay (Destination): 0.890ns (routing 0.368ns, distribution 0.522ns)

    Location             Delay type                Incr(ns)  Path(ns)    Netlist Resource(s)
  -------------------------------------------------------------------    -------------------
    D9                                                0.000     0.000 r  in_TDATA[28] (IN)
                         net (fo=0)                   0.000     0.000    in_TDATA_IBUF[28]_inst/I
    D9                   INBUF (Prop_INBUF_HDIOB_M_PAD_O)
                                                      0.413     0.413 r  in_TDATA_IBUF[28]_inst/INBUF_INST/O
                         net (fo=1, routed)           0.000     0.413    in_TDATA_IBUF[28]_inst/OUT
    D9                   IBUFCTRL (Prop_IBUFCTRL_HDIOB_M_I_O)
                                                      0.000     0.413 r  in_TDATA_IBUF[28]_inst/IBUFCTRL_INST/O
                         net (fo=400, routed)         0.364     0.777    in_TDATA_IBUF[28]
    SLICE_X94Y340        FDRE                                         r  i_memory_reg[313][1]/D
  -------------------------------------------------------------------    -------------------

                         (clock ap_clk rise edge)     0.000     0.000 r  
    J16                                               0.000     0.000 r  ap_clk (IN)
                         net (fo=0)                   0.000     0.000    ap_clk_IBUF_inst/I
    J16                  INBUF (Prop_INBUF_HDIOB_M_PAD_O)
                                                      0.697     0.697 r  ap_clk_IBUF_inst/INBUF_INST/O
                         net (fo=1, routed)           0.000     0.697    ap_clk_IBUF_inst/OUT
    J16                  IBUFCTRL (Prop_IBUFCTRL_HDIOB_M_I_O)
                                                      0.000     0.697 r  ap_clk_IBUF_inst/IBUFCTRL_INST/O
                         net (fo=1, routed)           0.113     0.810    ap_clk_IBUF
    BUFGCE_HDIO_X0Y4     BUFGCE (Prop_BUFCE_BUFGCE_HDIO_I_O)
                                                      0.019     0.829 r  ap_clk_IBUF_BUFG_inst/O
    X4Y5 (CLOCK_ROOT)    net (fo=9844, routed)        0.890     1.719    ap_clk_IBUF_BUFG
    SLICE_X94Y340        FDRE                                         r  i_memory_reg[313][1]/C

Slack:                    inf
  Source:                 in_TDATA[17]
                            (input port)
  Destination:            q_memory_reg[311][4]/D
                            (rising edge-triggered cell FDRE clocked by ap_clk  {rise@0.000ns fall@0.500ns period=1.000ns})
  Path Group:             (none)
  Path Type:              Hold (Min at Fast Process Corner)
  Data Path Delay:        0.783ns  (logic 0.416ns (53.116%)  route 0.367ns (46.884%))
  Logic Levels:           2  (IBUFCTRL=1 INBUF=1)
  Clock Path Skew:        1.718ns (DCD - SCD - CPR)
    Destination Clock Delay (DCD):    1.718ns
    Source Clock Delay      (SCD):    0.000ns
    Clock Pessimism Removal (CPR):    -0.000ns
  Clock Net Delay (Destination): 0.889ns (routing 0.368ns, distribution 0.521ns)

    Location             Delay type                Incr(ns)  Path(ns)    Netlist Resource(s)
  -------------------------------------------------------------------    -------------------
    C11                                               0.000     0.000 r  in_TDATA[17] (IN)
                         net (fo=0)                   0.000     0.000    in_TDATA_IBUF[17]_inst/I
    C11                  INBUF (Prop_INBUF_HDIOB_M_PAD_O)
                                                      0.416     0.416 r  in_TDATA_IBUF[17]_inst/INBUF_INST/O
                         net (fo=1, routed)           0.000     0.416    in_TDATA_IBUF[17]_inst/OUT
    C11                  IBUFCTRL (Prop_IBUFCTRL_HDIOB_M_I_O)
                                                      0.000     0.416 r  in_TDATA_IBUF[17]_inst/IBUFCTRL_INST/O
                         net (fo=400, routed)         0.367     0.783    in_TDATA_IBUF[17]
    SLICE_X95Y344        FDRE                                         r  q_memory_reg[311][4]/D
  -------------------------------------------------------------------    -------------------

                         (clock ap_clk rise edge)     0.000     0.000 r  
    J16                                               0.000     0.000 r  ap_clk (IN)
                         net (fo=0)                   0.000     0.000    ap_clk_IBUF_inst/I
    J16                  INBUF (Prop_INBUF_HDIOB_M_PAD_O)
                                                      0.697     0.697 r  ap_clk_IBUF_inst/INBUF_INST/O
                         net (fo=1, routed)           0.000     0.697    ap_clk_IBUF_inst/OUT
    J16                  IBUFCTRL (Prop_IBUFCTRL_HDIOB_M_I_O)
                                                      0.000     0.697 r  ap_clk_IBUF_inst/IBUFCTRL_INST/O
                         net (fo=1, routed)           0.113     0.810    ap_clk_IBUF
    BUFGCE_HDIO_X0Y4     BUFGCE (Prop_BUFCE_BUFGCE_HDIO_I_O)
                                                      0.019     0.829 r  ap_clk_IBUF_BUFG_inst/O
    X4Y5 (CLOCK_ROOT)    net (fo=9844, routed)        0.889     1.718    ap_clk_IBUF_BUFG
    SLICE_X95Y344        FDRE                                         r  q_memory_reg[311][4]/C

Slack:                    inf
  Source:                 in_TDATA[30]
                            (input port)
  Destination:            i_memory_reg[234][3]/D
                            (rising edge-triggered cell FDRE clocked by ap_clk  {rise@0.000ns fall@0.500ns period=1.000ns})
  Path Group:             (none)
  Path Type:              Hold (Min at Fast Process Corner)
  Data Path Delay:        0.786ns  (logic 0.415ns (52.714%)  route 0.372ns (47.286%))
  Logic Levels:           2  (IBUFCTRL=1 INBUF=1)
  Clock Path Skew:        1.758ns (DCD - SCD - CPR)
    Destination Clock Delay (DCD):    1.758ns
    Source Clock Delay      (SCD):    0.000ns
    Clock Pessimism Removal (CPR):    -0.000ns
  Clock Net Delay (Destination): 0.929ns (routing 0.368ns, distribution 0.561ns)

    Location             Delay type                Incr(ns)  Path(ns)    Netlist Resource(s)
  -------------------------------------------------------------------    -------------------
    E11                                               0.000     0.000 r  in_TDATA[30] (IN)
                         net (fo=0)                   0.000     0.000    in_TDATA_IBUF[30]_inst/I
    E11                  INBUF (Prop_INBUF_HDIOB_M_PAD_O)
                                                      0.415     0.415 r  in_TDATA_IBUF[30]_inst/INBUF_INST/O
                         net (fo=1, routed)           0.000     0.415    in_TDATA_IBUF[30]_inst/OUT
    E11                  IBUFCTRL (Prop_IBUFCTRL_HDIOB_M_I_O)
                                                      0.000     0.415 r  in_TDATA_IBUF[30]_inst/IBUFCTRL_INST/O
                         net (fo=400, routed)         0.372     0.786    in_TDATA_IBUF[30]
    SLICE_X101Y335       FDRE                                         r  i_memory_reg[234][3]/D
  -------------------------------------------------------------------    -------------------

                         (clock ap_clk rise edge)     0.000     0.000 r  
    J16                                               0.000     0.000 r  ap_clk (IN)
                         net (fo=0)                   0.000     0.000    ap_clk_IBUF_inst/I
    J16                  INBUF (Prop_INBUF_HDIOB_M_PAD_O)
                                                      0.697     0.697 r  ap_clk_IBUF_inst/INBUF_INST/O
                         net (fo=1, routed)           0.000     0.697    ap_clk_IBUF_inst/OUT
    J16                  IBUFCTRL (Prop_IBUFCTRL_HDIOB_M_I_O)
                                                      0.000     0.697 r  ap_clk_IBUF_inst/IBUFCTRL_INST/O
                         net (fo=1, routed)           0.113     0.810    ap_clk_IBUF
    BUFGCE_HDIO_X0Y4     BUFGCE (Prop_BUFCE_BUFGCE_HDIO_I_O)
                                                      0.019     0.829 r  ap_clk_IBUF_BUFG_inst/O
    X4Y5 (CLOCK_ROOT)    net (fo=9844, routed)        0.929     1.758    ap_clk_IBUF_BUFG
    SLICE_X101Y335       FDRE                                         r  i_memory_reg[234][3]/C

Slack:                    inf
  Source:                 in_TDATA[28]
                            (input port)
  Destination:            i_memory_reg[312][1]/D
                            (rising edge-triggered cell FDRE clocked by ap_clk  {rise@0.000ns fall@0.500ns period=1.000ns})
  Path Group:             (none)
  Path Type:              Hold (Min at Fast Process Corner)
  Data Path Delay:        0.792ns  (logic 0.413ns (52.194%)  route 0.379ns (47.806%))
  Logic Levels:           2  (IBUFCTRL=1 INBUF=1)
  Clock Path Skew:        1.719ns (DCD - SCD - CPR)
    Destination Clock Delay (DCD):    1.719ns
    Source Clock Delay      (SCD):    0.000ns
    Clock Pessimism Removal (CPR):    -0.000ns
  Clock Net Delay (Destination): 0.890ns (routing 0.368ns, distribution 0.522ns)

    Location             Delay type                Incr(ns)  Path(ns)    Netlist Resource(s)
  -------------------------------------------------------------------    -------------------
    D9                                                0.000     0.000 r  in_TDATA[28] (IN)
                         net (fo=0)                   0.000     0.000    in_TDATA_IBUF[28]_inst/I
    D9                   INBUF (Prop_INBUF_HDIOB_M_PAD_O)
                                                      0.413     0.413 r  in_TDATA_IBUF[28]_inst/INBUF_INST/O
                         net (fo=1, routed)           0.000     0.413    in_TDATA_IBUF[28]_inst/OUT
    D9                   IBUFCTRL (Prop_IBUFCTRL_HDIOB_M_I_O)
                                                      0.000     0.413 r  in_TDATA_IBUF[28]_inst/IBUFCTRL_INST/O
                         net (fo=400, routed)         0.379     0.792    in_TDATA_IBUF[28]
    SLICE_X94Y340        FDRE                                         r  i_memory_reg[312][1]/D
  -------------------------------------------------------------------    -------------------

                         (clock ap_clk rise edge)     0.000     0.000 r  
    J16                                               0.000     0.000 r  ap_clk (IN)
                         net (fo=0)                   0.000     0.000    ap_clk_IBUF_inst/I
    J16                  INBUF (Prop_INBUF_HDIOB_M_PAD_O)
                                                      0.697     0.697 r  ap_clk_IBUF_inst/INBUF_INST/O
                         net (fo=1, routed)           0.000     0.697    ap_clk_IBUF_inst/OUT
    J16                  IBUFCTRL (Prop_IBUFCTRL_HDIOB_M_I_O)
                                                      0.000     0.697 r  ap_clk_IBUF_inst/IBUFCTRL_INST/O
                         net (fo=1, routed)           0.113     0.810    ap_clk_IBUF
    BUFGCE_HDIO_X0Y4     BUFGCE (Prop_BUFCE_BUFGCE_HDIO_I_O)
                                                      0.019     0.829 r  ap_clk_IBUF_BUFG_inst/O
    X4Y5 (CLOCK_ROOT)    net (fo=9844, routed)        0.890     1.719    ap_clk_IBUF_BUFG
    SLICE_X94Y340        FDRE                                         r  i_memory_reg[312][1]/C

Slack:                    inf
  Source:                 in_TDATA[28]
                            (input port)
  Destination:            i_memory_reg[279][1]/D
                            (rising edge-triggered cell FDRE clocked by ap_clk  {rise@0.000ns fall@0.500ns period=1.000ns})
  Path Group:             (none)
  Path Type:              Hold (Min at Fast Process Corner)
  Data Path Delay:        0.794ns  (logic 0.413ns (52.062%)  route 0.381ns (47.938%))
  Logic Levels:           2  (IBUFCTRL=1 INBUF=1)
  Clock Path Skew:        1.719ns (DCD - SCD - CPR)
    Destination Clock Delay (DCD):    1.719ns
    Source Clock Delay      (SCD):    0.000ns
    Clock Pessimism Removal (CPR):    -0.000ns
  Clock Net Delay (Destination): 0.890ns (routing 0.368ns, distribution 0.522ns)

    Location             Delay type                Incr(ns)  Path(ns)    Netlist Resource(s)
  -------------------------------------------------------------------    -------------------
    D9                                                0.000     0.000 r  in_TDATA[28] (IN)
                         net (fo=0)                   0.000     0.000    in_TDATA_IBUF[28]_inst/I
    D9                   INBUF (Prop_INBUF_HDIOB_M_PAD_O)
                                                      0.413     0.413 r  in_TDATA_IBUF[28]_inst/INBUF_INST/O
                         net (fo=1, routed)           0.000     0.413    in_TDATA_IBUF[28]_inst/OUT
    D9                   IBUFCTRL (Prop_IBUFCTRL_HDIOB_M_I_O)
                                                      0.000     0.413 r  in_TDATA_IBUF[28]_inst/IBUFCTRL_INST/O
                         net (fo=400, routed)         0.381     0.794    in_TDATA_IBUF[28]
    SLICE_X94Y341        FDRE                                         r  i_memory_reg[279][1]/D
  -------------------------------------------------------------------    -------------------

                         (clock ap_clk rise edge)     0.000     0.000 r  
    J16                                               0.000     0.000 r  ap_clk (IN)
                         net (fo=0)                   0.000     0.000    ap_clk_IBUF_inst/I
    J16                  INBUF (Prop_INBUF_HDIOB_M_PAD_O)
                                                      0.697     0.697 r  ap_clk_IBUF_inst/INBUF_INST/O
                         net (fo=1, routed)           0.000     0.697    ap_clk_IBUF_inst/OUT
    J16                  IBUFCTRL (Prop_IBUFCTRL_HDIOB_M_I_O)
                                                      0.000     0.697 r  ap_clk_IBUF_inst/IBUFCTRL_INST/O
                         net (fo=1, routed)           0.113     0.810    ap_clk_IBUF
    BUFGCE_HDIO_X0Y4     BUFGCE (Prop_BUFCE_BUFGCE_HDIO_I_O)
                                                      0.019     0.829 r  ap_clk_IBUF_BUFG_inst/O
    X4Y5 (CLOCK_ROOT)    net (fo=9844, routed)        0.890     1.719    ap_clk_IBUF_BUFG
    SLICE_X94Y341        FDRE                                         r  i_memory_reg[279][1]/C

Slack:                    inf
  Source:                 in_TDATA[28]
                            (input port)
  Destination:            i_memory_reg[342][1]/D
                            (rising edge-triggered cell FDRE clocked by ap_clk  {rise@0.000ns fall@0.500ns period=1.000ns})
  Path Group:             (none)
  Path Type:              Hold (Min at Fast Process Corner)
  Data Path Delay:        0.804ns  (logic 0.413ns (51.437%)  route 0.390ns (48.563%))
  Logic Levels:           2  (IBUFCTRL=1 INBUF=1)
  Clock Path Skew:        1.739ns (DCD - SCD - CPR)
    Destination Clock Delay (DCD):    1.739ns
    Source Clock Delay      (SCD):    0.000ns
    Clock Pessimism Removal (CPR):    -0.000ns
  Clock Net Delay (Destination): 0.910ns (routing 0.368ns, distribution 0.542ns)

    Location             Delay type                Incr(ns)  Path(ns)    Netlist Resource(s)
  -------------------------------------------------------------------    -------------------
    D9                                                0.000     0.000 r  in_TDATA[28] (IN)
                         net (fo=0)                   0.000     0.000    in_TDATA_IBUF[28]_inst/I
    D9                   INBUF (Prop_INBUF_HDIOB_M_PAD_O)
                                                      0.413     0.413 r  in_TDATA_IBUF[28]_inst/INBUF_INST/O
                         net (fo=1, routed)           0.000     0.413    in_TDATA_IBUF[28]_inst/OUT
    D9                   IBUFCTRL (Prop_IBUFCTRL_HDIOB_M_I_O)
                                                      0.000     0.413 r  in_TDATA_IBUF[28]_inst/IBUFCTRL_INST/O
                         net (fo=400, routed)         0.390     0.804    in_TDATA_IBUF[28]
    SLICE_X96Y341        FDRE                                         r  i_memory_reg[342][1]/D
  -------------------------------------------------------------------    -------------------

                         (clock ap_clk rise edge)     0.000     0.000 r  
    J16                                               0.000     0.000 r  ap_clk (IN)
                         net (fo=0)                   0.000     0.000    ap_clk_IBUF_inst/I
    J16                  INBUF (Prop_INBUF_HDIOB_M_PAD_O)
                                                      0.697     0.697 r  ap_clk_IBUF_inst/INBUF_INST/O
                         net (fo=1, routed)           0.000     0.697    ap_clk_IBUF_inst/OUT
    J16                  IBUFCTRL (Prop_IBUFCTRL_HDIOB_M_I_O)
                                                      0.000     0.697 r  ap_clk_IBUF_inst/IBUFCTRL_INST/O
                         net (fo=1, routed)           0.113     0.810    ap_clk_IBUF
    BUFGCE_HDIO_X0Y4     BUFGCE (Prop_BUFCE_BUFGCE_HDIO_I_O)
                                                      0.019     0.829 r  ap_clk_IBUF_BUFG_inst/O
    X4Y5 (CLOCK_ROOT)    net (fo=9844, routed)        0.910     1.739    ap_clk_IBUF_BUFG
    SLICE_X96Y341        FDRE                                         r  i_memory_reg[342][1]/C





