#-----------------------------------------------------------
# Vivado v2022.2 (64-bit)
# SW Build 3671981 on Fri Oct 14 04:59:54 MDT 2022
# IP Build 3669848 on Fri Oct 14 08:30:02 MDT 2022
# Start of session at: Tue May 12 13:12:41 2026
# Process ID: 3651638
# Current directory: /mnt/vault1/mfaroo19/LUNA/quantum-net-final/area-opt
# Command line: vivado -mode batch -source run.tcl
# Log file: /mnt/vault1/mfaroo19/LUNA/quantum-net-final/area-opt/vivado.log
# Journal file: /mnt/vault1/mfaroo19/LUNA/quantum-net-final/area-opt/vivado.jou
# Running On: en4228283l, OS: Linux, CPU Frequency: 2999.995 MHz, CPU Physical cores: 32, Host memory: 269992 MB
#-----------------------------------------------------------
source run.tcl
# create_project area-opt-classifier ./area-opt-classifer -part  xczu49dr-ffvf1760-2-e -force
# add_files -fileset sources_1 -norecurse ./rtl/readout_ip.sv ./rtl/sum_signed.sv
# add_files -fileset sources_1 -norecurse "./rtl/logicnets"
# set_property include_dirs "rtl/logicnets/" [current_fileset]
# read_xdc ./constraints.xdc
# set_property top nn_classifier_wrapper [current_fileset]
# launch_runs synth_1 -jobs 4
WARNING: [Vivado 12-7122] Auto Incremental Compile:: No reference checkpoint was found in run synth_1. Auto-incremental flow will not be run, the standard flow will be run instead.
[Tue May 12 13:12:49 2026] Launched synth_1...
Run output will be captured here: /mnt/vault1/mfaroo19/LUNA/quantum-net-final/area-opt/area-opt-classifer/area-opt-classifier.runs/synth_1/runme.log
# wait_on_run synth_1
[Tue May 12 13:12:49 2026] Waiting for synth_1 to finish...

*** Running vivado
    with args -log nn_classifier_wrapper.vds -m64 -product Vivado -mode batch -messageDb vivado.pb -notrace -source nn_classifier_wrapper.tcl


****** Vivado v2022.2 (64-bit)
  **** SW Build 3671981 on Fri Oct 14 04:59:54 MDT 2022
  **** IP Build 3669848 on Fri Oct 14 08:30:02 MDT 2022
    ** Copyright 1986-2022 Xilinx, Inc. All Rights Reserved.

source nn_classifier_wrapper.tcl -notrace
Command: synth_design -top nn_classifier_wrapper -part xczu49dr-ffvf1760-2-e
Starting synth_design
Attempting to get a license for feature 'Synthesis' and/or device 'xczu49dr'
INFO: [Common 17-349] Got license for feature 'Synthesis' and/or device 'xczu49dr'
INFO: [Common 17-1540] The version limit for your license is '2024.12' and has expired for new software. A version limit expiration means that, although you may be able to continue to use the current version of tools or IP with this license, you will not be eligible for new releases.
INFO: [Device 21-403] Loading part xczu49dr-ffvf1760-2-e
INFO: [Synth 8-7079] Multithreading enabled for synth_design using a maximum of 4 processes.
INFO: [Synth 8-7078] Launching helper process for spawning children vivado processes
INFO: [Synth 8-7075] Helper process launched with PID 3652192
INFO: [Synth 8-11241] undeclared symbol 'REGCCE', assumed default net type 'wire' [/mnt/vault1/kmhatre/Software/AMD/Vivado/2022.2/data/verilog/src/unimacro/BRAM_SINGLE_MACRO.v:2170]
---------------------------------------------------------------------------------
Starting RTL Elaboration : Time (s): cpu = 00:00:02 ; elapsed = 00:00:03 . Memory (MB): peak = 3036.645 ; gain = 326.801 ; free physical = 104540 ; free virtual = 229337
Synthesis current peak Physical Memory [PSS] (MB): peak = 2338.855; parent = 2172.503; children = 166.353
Synthesis current peak Virtual Memory [VSS] (MB): peak = 4012.711; parent = 3039.617; children = 973.094
---------------------------------------------------------------------------------
INFO: [Synth 8-6157] synthesizing module 'nn_classifier_wrapper' [/mnt/vault1/mfaroo19/LUNA/quantum-net-final/area-opt/rtl/readout_ip.sv:1]
INFO: [Synth 8-6157] synthesizing module 'nn_accelerator' [/mnt/vault1/mfaroo19/LUNA/quantum-net-final/area-opt/rtl/readout_ip.sv:239]
	Parameter WINDOW_SIZE bound to: 400 - type: integer 
	Parameter NUM_WINDOWS bound to: 1 - type: integer 
	Parameter IQ_WIDTH_OUT bound to: 5 - type: integer 
	Parameter PRED_BITS bound to: 1 - type: integer 
	Parameter SHIFT_N bound to: 0 - type: integer 
INFO: [Synth 8-6157] synthesizing module 'sum_signed' [/mnt/vault1/mfaroo19/LUNA/quantum-net-final/area-opt/rtl/sum_signed.sv:7]
	Parameter M bound to: 400 - type: integer 
	Parameter W bound to: 5 - type: integer 
INFO: [Synth 8-6155] done synthesizing module 'sum_signed' (0#1) [/mnt/vault1/mfaroo19/LUNA/quantum-net-final/area-opt/rtl/sum_signed.sv:7]
INFO: [Synth 8-6157] synthesizing module 'logicnet' [/mnt/vault1/mfaroo19/LUNA/quantum-net-final/area-opt/rtl/logicnets/logicnet.v:1]
INFO: [Synth 8-6157] synthesizing module 'myreg' [/mnt/vault1/mfaroo19/LUNA/quantum-net-final/area-opt/rtl/logicnets/myreg.v:1]
	Parameter DataWidth bound to: 28 - type: integer 
INFO: [Synth 8-6155] done synthesizing module 'myreg' (0#1) [/mnt/vault1/mfaroo19/LUNA/quantum-net-final/area-opt/rtl/logicnets/myreg.v:1]
INFO: [Synth 8-6157] synthesizing module 'layer0' [/mnt/vault1/mfaroo19/LUNA/quantum-net-final/area-opt/rtl/logicnets/layer0.v:1]
INFO: [Synth 8-6157] synthesizing module 'layer0_N0' [/mnt/vault1/mfaroo19/LUNA/quantum-net-final/area-opt/rtl/logicnets/layer0_N0.v:1]
INFO: [Synth 8-6155] done synthesizing module 'layer0_N0' (0#1) [/mnt/vault1/mfaroo19/LUNA/quantum-net-final/area-opt/rtl/logicnets/layer0_N0.v:1]
INFO: [Synth 8-6157] synthesizing module 'layer0_N1' [/mnt/vault1/mfaroo19/LUNA/quantum-net-final/area-opt/rtl/logicnets/layer0_N1.v:1]
INFO: [Synth 8-6155] done synthesizing module 'layer0_N1' (0#1) [/mnt/vault1/mfaroo19/LUNA/quantum-net-final/area-opt/rtl/logicnets/layer0_N1.v:1]
INFO: [Synth 8-6157] synthesizing module 'layer0_N2' [/mnt/vault1/mfaroo19/LUNA/quantum-net-final/area-opt/rtl/logicnets/layer0_N2.v:1]
INFO: [Synth 8-6155] done synthesizing module 'layer0_N2' (0#1) [/mnt/vault1/mfaroo19/LUNA/quantum-net-final/area-opt/rtl/logicnets/layer0_N2.v:1]
INFO: [Synth 8-6157] synthesizing module 'layer0_N3' [/mnt/vault1/mfaroo19/LUNA/quantum-net-final/area-opt/rtl/logicnets/layer0_N3.v:1]
INFO: [Synth 8-6155] done synthesizing module 'layer0_N3' (0#1) [/mnt/vault1/mfaroo19/LUNA/quantum-net-final/area-opt/rtl/logicnets/layer0_N3.v:1]
INFO: [Synth 8-6157] synthesizing module 'layer0_N4' [/mnt/vault1/mfaroo19/LUNA/quantum-net-final/area-opt/rtl/logicnets/layer0_N4.v:1]
INFO: [Synth 8-6155] done synthesizing module 'layer0_N4' (0#1) [/mnt/vault1/mfaroo19/LUNA/quantum-net-final/area-opt/rtl/logicnets/layer0_N4.v:1]
INFO: [Synth 8-6157] synthesizing module 'layer0_N5' [/mnt/vault1/mfaroo19/LUNA/quantum-net-final/area-opt/rtl/logicnets/layer0_N5.v:1]
INFO: [Synth 8-6155] done synthesizing module 'layer0_N5' (0#1) [/mnt/vault1/mfaroo19/LUNA/quantum-net-final/area-opt/rtl/logicnets/layer0_N5.v:1]
INFO: [Synth 8-6157] synthesizing module 'layer0_N6' [/mnt/vault1/mfaroo19/LUNA/quantum-net-final/area-opt/rtl/logicnets/layer0_N6.v:1]
INFO: [Synth 8-6155] done synthesizing module 'layer0_N6' (0#1) [/mnt/vault1/mfaroo19/LUNA/quantum-net-final/area-opt/rtl/logicnets/layer0_N6.v:1]
INFO: [Synth 8-6157] synthesizing module 'layer0_N7' [/mnt/vault1/mfaroo19/LUNA/quantum-net-final/area-opt/rtl/logicnets/layer0_N7.v:1]
INFO: [Synth 8-6155] done synthesizing module 'layer0_N7' (0#1) [/mnt/vault1/mfaroo19/LUNA/quantum-net-final/area-opt/rtl/logicnets/layer0_N7.v:1]
INFO: [Synth 8-6157] synthesizing module 'layer0_N8' [/mnt/vault1/mfaroo19/LUNA/quantum-net-final/area-opt/rtl/logicnets/layer0_N8.v:1]
INFO: [Synth 8-6155] done synthesizing module 'layer0_N8' (0#1) [/mnt/vault1/mfaroo19/LUNA/quantum-net-final/area-opt/rtl/logicnets/layer0_N8.v:1]
INFO: [Synth 8-6157] synthesizing module 'layer0_N9' [/mnt/vault1/mfaroo19/LUNA/quantum-net-final/area-opt/rtl/logicnets/layer0_N9.v:1]
INFO: [Synth 8-6155] done synthesizing module 'layer0_N9' (0#1) [/mnt/vault1/mfaroo19/LUNA/quantum-net-final/area-opt/rtl/logicnets/layer0_N9.v:1]
INFO: [Synth 8-6157] synthesizing module 'layer0_N10' [/mnt/vault1/mfaroo19/LUNA/quantum-net-final/area-opt/rtl/logicnets/layer0_N10.v:1]
INFO: [Synth 8-6155] done synthesizing module 'layer0_N10' (0#1) [/mnt/vault1/mfaroo19/LUNA/quantum-net-final/area-opt/rtl/logicnets/layer0_N10.v:1]
INFO: [Synth 8-6157] synthesizing module 'layer0_N11' [/mnt/vault1/mfaroo19/LUNA/quantum-net-final/area-opt/rtl/logicnets/layer0_N11.v:1]
INFO: [Synth 8-6155] done synthesizing module 'layer0_N11' (0#1) [/mnt/vault1/mfaroo19/LUNA/quantum-net-final/area-opt/rtl/logicnets/layer0_N11.v:1]
INFO: [Synth 8-6157] synthesizing module 'layer0_N12' [/mnt/vault1/mfaroo19/LUNA/quantum-net-final/area-opt/rtl/logicnets/layer0_N12.v:1]
INFO: [Synth 8-6155] done synthesizing module 'layer0_N12' (0#1) [/mnt/vault1/mfaroo19/LUNA/quantum-net-final/area-opt/rtl/logicnets/layer0_N12.v:1]
INFO: [Synth 8-6157] synthesizing module 'layer0_N13' [/mnt/vault1/mfaroo19/LUNA/quantum-net-final/area-opt/rtl/logicnets/layer0_N13.v:1]
INFO: [Synth 8-6155] done synthesizing module 'layer0_N13' (0#1) [/mnt/vault1/mfaroo19/LUNA/quantum-net-final/area-opt/rtl/logicnets/layer0_N13.v:1]
INFO: [Synth 8-6157] synthesizing module 'layer0_N14' [/mnt/vault1/mfaroo19/LUNA/quantum-net-final/area-opt/rtl/logicnets/layer0_N14.v:1]
INFO: [Synth 8-6155] done synthesizing module 'layer0_N14' (0#1) [/mnt/vault1/mfaroo19/LUNA/quantum-net-final/area-opt/rtl/logicnets/layer0_N14.v:1]
INFO: [Synth 8-6157] synthesizing module 'layer0_N15' [/mnt/vault1/mfaroo19/LUNA/quantum-net-final/area-opt/rtl/logicnets/layer0_N15.v:1]
INFO: [Synth 8-6155] done synthesizing module 'layer0_N15' (0#1) [/mnt/vault1/mfaroo19/LUNA/quantum-net-final/area-opt/rtl/logicnets/layer0_N15.v:1]
INFO: [Synth 8-6157] synthesizing module 'layer0_N16' [/mnt/vault1/mfaroo19/LUNA/quantum-net-final/area-opt/rtl/logicnets/layer0_N16.v:1]
INFO: [Synth 8-6155] done synthesizing module 'layer0_N16' (0#1) [/mnt/vault1/mfaroo19/LUNA/quantum-net-final/area-opt/rtl/logicnets/layer0_N16.v:1]
INFO: [Synth 8-6157] synthesizing module 'layer0_N17' [/mnt/vault1/mfaroo19/LUNA/quantum-net-final/area-opt/rtl/logicnets/layer0_N17.v:1]
INFO: [Synth 8-6155] done synthesizing module 'layer0_N17' (0#1) [/mnt/vault1/mfaroo19/LUNA/quantum-net-final/area-opt/rtl/logicnets/layer0_N17.v:1]
INFO: [Synth 8-6157] synthesizing module 'layer0_N18' [/mnt/vault1/mfaroo19/LUNA/quantum-net-final/area-opt/rtl/logicnets/layer0_N18.v:1]
INFO: [Synth 8-6155] done synthesizing module 'layer0_N18' (0#1) [/mnt/vault1/mfaroo19/LUNA/quantum-net-final/area-opt/rtl/logicnets/layer0_N18.v:1]
INFO: [Synth 8-6157] synthesizing module 'layer0_N19' [/mnt/vault1/mfaroo19/LUNA/quantum-net-final/area-opt/rtl/logicnets/layer0_N19.v:1]
INFO: [Synth 8-6155] done synthesizing module 'layer0_N19' (0#1) [/mnt/vault1/mfaroo19/LUNA/quantum-net-final/area-opt/rtl/logicnets/layer0_N19.v:1]
INFO: [Synth 8-6157] synthesizing module 'layer0_N20' [/mnt/vault1/mfaroo19/LUNA/quantum-net-final/area-opt/rtl/logicnets/layer0_N20.v:1]
INFO: [Synth 8-6155] done synthesizing module 'layer0_N20' (0#1) [/mnt/vault1/mfaroo19/LUNA/quantum-net-final/area-opt/rtl/logicnets/layer0_N20.v:1]
INFO: [Synth 8-6157] synthesizing module 'layer0_N21' [/mnt/vault1/mfaroo19/LUNA/quantum-net-final/area-opt/rtl/logicnets/layer0_N21.v:1]
INFO: [Synth 8-6155] done synthesizing module 'layer0_N21' (0#1) [/mnt/vault1/mfaroo19/LUNA/quantum-net-final/area-opt/rtl/logicnets/layer0_N21.v:1]
INFO: [Synth 8-6157] synthesizing module 'layer0_N22' [/mnt/vault1/mfaroo19/LUNA/quantum-net-final/area-opt/rtl/logicnets/layer0_N22.v:1]
INFO: [Synth 8-6155] done synthesizing module 'layer0_N22' (0#1) [/mnt/vault1/mfaroo19/LUNA/quantum-net-final/area-opt/rtl/logicnets/layer0_N22.v:1]
INFO: [Synth 8-6157] synthesizing module 'layer0_N23' [/mnt/vault1/mfaroo19/LUNA/quantum-net-final/area-opt/rtl/logicnets/layer0_N23.v:1]
INFO: [Synth 8-6155] done synthesizing module 'layer0_N23' (0#1) [/mnt/vault1/mfaroo19/LUNA/quantum-net-final/area-opt/rtl/logicnets/layer0_N23.v:1]
INFO: [Synth 8-6157] synthesizing module 'layer0_N24' [/mnt/vault1/mfaroo19/LUNA/quantum-net-final/area-opt/rtl/logicnets/layer0_N24.v:1]
INFO: [Synth 8-6155] done synthesizing module 'layer0_N24' (0#1) [/mnt/vault1/mfaroo19/LUNA/quantum-net-final/area-opt/rtl/logicnets/layer0_N24.v:1]
INFO: [Synth 8-6155] done synthesizing module 'layer0' (0#1) [/mnt/vault1/mfaroo19/LUNA/quantum-net-final/area-opt/rtl/logicnets/layer0.v:1]
INFO: [Synth 8-6157] synthesizing module 'myreg__parameterized0' [/mnt/vault1/mfaroo19/LUNA/quantum-net-final/area-opt/rtl/logicnets/myreg.v:1]
	Parameter DataWidth bound to: 25 - type: integer 
INFO: [Synth 8-6155] done synthesizing module 'myreg__parameterized0' (0#1) [/mnt/vault1/mfaroo19/LUNA/quantum-net-final/area-opt/rtl/logicnets/myreg.v:1]
INFO: [Synth 8-6157] synthesizing module 'layer1' [/mnt/vault1/mfaroo19/LUNA/quantum-net-final/area-opt/rtl/logicnets/layer1.v:1]
INFO: [Synth 8-6157] synthesizing module 'layer1_N0' [/mnt/vault1/mfaroo19/LUNA/quantum-net-final/area-opt/rtl/logicnets/layer1_N0.v:1]
INFO: [Synth 8-6155] done synthesizing module 'layer1_N0' (0#1) [/mnt/vault1/mfaroo19/LUNA/quantum-net-final/area-opt/rtl/logicnets/layer1_N0.v:1]
INFO: [Synth 8-6157] synthesizing module 'layer1_N1' [/mnt/vault1/mfaroo19/LUNA/quantum-net-final/area-opt/rtl/logicnets/layer1_N1.v:1]
INFO: [Synth 8-6155] done synthesizing module 'layer1_N1' (0#1) [/mnt/vault1/mfaroo19/LUNA/quantum-net-final/area-opt/rtl/logicnets/layer1_N1.v:1]
INFO: [Synth 8-6157] synthesizing module 'layer1_N2' [/mnt/vault1/mfaroo19/LUNA/quantum-net-final/area-opt/rtl/logicnets/layer1_N2.v:1]
INFO: [Synth 8-6155] done synthesizing module 'layer1_N2' (0#1) [/mnt/vault1/mfaroo19/LUNA/quantum-net-final/area-opt/rtl/logicnets/layer1_N2.v:1]
INFO: [Synth 8-6157] synthesizing module 'layer1_N3' [/mnt/vault1/mfaroo19/LUNA/quantum-net-final/area-opt/rtl/logicnets/layer1_N3.v:1]
INFO: [Synth 8-6155] done synthesizing module 'layer1_N3' (0#1) [/mnt/vault1/mfaroo19/LUNA/quantum-net-final/area-opt/rtl/logicnets/layer1_N3.v:1]
INFO: [Synth 8-6157] synthesizing module 'layer1_N4' [/mnt/vault1/mfaroo19/LUNA/quantum-net-final/area-opt/rtl/logicnets/layer1_N4.v:1]
INFO: [Synth 8-6155] done synthesizing module 'layer1_N4' (0#1) [/mnt/vault1/mfaroo19/LUNA/quantum-net-final/area-opt/rtl/logicnets/layer1_N4.v:1]
INFO: [Synth 8-6155] done synthesizing module 'layer1' (0#1) [/mnt/vault1/mfaroo19/LUNA/quantum-net-final/area-opt/rtl/logicnets/layer1.v:1]
INFO: [Synth 8-6157] synthesizing module 'myreg__parameterized1' [/mnt/vault1/mfaroo19/LUNA/quantum-net-final/area-opt/rtl/logicnets/myreg.v:1]
	Parameter DataWidth bound to: 5 - type: integer 
INFO: [Synth 8-6155] done synthesizing module 'myreg__parameterized1' (0#1) [/mnt/vault1/mfaroo19/LUNA/quantum-net-final/area-opt/rtl/logicnets/myreg.v:1]
INFO: [Synth 8-6157] synthesizing module 'layer2' [/mnt/vault1/mfaroo19/LUNA/quantum-net-final/area-opt/rtl/logicnets/layer2.v:1]
INFO: [Synth 8-6157] synthesizing module 'layer2_N0' [/mnt/vault1/mfaroo19/LUNA/quantum-net-final/area-opt/rtl/logicnets/layer2_N0.v:1]
INFO: [Synth 8-6155] done synthesizing module 'layer2_N0' (0#1) [/mnt/vault1/mfaroo19/LUNA/quantum-net-final/area-opt/rtl/logicnets/layer2_N0.v:1]
INFO: [Synth 8-6157] synthesizing module 'layer2_N1' [/mnt/vault1/mfaroo19/LUNA/quantum-net-final/area-opt/rtl/logicnets/layer2_N1.v:1]
INFO: [Synth 8-6155] done synthesizing module 'layer2_N1' (0#1) [/mnt/vault1/mfaroo19/LUNA/quantum-net-final/area-opt/rtl/logicnets/layer2_N1.v:1]
INFO: [Synth 8-6157] synthesizing module 'layer2_N2' [/mnt/vault1/mfaroo19/LUNA/quantum-net-final/area-opt/rtl/logicnets/layer2_N2.v:1]
INFO: [Synth 8-6155] done synthesizing module 'layer2_N2' (0#1) [/mnt/vault1/mfaroo19/LUNA/quantum-net-final/area-opt/rtl/logicnets/layer2_N2.v:1]
INFO: [Synth 8-6157] synthesizing module 'layer2_N3' [/mnt/vault1/mfaroo19/LUNA/quantum-net-final/area-opt/rtl/logicnets/layer2_N3.v:1]
INFO: [Synth 8-6155] done synthesizing module 'layer2_N3' (0#1) [/mnt/vault1/mfaroo19/LUNA/quantum-net-final/area-opt/rtl/logicnets/layer2_N3.v:1]
INFO: [Synth 8-6157] synthesizing module 'layer2_N4' [/mnt/vault1/mfaroo19/LUNA/quantum-net-final/area-opt/rtl/logicnets/layer2_N4.v:1]
INFO: [Synth 8-6155] done synthesizing module 'layer2_N4' (0#1) [/mnt/vault1/mfaroo19/LUNA/quantum-net-final/area-opt/rtl/logicnets/layer2_N4.v:1]
INFO: [Synth 8-6155] done synthesizing module 'layer2' (0#1) [/mnt/vault1/mfaroo19/LUNA/quantum-net-final/area-opt/rtl/logicnets/layer2.v:1]
INFO: [Synth 8-6157] synthesizing module 'layer3' [/mnt/vault1/mfaroo19/LUNA/quantum-net-final/area-opt/rtl/logicnets/layer3.v:1]
INFO: [Synth 8-6157] synthesizing module 'layer3_N0' [/mnt/vault1/mfaroo19/LUNA/quantum-net-final/area-opt/rtl/logicnets/layer3_N0.v:1]
INFO: [Synth 8-6155] done synthesizing module 'layer3_N0' (0#1) [/mnt/vault1/mfaroo19/LUNA/quantum-net-final/area-opt/rtl/logicnets/layer3_N0.v:1]
INFO: [Synth 8-6155] done synthesizing module 'layer3' (0#1) [/mnt/vault1/mfaroo19/LUNA/quantum-net-final/area-opt/rtl/logicnets/layer3.v:1]
INFO: [Synth 8-6155] done synthesizing module 'logicnet' (0#1) [/mnt/vault1/mfaroo19/LUNA/quantum-net-final/area-opt/rtl/logicnets/logicnet.v:1]
INFO: [Synth 8-6155] done synthesizing module 'nn_accelerator' (0#1) [/mnt/vault1/mfaroo19/LUNA/quantum-net-final/area-opt/rtl/readout_ip.sv:239]
INFO: [Synth 8-6155] done synthesizing module 'nn_classifier_wrapper' (0#1) [/mnt/vault1/mfaroo19/LUNA/quantum-net-final/area-opt/rtl/readout_ip.sv:1]
WARNING: [Synth 8-7137] Register i_memory_reg[0] in module nn_classifier_wrapper has both Set and reset with same priority. This may cause simulation mismatches. Consider rewriting code  [/mnt/vault1/mfaroo19/LUNA/quantum-net-final/area-opt/rtl/readout_ip.sv:141]
WARNING: [Synth 8-7137] Register i_memory_reg[1] in module nn_classifier_wrapper has both Set and reset with same priority. This may cause simulation mismatches. Consider rewriting code  [/mnt/vault1/mfaroo19/LUNA/quantum-net-final/area-opt/rtl/readout_ip.sv:141]
WARNING: [Synth 8-7137] Register i_memory_reg[2] in module nn_classifier_wrapper has both Set and reset with same priority. This may cause simulation mismatches. Consider rewriting code  [/mnt/vault1/mfaroo19/LUNA/quantum-net-final/area-opt/rtl/readout_ip.sv:141]
WARNING: [Synth 8-7137] Register i_memory_reg[3] in module nn_classifier_wrapper has both Set and reset with same priority. This may cause simulation mismatches. Consider rewriting code  [/mnt/vault1/mfaroo19/LUNA/quantum-net-final/area-opt/rtl/readout_ip.sv:141]
WARNING: [Synth 8-7137] Register i_memory_reg[4] in module nn_classifier_wrapper has both Set and reset with same priority. This may cause simulation mismatches. Consider rewriting code  [/mnt/vault1/mfaroo19/LUNA/quantum-net-final/area-opt/rtl/readout_ip.sv:141]
WARNING: [Synth 8-7137] Register i_memory_reg[5] in module nn_classifier_wrapper has both Set and reset with same priority. This may cause simulation mismatches. Consider rewriting code  [/mnt/vault1/mfaroo19/LUNA/quantum-net-final/area-opt/rtl/readout_ip.sv:141]
WARNING: [Synth 8-7137] Register i_memory_reg[6] in module nn_classifier_wrapper has both Set and reset with same priority. This may cause simulation mismatches. Consider rewriting code  [/mnt/vault1/mfaroo19/LUNA/quantum-net-final/area-opt/rtl/readout_ip.sv:141]
WARNING: [Synth 8-7137] Register i_memory_reg[7] in module nn_classifier_wrapper has both Set and reset with same priority. This may cause simulation mismatches. Consider rewriting code  [/mnt/vault1/mfaroo19/LUNA/quantum-net-final/area-opt/rtl/readout_ip.sv:141]
WARNING: [Synth 8-7137] Register i_memory_reg[8] in module nn_classifier_wrapper has both Set and reset with same priority. This may cause simulation mismatches. Consider rewriting code  [/mnt/vault1/mfaroo19/LUNA/quantum-net-final/area-opt/rtl/readout_ip.sv:141]
WARNING: [Synth 8-7137] Register i_memory_reg[9] in module nn_classifier_wrapper has both Set and reset with same priority. This may cause simulation mismatches. Consider rewriting code  [/mnt/vault1/mfaroo19/LUNA/quantum-net-final/area-opt/rtl/readout_ip.sv:141]
WARNING: [Synth 8-7137] Register i_memory_reg[10] in module nn_classifier_wrapper has both Set and reset with same priority. This may cause simulation mismatches. Consider rewriting code  [/mnt/vault1/mfaroo19/LUNA/quantum-net-final/area-opt/rtl/readout_ip.sv:141]
WARNING: [Synth 8-7137] Register i_memory_reg[11] in module nn_classifier_wrapper has both Set and reset with same priority. This may cause simulation mismatches. Consider rewriting code  [/mnt/vault1/mfaroo19/LUNA/quantum-net-final/area-opt/rtl/readout_ip.sv:141]
WARNING: [Synth 8-7137] Register i_memory_reg[12] in module nn_classifier_wrapper has both Set and reset with same priority. This may cause simulation mismatches. Consider rewriting code  [/mnt/vault1/mfaroo19/LUNA/quantum-net-final/area-opt/rtl/readout_ip.sv:141]
WARNING: [Synth 8-7137] Register i_memory_reg[13] in module nn_classifier_wrapper has both Set and reset with same priority. This may cause simulation mismatches. Consider rewriting code  [/mnt/vault1/mfaroo19/LUNA/quantum-net-final/area-opt/rtl/readout_ip.sv:141]
WARNING: [Synth 8-7137] Register i_memory_reg[14] in module nn_classifier_wrapper has both Set and reset with same priority. This may cause simulation mismatches. Consider rewriting code  [/mnt/vault1/mfaroo19/LUNA/quantum-net-final/area-opt/rtl/readout_ip.sv:141]
WARNING: [Synth 8-7137] Register i_memory_reg[15] in module nn_classifier_wrapper has both Set and reset with same priority. This may cause simulation mismatches. Consider rewriting code  [/mnt/vault1/mfaroo19/LUNA/quantum-net-final/area-opt/rtl/readout_ip.sv:141]
WARNING: [Synth 8-7137] Register i_memory_reg[16] in module nn_classifier_wrapper has both Set and reset with same priority. This may cause simulation mismatches. Consider rewriting code  [/mnt/vault1/mfaroo19/LUNA/quantum-net-final/area-opt/rtl/readout_ip.sv:141]
WARNING: [Synth 8-7137] Register i_memory_reg[17] in module nn_classifier_wrapper has both Set and reset with same priority. This may cause simulation mismatches. Consider rewriting code  [/mnt/vault1/mfaroo19/LUNA/quantum-net-final/area-opt/rtl/readout_ip.sv:141]
WARNING: [Synth 8-7137] Register i_memory_reg[18] in module nn_classifier_wrapper has both Set and reset with same priority. This may cause simulation mismatches. Consider rewriting code  [/mnt/vault1/mfaroo19/LUNA/quantum-net-final/area-opt/rtl/readout_ip.sv:141]
WARNING: [Synth 8-7137] Register i_memory_reg[19] in module nn_classifier_wrapper has both Set and reset with same priority. This may cause simulation mismatches. Consider rewriting code  [/mnt/vault1/mfaroo19/LUNA/quantum-net-final/area-opt/rtl/readout_ip.sv:141]
WARNING: [Synth 8-7137] Register i_memory_reg[20] in module nn_classifier_wrapper has both Set and reset with same priority. This may cause simulation mismatches. Consider rewriting code  [/mnt/vault1/mfaroo19/LUNA/quantum-net-final/area-opt/rtl/readout_ip.sv:141]
WARNING: [Synth 8-7137] Register i_memory_reg[21] in module nn_classifier_wrapper has both Set and reset with same priority. This may cause simulation mismatches. Consider rewriting code  [/mnt/vault1/mfaroo19/LUNA/quantum-net-final/area-opt/rtl/readout_ip.sv:141]
WARNING: [Synth 8-7137] Register i_memory_reg[22] in module nn_classifier_wrapper has both Set and reset with same priority. This may cause simulation mismatches. Consider rewriting code  [/mnt/vault1/mfaroo19/LUNA/quantum-net-final/area-opt/rtl/readout_ip.sv:141]
WARNING: [Synth 8-7137] Register i_memory_reg[23] in module nn_classifier_wrapper has both Set and reset with same priority. This may cause simulation mismatches. Consider rewriting code  [/mnt/vault1/mfaroo19/LUNA/quantum-net-final/area-opt/rtl/readout_ip.sv:141]
WARNING: [Synth 8-7137] Register i_memory_reg[24] in module nn_classifier_wrapper has both Set and reset with same priority. This may cause simulation mismatches. Consider rewriting code  [/mnt/vault1/mfaroo19/LUNA/quantum-net-final/area-opt/rtl/readout_ip.sv:141]
WARNING: [Synth 8-7137] Register i_memory_reg[25] in module nn_classifier_wrapper has both Set and reset with same priority. This may cause simulation mismatches. Consider rewriting code  [/mnt/vault1/mfaroo19/LUNA/quantum-net-final/area-opt/rtl/readout_ip.sv:141]
WARNING: [Synth 8-7137] Register i_memory_reg[26] in module nn_classifier_wrapper has both Set and reset with same priority. This may cause simulation mismatches. Consider rewriting code  [/mnt/vault1/mfaroo19/LUNA/quantum-net-final/area-opt/rtl/readout_ip.sv:141]
WARNING: [Synth 8-7137] Register i_memory_reg[27] in module nn_classifier_wrapper has both Set and reset with same priority. This may cause simulation mismatches. Consider rewriting code  [/mnt/vault1/mfaroo19/LUNA/quantum-net-final/area-opt/rtl/readout_ip.sv:141]
WARNING: [Synth 8-7137] Register i_memory_reg[28] in module nn_classifier_wrapper has both Set and reset with same priority. This may cause simulation mismatches. Consider rewriting code  [/mnt/vault1/mfaroo19/LUNA/quantum-net-final/area-opt/rtl/readout_ip.sv:141]
WARNING: [Synth 8-7137] Register i_memory_reg[29] in module nn_classifier_wrapper has both Set and reset with same priority. This may cause simulation mismatches. Consider rewriting code  [/mnt/vault1/mfaroo19/LUNA/quantum-net-final/area-opt/rtl/readout_ip.sv:141]
WARNING: [Synth 8-7137] Register i_memory_reg[30] in module nn_classifier_wrapper has both Set and reset with same priority. This may cause simulation mismatches. Consider rewriting code  [/mnt/vault1/mfaroo19/LUNA/quantum-net-final/area-opt/rtl/readout_ip.sv:141]
WARNING: [Synth 8-7137] Register i_memory_reg[31] in module nn_classifier_wrapper has both Set and reset with same priority. This may cause simulation mismatches. Consider rewriting code  [/mnt/vault1/mfaroo19/LUNA/quantum-net-final/area-opt/rtl/readout_ip.sv:141]
WARNING: [Synth 8-7137] Register i_memory_reg[32] in module nn_classifier_wrapper has both Set and reset with same priority. This may cause simulation mismatches. Consider rewriting code  [/mnt/vault1/mfaroo19/LUNA/quantum-net-final/area-opt/rtl/readout_ip.sv:141]
WARNING: [Synth 8-7137] Register i_memory_reg[33] in module nn_classifier_wrapper has both Set and reset with same priority. This may cause simulation mismatches. Consider rewriting code  [/mnt/vault1/mfaroo19/LUNA/quantum-net-final/area-opt/rtl/readout_ip.sv:141]
WARNING: [Synth 8-7137] Register i_memory_reg[34] in module nn_classifier_wrapper has both Set and reset with same priority. This may cause simulation mismatches. Consider rewriting code  [/mnt/vault1/mfaroo19/LUNA/quantum-net-final/area-opt/rtl/readout_ip.sv:141]
WARNING: [Synth 8-7137] Register i_memory_reg[35] in module nn_classifier_wrapper has both Set and reset with same priority. This may cause simulation mismatches. Consider rewriting code  [/mnt/vault1/mfaroo19/LUNA/quantum-net-final/area-opt/rtl/readout_ip.sv:141]
WARNING: [Synth 8-7137] Register i_memory_reg[36] in module nn_classifier_wrapper has both Set and reset with same priority. This may cause simulation mismatches. Consider rewriting code  [/mnt/vault1/mfaroo19/LUNA/quantum-net-final/area-opt/rtl/readout_ip.sv:141]
WARNING: [Synth 8-7137] Register i_memory_reg[37] in module nn_classifier_wrapper has both Set and reset with same priority. This may cause simulation mismatches. Consider rewriting code  [/mnt/vault1/mfaroo19/LUNA/quantum-net-final/area-opt/rtl/readout_ip.sv:141]
WARNING: [Synth 8-7137] Register i_memory_reg[38] in module nn_classifier_wrapper has both Set and reset with same priority. This may cause simulation mismatches. Consider rewriting code  [/mnt/vault1/mfaroo19/LUNA/quantum-net-final/area-opt/rtl/readout_ip.sv:141]
WARNING: [Synth 8-7137] Register i_memory_reg[39] in module nn_classifier_wrapper has both Set and reset with same priority. This may cause simulation mismatches. Consider rewriting code  [/mnt/vault1/mfaroo19/LUNA/quantum-net-final/area-opt/rtl/readout_ip.sv:141]
WARNING: [Synth 8-7137] Register i_memory_reg[40] in module nn_classifier_wrapper has both Set and reset with same priority. This may cause simulation mismatches. Consider rewriting code  [/mnt/vault1/mfaroo19/LUNA/quantum-net-final/area-opt/rtl/readout_ip.sv:141]
WARNING: [Synth 8-7137] Register i_memory_reg[41] in module nn_classifier_wrapper has both Set and reset with same priority. This may cause simulation mismatches. Consider rewriting code  [/mnt/vault1/mfaroo19/LUNA/quantum-net-final/area-opt/rtl/readout_ip.sv:141]
WARNING: [Synth 8-7137] Register i_memory_reg[42] in module nn_classifier_wrapper has both Set and reset with same priority. This may cause simulation mismatches. Consider rewriting code  [/mnt/vault1/mfaroo19/LUNA/quantum-net-final/area-opt/rtl/readout_ip.sv:141]
WARNING: [Synth 8-7137] Register i_memory_reg[43] in module nn_classifier_wrapper has both Set and reset with same priority. This may cause simulation mismatches. Consider rewriting code  [/mnt/vault1/mfaroo19/LUNA/quantum-net-final/area-opt/rtl/readout_ip.sv:141]
WARNING: [Synth 8-7137] Register i_memory_reg[44] in module nn_classifier_wrapper has both Set and reset with same priority. This may cause simulation mismatches. Consider rewriting code  [/mnt/vault1/mfaroo19/LUNA/quantum-net-final/area-opt/rtl/readout_ip.sv:141]
WARNING: [Synth 8-7137] Register i_memory_reg[45] in module nn_classifier_wrapper has both Set and reset with same priority. This may cause simulation mismatches. Consider rewriting code  [/mnt/vault1/mfaroo19/LUNA/quantum-net-final/area-opt/rtl/readout_ip.sv:141]
WARNING: [Synth 8-7137] Register i_memory_reg[46] in module nn_classifier_wrapper has both Set and reset with same priority. This may cause simulation mismatches. Consider rewriting code  [/mnt/vault1/mfaroo19/LUNA/quantum-net-final/area-opt/rtl/readout_ip.sv:141]
WARNING: [Synth 8-7137] Register i_memory_reg[47] in module nn_classifier_wrapper has both Set and reset with same priority. This may cause simulation mismatches. Consider rewriting code  [/mnt/vault1/mfaroo19/LUNA/quantum-net-final/area-opt/rtl/readout_ip.sv:141]
WARNING: [Synth 8-7137] Register i_memory_reg[48] in module nn_classifier_wrapper has both Set and reset with same priority. This may cause simulation mismatches. Consider rewriting code  [/mnt/vault1/mfaroo19/LUNA/quantum-net-final/area-opt/rtl/readout_ip.sv:141]
WARNING: [Synth 8-7137] Register i_memory_reg[49] in module nn_classifier_wrapper has both Set and reset with same priority. This may cause simulation mismatches. Consider rewriting code  [/mnt/vault1/mfaroo19/LUNA/quantum-net-final/area-opt/rtl/readout_ip.sv:141]
WARNING: [Synth 8-7137] Register i_memory_reg[50] in module nn_classifier_wrapper has both Set and reset with same priority. This may cause simulation mismatches. Consider rewriting code  [/mnt/vault1/mfaroo19/LUNA/quantum-net-final/area-opt/rtl/readout_ip.sv:141]
WARNING: [Synth 8-7137] Register i_memory_reg[51] in module nn_classifier_wrapper has both Set and reset with same priority. This may cause simulation mismatches. Consider rewriting code  [/mnt/vault1/mfaroo19/LUNA/quantum-net-final/area-opt/rtl/readout_ip.sv:141]
WARNING: [Synth 8-7137] Register i_memory_reg[52] in module nn_classifier_wrapper has both Set and reset with same priority. This may cause simulation mismatches. Consider rewriting code  [/mnt/vault1/mfaroo19/LUNA/quantum-net-final/area-opt/rtl/readout_ip.sv:141]
WARNING: [Synth 8-7137] Register i_memory_reg[53] in module nn_classifier_wrapper has both Set and reset with same priority. This may cause simulation mismatches. Consider rewriting code  [/mnt/vault1/mfaroo19/LUNA/quantum-net-final/area-opt/rtl/readout_ip.sv:141]
WARNING: [Synth 8-7137] Register i_memory_reg[54] in module nn_classifier_wrapper has both Set and reset with same priority. This may cause simulation mismatches. Consider rewriting code  [/mnt/vault1/mfaroo19/LUNA/quantum-net-final/area-opt/rtl/readout_ip.sv:141]
WARNING: [Synth 8-7137] Register i_memory_reg[55] in module nn_classifier_wrapper has both Set and reset with same priority. This may cause simulation mismatches. Consider rewriting code  [/mnt/vault1/mfaroo19/LUNA/quantum-net-final/area-opt/rtl/readout_ip.sv:141]
WARNING: [Synth 8-7137] Register i_memory_reg[56] in module nn_classifier_wrapper has both Set and reset with same priority. This may cause simulation mismatches. Consider rewriting code  [/mnt/vault1/mfaroo19/LUNA/quantum-net-final/area-opt/rtl/readout_ip.sv:141]
WARNING: [Synth 8-7137] Register i_memory_reg[57] in module nn_classifier_wrapper has both Set and reset with same priority. This may cause simulation mismatches. Consider rewriting code  [/mnt/vault1/mfaroo19/LUNA/quantum-net-final/area-opt/rtl/readout_ip.sv:141]
WARNING: [Synth 8-7137] Register i_memory_reg[58] in module nn_classifier_wrapper has both Set and reset with same priority. This may cause simulation mismatches. Consider rewriting code  [/mnt/vault1/mfaroo19/LUNA/quantum-net-final/area-opt/rtl/readout_ip.sv:141]
WARNING: [Synth 8-7137] Register i_memory_reg[59] in module nn_classifier_wrapper has both Set and reset with same priority. This may cause simulation mismatches. Consider rewriting code  [/mnt/vault1/mfaroo19/LUNA/quantum-net-final/area-opt/rtl/readout_ip.sv:141]
WARNING: [Synth 8-7137] Register i_memory_reg[60] in module nn_classifier_wrapper has both Set and reset with same priority. This may cause simulation mismatches. Consider rewriting code  [/mnt/vault1/mfaroo19/LUNA/quantum-net-final/area-opt/rtl/readout_ip.sv:141]
WARNING: [Synth 8-7137] Register i_memory_reg[61] in module nn_classifier_wrapper has both Set and reset with same priority. This may cause simulation mismatches. Consider rewriting code  [/mnt/vault1/mfaroo19/LUNA/quantum-net-final/area-opt/rtl/readout_ip.sv:141]
WARNING: [Synth 8-7137] Register i_memory_reg[62] in module nn_classifier_wrapper has both Set and reset with same priority. This may cause simulation mismatches. Consider rewriting code  [/mnt/vault1/mfaroo19/LUNA/quantum-net-final/area-opt/rtl/readout_ip.sv:141]
WARNING: [Synth 8-7137] Register i_memory_reg[63] in module nn_classifier_wrapper has both Set and reset with same priority. This may cause simulation mismatches. Consider rewriting code  [/mnt/vault1/mfaroo19/LUNA/quantum-net-final/area-opt/rtl/readout_ip.sv:141]
WARNING: [Synth 8-7137] Register i_memory_reg[64] in module nn_classifier_wrapper has both Set and reset with same priority. This may cause simulation mismatches. Consider rewriting code  [/mnt/vault1/mfaroo19/LUNA/quantum-net-final/area-opt/rtl/readout_ip.sv:141]
WARNING: [Synth 8-7137] Register i_memory_reg[65] in module nn_classifier_wrapper has both Set and reset with same priority. This may cause simulation mismatches. Consider rewriting code  [/mnt/vault1/mfaroo19/LUNA/quantum-net-final/area-opt/rtl/readout_ip.sv:141]
WARNING: [Synth 8-7137] Register i_memory_reg[66] in module nn_classifier_wrapper has both Set and reset with same priority. This may cause simulation mismatches. Consider rewriting code  [/mnt/vault1/mfaroo19/LUNA/quantum-net-final/area-opt/rtl/readout_ip.sv:141]
WARNING: [Synth 8-7137] Register i_memory_reg[67] in module nn_classifier_wrapper has both Set and reset with same priority. This may cause simulation mismatches. Consider rewriting code  [/mnt/vault1/mfaroo19/LUNA/quantum-net-final/area-opt/rtl/readout_ip.sv:141]
WARNING: [Synth 8-7137] Register i_memory_reg[68] in module nn_classifier_wrapper has both Set and reset with same priority. This may cause simulation mismatches. Consider rewriting code  [/mnt/vault1/mfaroo19/LUNA/quantum-net-final/area-opt/rtl/readout_ip.sv:141]
WARNING: [Synth 8-7137] Register i_memory_reg[69] in module nn_classifier_wrapper has both Set and reset with same priority. This may cause simulation mismatches. Consider rewriting code  [/mnt/vault1/mfaroo19/LUNA/quantum-net-final/area-opt/rtl/readout_ip.sv:141]
WARNING: [Synth 8-7137] Register i_memory_reg[70] in module nn_classifier_wrapper has both Set and reset with same priority. This may cause simulation mismatches. Consider rewriting code  [/mnt/vault1/mfaroo19/LUNA/quantum-net-final/area-opt/rtl/readout_ip.sv:141]
WARNING: [Synth 8-7137] Register i_memory_reg[71] in module nn_classifier_wrapper has both Set and reset with same priority. This may cause simulation mismatches. Consider rewriting code  [/mnt/vault1/mfaroo19/LUNA/quantum-net-final/area-opt/rtl/readout_ip.sv:141]
WARNING: [Synth 8-7137] Register i_memory_reg[72] in module nn_classifier_wrapper has both Set and reset with same priority. This may cause simulation mismatches. Consider rewriting code  [/mnt/vault1/mfaroo19/LUNA/quantum-net-final/area-opt/rtl/readout_ip.sv:141]
WARNING: [Synth 8-7137] Register i_memory_reg[73] in module nn_classifier_wrapper has both Set and reset with same priority. This may cause simulation mismatches. Consider rewriting code  [/mnt/vault1/mfaroo19/LUNA/quantum-net-final/area-opt/rtl/readout_ip.sv:141]
WARNING: [Synth 8-7137] Register i_memory_reg[74] in module nn_classifier_wrapper has both Set and reset with same priority. This may cause simulation mismatches. Consider rewriting code  [/mnt/vault1/mfaroo19/LUNA/quantum-net-final/area-opt/rtl/readout_ip.sv:141]
WARNING: [Synth 8-7137] Register i_memory_reg[75] in module nn_classifier_wrapper has both Set and reset with same priority. This may cause simulation mismatches. Consider rewriting code  [/mnt/vault1/mfaroo19/LUNA/quantum-net-final/area-opt/rtl/readout_ip.sv:141]
WARNING: [Synth 8-7137] Register i_memory_reg[76] in module nn_classifier_wrapper has both Set and reset with same priority. This may cause simulation mismatches. Consider rewriting code  [/mnt/vault1/mfaroo19/LUNA/quantum-net-final/area-opt/rtl/readout_ip.sv:141]
WARNING: [Synth 8-7137] Register i_memory_reg[77] in module nn_classifier_wrapper has both Set and reset with same priority. This may cause simulation mismatches. Consider rewriting code  [/mnt/vault1/mfaroo19/LUNA/quantum-net-final/area-opt/rtl/readout_ip.sv:141]
WARNING: [Synth 8-7137] Register i_memory_reg[78] in module nn_classifier_wrapper has both Set and reset with same priority. This may cause simulation mismatches. Consider rewriting code  [/mnt/vault1/mfaroo19/LUNA/quantum-net-final/area-opt/rtl/readout_ip.sv:141]
WARNING: [Synth 8-7137] Register i_memory_reg[79] in module nn_classifier_wrapper has both Set and reset with same priority. This may cause simulation mismatches. Consider rewriting code  [/mnt/vault1/mfaroo19/LUNA/quantum-net-final/area-opt/rtl/readout_ip.sv:141]
WARNING: [Synth 8-7137] Register i_memory_reg[80] in module nn_classifier_wrapper has both Set and reset with same priority. This may cause simulation mismatches. Consider rewriting code  [/mnt/vault1/mfaroo19/LUNA/quantum-net-final/area-opt/rtl/readout_ip.sv:141]
WARNING: [Synth 8-7137] Register i_memory_reg[81] in module nn_classifier_wrapper has both Set and reset with same priority. This may cause simulation mismatches. Consider rewriting code  [/mnt/vault1/mfaroo19/LUNA/quantum-net-final/area-opt/rtl/readout_ip.sv:141]
WARNING: [Synth 8-7137] Register i_memory_reg[82] in module nn_classifier_wrapper has both Set and reset with same priority. This may cause simulation mismatches. Consider rewriting code  [/mnt/vault1/mfaroo19/LUNA/quantum-net-final/area-opt/rtl/readout_ip.sv:141]
WARNING: [Synth 8-7137] Register i_memory_reg[83] in module nn_classifier_wrapper has both Set and reset with same priority. This may cause simulation mismatches. Consider rewriting code  [/mnt/vault1/mfaroo19/LUNA/quantum-net-final/area-opt/rtl/readout_ip.sv:141]
WARNING: [Synth 8-7137] Register i_memory_reg[84] in module nn_classifier_wrapper has both Set and reset with same priority. This may cause simulation mismatches. Consider rewriting code  [/mnt/vault1/mfaroo19/LUNA/quantum-net-final/area-opt/rtl/readout_ip.sv:141]
WARNING: [Synth 8-7137] Register i_memory_reg[85] in module nn_classifier_wrapper has both Set and reset with same priority. This may cause simulation mismatches. Consider rewriting code  [/mnt/vault1/mfaroo19/LUNA/quantum-net-final/area-opt/rtl/readout_ip.sv:141]
WARNING: [Synth 8-7137] Register i_memory_reg[86] in module nn_classifier_wrapper has both Set and reset with same priority. This may cause simulation mismatches. Consider rewriting code  [/mnt/vault1/mfaroo19/LUNA/quantum-net-final/area-opt/rtl/readout_ip.sv:141]
WARNING: [Synth 8-7137] Register i_memory_reg[87] in module nn_classifier_wrapper has both Set and reset with same priority. This may cause simulation mismatches. Consider rewriting code  [/mnt/vault1/mfaroo19/LUNA/quantum-net-final/area-opt/rtl/readout_ip.sv:141]
WARNING: [Synth 8-7137] Register i_memory_reg[88] in module nn_classifier_wrapper has both Set and reset with same priority. This may cause simulation mismatches. Consider rewriting code  [/mnt/vault1/mfaroo19/LUNA/quantum-net-final/area-opt/rtl/readout_ip.sv:141]
WARNING: [Synth 8-7137] Register i_memory_reg[89] in module nn_classifier_wrapper has both Set and reset with same priority. This may cause simulation mismatches. Consider rewriting code  [/mnt/vault1/mfaroo19/LUNA/quantum-net-final/area-opt/rtl/readout_ip.sv:141]
WARNING: [Synth 8-7137] Register i_memory_reg[90] in module nn_classifier_wrapper has both Set and reset with same priority. This may cause simulation mismatches. Consider rewriting code  [/mnt/vault1/mfaroo19/LUNA/quantum-net-final/area-opt/rtl/readout_ip.sv:141]
WARNING: [Synth 8-7137] Register i_memory_reg[91] in module nn_classifier_wrapper has both Set and reset with same priority. This may cause simulation mismatches. Consider rewriting code  [/mnt/vault1/mfaroo19/LUNA/quantum-net-final/area-opt/rtl/readout_ip.sv:141]
WARNING: [Synth 8-7137] Register i_memory_reg[92] in module nn_classifier_wrapper has both Set and reset with same priority. This may cause simulation mismatches. Consider rewriting code  [/mnt/vault1/mfaroo19/LUNA/quantum-net-final/area-opt/rtl/readout_ip.sv:141]
WARNING: [Synth 8-7137] Register i_memory_reg[93] in module nn_classifier_wrapper has both Set and reset with same priority. This may cause simulation mismatches. Consider rewriting code  [/mnt/vault1/mfaroo19/LUNA/quantum-net-final/area-opt/rtl/readout_ip.sv:141]
WARNING: [Synth 8-7137] Register i_memory_reg[94] in module nn_classifier_wrapper has both Set and reset with same priority. This may cause simulation mismatches. Consider rewriting code  [/mnt/vault1/mfaroo19/LUNA/quantum-net-final/area-opt/rtl/readout_ip.sv:141]
WARNING: [Synth 8-7137] Register i_memory_reg[95] in module nn_classifier_wrapper has both Set and reset with same priority. This may cause simulation mismatches. Consider rewriting code  [/mnt/vault1/mfaroo19/LUNA/quantum-net-final/area-opt/rtl/readout_ip.sv:141]
WARNING: [Synth 8-7137] Register i_memory_reg[96] in module nn_classifier_wrapper has both Set and reset with same priority. This may cause simulation mismatches. Consider rewriting code  [/mnt/vault1/mfaroo19/LUNA/quantum-net-final/area-opt/rtl/readout_ip.sv:141]
WARNING: [Synth 8-7137] Register i_memory_reg[97] in module nn_classifier_wrapper has both Set and reset with same priority. This may cause simulation mismatches. Consider rewriting code  [/mnt/vault1/mfaroo19/LUNA/quantum-net-final/area-opt/rtl/readout_ip.sv:141]
WARNING: [Synth 8-7137] Register i_memory_reg[98] in module nn_classifier_wrapper has both Set and reset with same priority. This may cause simulation mismatches. Consider rewriting code  [/mnt/vault1/mfaroo19/LUNA/quantum-net-final/area-opt/rtl/readout_ip.sv:141]
WARNING: [Synth 8-7137] Register i_memory_reg[99] in module nn_classifier_wrapper has both Set and reset with same priority. This may cause simulation mismatches. Consider rewriting code  [/mnt/vault1/mfaroo19/LUNA/quantum-net-final/area-opt/rtl/readout_ip.sv:141]
INFO: [Common 17-14] Message 'Synth 8-7137' appears 100 times and further instances of the messages will be disabled. Use the Tcl command set_msg_config to change the current settings.
WARNING: [Synth 8-3917] design nn_classifier_wrapper has port config_AWREADY driven by constant 0
WARNING: [Synth 8-7129] Port M0[23] in module layer1 is either unconnected or has no load
WARNING: [Synth 8-7129] Port M0[22] in module layer1 is either unconnected or has no load
WARNING: [Synth 8-7129] Port M0[18] in module layer1 is either unconnected or has no load
WARNING: [Synth 8-7129] Port M0[11] in module layer1 is either unconnected or has no load
WARNING: [Synth 8-7129] Port M0[10] in module layer1 is either unconnected or has no load
WARNING: [Synth 8-7129] Port M0[9] in module layer1 is either unconnected or has no load
WARNING: [Synth 8-7129] Port M0[8] in module layer1 is either unconnected or has no load
WARNING: [Synth 8-7129] Port M0[0] in module layer1 is either unconnected or has no load
WARNING: [Synth 8-7129] Port config_AWADDR[3] in module nn_classifier_wrapper is either unconnected or has no load
WARNING: [Synth 8-7129] Port config_AWADDR[2] in module nn_classifier_wrapper is either unconnected or has no load
WARNING: [Synth 8-7129] Port config_AWADDR[1] in module nn_classifier_wrapper is either unconnected or has no load
WARNING: [Synth 8-7129] Port config_AWADDR[0] in module nn_classifier_wrapper is either unconnected or has no load
WARNING: [Synth 8-7129] Port config_AWVALID in module nn_classifier_wrapper is either unconnected or has no load
WARNING: [Synth 8-7129] Port in_TDATA[26] in module nn_classifier_wrapper is either unconnected or has no load
WARNING: [Synth 8-7129] Port in_TDATA[25] in module nn_classifier_wrapper is either unconnected or has no load
WARNING: [Synth 8-7129] Port in_TDATA[24] in module nn_classifier_wrapper is either unconnected or has no load
WARNING: [Synth 8-7129] Port in_TDATA[23] in module nn_classifier_wrapper is either unconnected or has no load
WARNING: [Synth 8-7129] Port in_TDATA[22] in module nn_classifier_wrapper is either unconnected or has no load
WARNING: [Synth 8-7129] Port in_TDATA[21] in module nn_classifier_wrapper is either unconnected or has no load
WARNING: [Synth 8-7129] Port in_TDATA[20] in module nn_classifier_wrapper is either unconnected or has no load
WARNING: [Synth 8-7129] Port in_TDATA[19] in module nn_classifier_wrapper is either unconnected or has no load
WARNING: [Synth 8-7129] Port in_TDATA[18] in module nn_classifier_wrapper is either unconnected or has no load
WARNING: [Synth 8-7129] Port in_TDATA[12] in module nn_classifier_wrapper is either unconnected or has no load
WARNING: [Synth 8-7129] Port in_TDATA[11] in module nn_classifier_wrapper is either unconnected or has no load
WARNING: [Synth 8-7129] Port in_TDATA[10] in module nn_classifier_wrapper is either unconnected or has no load
WARNING: [Synth 8-7129] Port in_TDATA[9] in module nn_classifier_wrapper is either unconnected or has no load
WARNING: [Synth 8-7129] Port in_TDATA[8] in module nn_classifier_wrapper is either unconnected or has no load
WARNING: [Synth 8-7129] Port in_TDATA[7] in module nn_classifier_wrapper is either unconnected or has no load
WARNING: [Synth 8-7129] Port in_TDATA[6] in module nn_classifier_wrapper is either unconnected or has no load
WARNING: [Synth 8-7129] Port in_TDATA[5] in module nn_classifier_wrapper is either unconnected or has no load
WARNING: [Synth 8-7129] Port in_TDATA[4] in module nn_classifier_wrapper is either unconnected or has no load
WARNING: [Synth 8-7129] Port in_TDATA[3] in module nn_classifier_wrapper is either unconnected or has no load
WARNING: [Synth 8-7129] Port in_TDATA[2] in module nn_classifier_wrapper is either unconnected or has no load
WARNING: [Synth 8-7129] Port in_TDATA[1] in module nn_classifier_wrapper is either unconnected or has no load
WARNING: [Synth 8-7129] Port in_TDATA[0] in module nn_classifier_wrapper is either unconnected or has no load
---------------------------------------------------------------------------------
Finished RTL Elaboration : Time (s): cpu = 00:00:04 ; elapsed = 00:00:05 . Memory (MB): peak = 3188.582 ; gain = 478.738 ; free physical = 104433 ; free virtual = 229232
Synthesis current peak Physical Memory [PSS] (MB): peak = 2361.996; parent = 2195.644; children = 166.353
Synthesis current peak Virtual Memory [VSS] (MB): peak = 4161.680; parent = 3188.586; children = 973.094
---------------------------------------------------------------------------------
---------------------------------------------------------------------------------
Start Handling Custom Attributes
---------------------------------------------------------------------------------
---------------------------------------------------------------------------------
Finished Handling Custom Attributes : Time (s): cpu = 00:00:05 ; elapsed = 00:00:06 . Memory (MB): peak = 3206.395 ; gain = 496.551 ; free physical = 104427 ; free virtual = 229227
Synthesis current peak Physical Memory [PSS] (MB): peak = 2363.160; parent = 2196.812; children = 166.353
Synthesis current peak Virtual Memory [VSS] (MB): peak = 4179.492; parent = 3206.398; children = 973.094
---------------------------------------------------------------------------------
---------------------------------------------------------------------------------
Finished RTL Optimization Phase 1 : Time (s): cpu = 00:00:05 ; elapsed = 00:00:06 . Memory (MB): peak = 3206.395 ; gain = 496.551 ; free physical = 104424 ; free virtual = 229223
Synthesis current peak Physical Memory [PSS] (MB): peak = 2363.160; parent = 2196.812; children = 166.353
Synthesis current peak Virtual Memory [VSS] (MB): peak = 4179.492; parent = 3206.398; children = 973.094
---------------------------------------------------------------------------------
Netlist sorting complete. Time (s): cpu = 00:00:00.07 ; elapsed = 00:00:00.08 . Memory (MB): peak = 3206.395 ; gain = 0.000 ; free physical = 104400 ; free virtual = 229199
INFO: [Project 1-570] Preparing netlist for logic optimization

Processing XDC Constraints
Initializing timing engine
Parsing XDC File [/mnt/vault1/mfaroo19/LUNA/quantum-net-final/area-opt/constraints.xdc]
Finished Parsing XDC File [/mnt/vault1/mfaroo19/LUNA/quantum-net-final/area-opt/constraints.xdc]
Completed Processing XDC Constraints

Netlist sorting complete. Time (s): cpu = 00:00:00 ; elapsed = 00:00:00 . Memory (MB): peak = 3380.082 ; gain = 0.000 ; free physical = 103530 ; free virtual = 228329
INFO: [Project 1-111] Unisim Transformation Summary:
No Unisim elements were transformed.

Constraint Validation Runtime : Time (s): cpu = 00:00:00.16 ; elapsed = 00:00:00.07 . Memory (MB): peak = 3380.082 ; gain = 0.000 ; free physical = 103530 ; free virtual = 228329
INFO: [Synth 8-11241] undeclared symbol 'REGCCE', assumed default net type 'wire' [/mnt/vault1/kmhatre/Software/AMD/Vivado/2022.2/data/verilog/src/unimacro/BRAM_SINGLE_MACRO.v:2170]
---------------------------------------------------------------------------------
Finished Constraint Validation : Time (s): cpu = 00:00:13 ; elapsed = 00:00:15 . Memory (MB): peak = 3380.082 ; gain = 670.238 ; free physical = 102997 ; free virtual = 227797
Synthesis current peak Physical Memory [PSS] (MB): peak = 2476.511; parent = 2310.158; children = 166.353
Synthesis current peak Virtual Memory [VSS] (MB): peak = 4353.180; parent = 3380.086; children = 973.094
---------------------------------------------------------------------------------
---------------------------------------------------------------------------------
Start Loading Part and Timing Information
---------------------------------------------------------------------------------
Loading part: xczu49dr-ffvf1760-2-e
INFO: [Synth 8-6742] Reading net delay rules and data
---------------------------------------------------------------------------------
Finished Loading Part and Timing Information : Time (s): cpu = 00:00:13 ; elapsed = 00:00:15 . Memory (MB): peak = 3380.082 ; gain = 670.238 ; free physical = 102997 ; free virtual = 227797
Synthesis current peak Physical Memory [PSS] (MB): peak = 2476.511; parent = 2310.158; children = 166.353
Synthesis current peak Virtual Memory [VSS] (MB): peak = 4353.180; parent = 3380.086; children = 973.094
---------------------------------------------------------------------------------
---------------------------------------------------------------------------------
Start Applying 'set_property' XDC Constraints
---------------------------------------------------------------------------------
---------------------------------------------------------------------------------
Finished applying 'set_property' XDC Constraints : Time (s): cpu = 00:00:13 ; elapsed = 00:00:15 . Memory (MB): peak = 3380.082 ; gain = 670.238 ; free physical = 102989 ; free virtual = 227789
Synthesis current peak Physical Memory [PSS] (MB): peak = 2476.511; parent = 2310.158; children = 166.353
Synthesis current peak Virtual Memory [VSS] (MB): peak = 4353.180; parent = 3380.086; children = 973.094
---------------------------------------------------------------------------------
INFO: [Synth 8-802] inferred FSM for state register 'current_state_reg' in module 'nn_classifier_wrapper'
---------------------------------------------------------------------------------------------------
                   State |                     New Encoding |                Previous Encoding 
---------------------------------------------------------------------------------------------------
                  S_IDLE |                               00 |                              000
                  S_LOAD |                               01 |                              001
               S_COMPUTE |                               10 |                              010
                 S_STORE |                               11 |                              011
---------------------------------------------------------------------------------------------------
INFO: [Synth 8-3354] encoded FSM with state register 'current_state_reg' using encoding 'sequential' in module 'nn_classifier_wrapper'
---------------------------------------------------------------------------------
Finished RTL Optimization Phase 2 : Time (s): cpu = 00:00:16 ; elapsed = 00:00:22 . Memory (MB): peak = 3380.082 ; gain = 670.238 ; free physical = 102999 ; free virtual = 227803
Synthesis current peak Physical Memory [PSS] (MB): peak = 2476.511; parent = 2310.158; children = 166.353
Synthesis current peak Virtual Memory [VSS] (MB): peak = 4353.180; parent = 3380.086; children = 973.094
---------------------------------------------------------------------------------
---------------------------------------------------------------------------------
Start RTL Component Statistics 
---------------------------------------------------------------------------------
Detailed RTL Component Info : 
+---Adders : 
	   2 Input   14 Bit       Adders := 3     
	   2 Input   13 Bit       Adders := 4     
	   2 Input   12 Bit       Adders := 6     
	   2 Input   11 Bit       Adders := 12    
	   2 Input   10 Bit       Adders := 25    
	   2 Input    9 Bit       Adders := 50    
	   2 Input    8 Bit       Adders := 100   
	   2 Input    7 Bit       Adders := 200   
	   2 Input    6 Bit       Adders := 400   
	   2 Input    4 Bit       Adders := 1     
	   2 Input    2 Bit       Adders := 1     
+---Registers : 
	               28 Bit    Registers := 1     
	               25 Bit    Registers := 1     
	               14 Bit    Registers := 3     
	               13 Bit    Registers := 4     
	               12 Bit    Registers := 6     
	               11 Bit    Registers := 12    
	               10 Bit    Registers := 24    
	                9 Bit    Registers := 56    
	                8 Bit    Registers := 100   
	                7 Bit    Registers := 200   
	                6 Bit    Registers := 400   
	                5 Bit    Registers := 802   
	                4 Bit    Registers := 1     
	                2 Bit    Registers := 1     
	                1 Bit    Registers := 20    
+---Muxes : 
	   2 Input   28 Bit        Muxes := 1     
	   2 Input   25 Bit        Muxes := 1     
	   4 Input   10 Bit        Muxes := 1     
	   2 Input    5 Bit        Muxes := 2     
	   2 Input    4 Bit        Muxes := 1     
	   4 Input    4 Bit        Muxes := 1     
	   2 Input    3 Bit        Muxes := 6     
	   4 Input    3 Bit        Muxes := 2     
	   2 Input    2 Bit        Muxes := 5     
	   4 Input    2 Bit        Muxes := 1     
	   2 Input    1 Bit        Muxes := 16    
	   4 Input    1 Bit        Muxes := 402   
	   3 Input    1 Bit        Muxes := 2     
---------------------------------------------------------------------------------
Finished RTL Component Statistics 
---------------------------------------------------------------------------------
---------------------------------------------------------------------------------
Start Part Resource Summary
---------------------------------------------------------------------------------
Part Resources:
DSPs: 4272 (col length:192)
BRAMs: 2160 (col length: RAMB18 192 RAMB36 96)
---------------------------------------------------------------------------------
Finished Part Resource Summary
---------------------------------------------------------------------------------
---------------------------------------------------------------------------------
Start Cross Boundary and Area Optimization
---------------------------------------------------------------------------------
WARNING: [Synth 8-7080] Parallel synthesis criteria is not met
WARNING: [Synth 8-3917] design nn_classifier_wrapper has port config_AWREADY driven by constant 0
WARNING: [Synth 8-7129] Port config_AWADDR[3] in module nn_classifier_wrapper is either unconnected or has no load
WARNING: [Synth 8-7129] Port config_AWADDR[2] in module nn_classifier_wrapper is either unconnected or has no load
WARNING: [Synth 8-7129] Port config_AWADDR[1] in module nn_classifier_wrapper is either unconnected or has no load
WARNING: [Synth 8-7129] Port config_AWADDR[0] in module nn_classifier_wrapper is either unconnected or has no load
WARNING: [Synth 8-7129] Port config_AWVALID in module nn_classifier_wrapper is either unconnected or has no load
WARNING: [Synth 8-7129] Port in_TDATA[26] in module nn_classifier_wrapper is either unconnected or has no load
WARNING: [Synth 8-7129] Port in_TDATA[25] in module nn_classifier_wrapper is either unconnected or has no load
WARNING: [Synth 8-7129] Port in_TDATA[24] in module nn_classifier_wrapper is either unconnected or has no load
WARNING: [Synth 8-7129] Port in_TDATA[23] in module nn_classifier_wrapper is either unconnected or has no load
WARNING: [Synth 8-7129] Port in_TDATA[22] in module nn_classifier_wrapper is either unconnected or has no load
WARNING: [Synth 8-7129] Port in_TDATA[21] in module nn_classifier_wrapper is either unconnected or has no load
WARNING: [Synth 8-7129] Port in_TDATA[20] in module nn_classifier_wrapper is either unconnected or has no load
WARNING: [Synth 8-7129] Port in_TDATA[19] in module nn_classifier_wrapper is either unconnected or has no load
WARNING: [Synth 8-7129] Port in_TDATA[18] in module nn_classifier_wrapper is either unconnected or has no load
WARNING: [Synth 8-7129] Port in_TDATA[12] in module nn_classifier_wrapper is either unconnected or has no load
WARNING: [Synth 8-7129] Port in_TDATA[11] in module nn_classifier_wrapper is either unconnected or has no load
WARNING: [Synth 8-7129] Port in_TDATA[10] in module nn_classifier_wrapper is either unconnected or has no load
WARNING: [Synth 8-7129] Port in_TDATA[9] in module nn_classifier_wrapper is either unconnected or has no load
WARNING: [Synth 8-7129] Port in_TDATA[8] in module nn_classifier_wrapper is either unconnected or has no load
WARNING: [Synth 8-7129] Port in_TDATA[7] in module nn_classifier_wrapper is either unconnected or has no load
WARNING: [Synth 8-7129] Port in_TDATA[6] in module nn_classifier_wrapper is either unconnected or has no load
WARNING: [Synth 8-7129] Port in_TDATA[5] in module nn_classifier_wrapper is either unconnected or has no load
WARNING: [Synth 8-7129] Port in_TDATA[4] in module nn_classifier_wrapper is either unconnected or has no load
WARNING: [Synth 8-7129] Port in_TDATA[3] in module nn_classifier_wrapper is either unconnected or has no load
WARNING: [Synth 8-7129] Port in_TDATA[2] in module nn_classifier_wrapper is either unconnected or has no load
WARNING: [Synth 8-7129] Port in_TDATA[1] in module nn_classifier_wrapper is either unconnected or has no load
WARNING: [Synth 8-7129] Port in_TDATA[0] in module nn_classifier_wrapper is either unconnected or has no load
---------------------------------------------------------------------------------
Finished Cross Boundary and Area Optimization : Time (s): cpu = 00:00:38 ; elapsed = 00:00:55 . Memory (MB): peak = 3380.082 ; gain = 670.238 ; free physical = 103311 ; free virtual = 228148
Synthesis current peak Physical Memory [PSS] (MB): peak = 2476.511; parent = 2310.158; children = 166.353
Synthesis current peak Virtual Memory [VSS] (MB): peak = 4353.180; parent = 3380.086; children = 973.094
---------------------------------------------------------------------------------
---------------------------------------------------------------------------------
Start ROM, RAM, DSP, Shift Register and Retiming Reporting
---------------------------------------------------------------------------------

ROM: Preliminary Mapping Report
+---------------+--------------------------------------------+---------------+----------------+
|Module Name    | RTL Object                                 | Depth x Width | Implemented As | 
+---------------+--------------------------------------------+---------------+----------------+
|layer0_N0      | M1r                                        | 64x1          | LUT            | 
|layer0_N1      | M1r                                        | 64x1          | LUT            | 
|layer0_N2      | M1r                                        | 64x1          | LUT            | 
|layer0_N3      | M1r                                        | 64x1          | LUT            | 
|layer0_N4      | M1r                                        | 64x1          | LUT            | 
|layer0_N5      | M1r                                        | 64x1          | LUT            | 
|layer0_N6      | M1r                                        | 64x1          | LUT            | 
|layer0_N7      | M1r                                        | 64x1          | LUT            | 
|layer0_N8      | M1r                                        | 64x1          | LUT            | 
|layer0_N9      | M1r                                        | 64x1          | LUT            | 
|layer0_N10     | M1r                                        | 64x1          | LUT            | 
|layer0_N11     | M1r                                        | 64x1          | LUT            | 
|layer0_N12     | M1r                                        | 64x1          | LUT            | 
|layer0_N13     | M1r                                        | 64x1          | LUT            | 
|layer0_N14     | M1r                                        | 64x1          | LUT            | 
|layer0_N15     | M1r                                        | 64x1          | LUT            | 
|layer0_N16     | M1r                                        | 64x1          | LUT            | 
|layer0_N17     | M1r                                        | 64x1          | LUT            | 
|layer0_N18     | M1r                                        | 64x1          | LUT            | 
|layer0_N19     | M1r                                        | 64x1          | LUT            | 
|layer0_N20     | M1r                                        | 64x1          | LUT            | 
|layer0_N21     | M1r                                        | 64x1          | LUT            | 
|layer0_N22     | M1r                                        | 64x1          | LUT            | 
|layer0_N23     | M1r                                        | 64x1          | LUT            | 
|layer0_N24     | M1r                                        | 64x1          | LUT            | 
|layer1_N0      | M1r                                        | 64x1          | LUT            | 
|layer1_N1      | M1r                                        | 64x1          | LUT            | 
|layer1_N2      | M1r                                        | 64x1          | LUT            | 
|layer1_N3      | M1r                                        | 64x1          | LUT            | 
|layer1_N4      | M1r                                        | 64x1          | LUT            | 
|layer2_N0      | M1r                                        | 32x1          | LUT            | 
|layer2_N1      | M1r                                        | 32x1          | LUT            | 
|layer2_N2      | M1r                                        | 32x1          | LUT            | 
|layer2_N3      | M1r                                        | 32x1          | LUT            | 
|layer2_N4      | M1r                                        | 32x1          | LUT            | 
|layer3_N0      | M1r                                        | 32x1          | LUT            | 
|nn_accelerator | u_logicnet/layer0_inst/layer0_N3_inst/M1r  | 64x1          | LUT            | 
|nn_accelerator | u_logicnet/layer0_inst/layer0_N6_inst/M1r  | 64x1          | LUT            | 
|nn_accelerator | u_logicnet/layer0_inst/layer0_N19_inst/M1r | 64x1          | LUT            | 
|nn_accelerator | u_logicnet/layer0_inst/layer0_N20_inst/M1r | 64x1          | LUT            | 
|nn_accelerator | u_logicnet/layer0_inst/layer0_N21_inst/M1r | 64x1          | LUT            | 
|nn_accelerator | u_logicnet/layer0_inst/layer0_N22_inst/M1r | 64x1          | LUT            | 
|nn_accelerator | u_logicnet/layer0_inst/layer0_N23_inst/M1r | 64x1          | LUT            | 
|nn_accelerator | u_logicnet/layer0_inst/layer0_N24_inst/M1r | 64x1          | LUT            | 
|nn_accelerator | u_logicnet/layer1_inst/layer1_N0_inst/M1r  | 64x1          | LUT            | 
|nn_accelerator | u_logicnet/layer1_inst/layer1_N1_inst/M1r  | 64x1          | LUT            | 
|nn_accelerator | u_logicnet/layer1_inst/layer1_N2_inst/M1r  | 64x1          | LUT            | 
|nn_accelerator | u_logicnet/layer1_inst/layer1_N3_inst/M1r  | 64x1          | LUT            | 
|nn_accelerator | u_logicnet/layer1_inst/layer1_N4_inst/M1r  | 64x1          | LUT            | 
|nn_accelerator | u_logicnet/layer2_inst/layer2_N0_inst/M1r  | 32x1          | LUT            | 
|nn_accelerator | u_logicnet/layer2_inst/layer2_N1_inst/M1r  | 32x1          | LUT            | 
|nn_accelerator | u_logicnet/layer2_inst/layer2_N3_inst/M1r  | 32x1          | LUT            | 
|nn_accelerator | u_logicnet/layer2_inst/layer2_N4_inst/M1r  | 32x1          | LUT            | 
+---------------+--------------------------------------------+---------------+----------------+

---------------------------------------------------------------------------------
Finished ROM, RAM, DSP, Shift Register and Retiming Reporting
---------------------------------------------------------------------------------
---------------------------------------------------------------------------------
Start Applying XDC Timing Constraints
---------------------------------------------------------------------------------
---------------------------------------------------------------------------------
Finished Applying XDC Timing Constraints : Time (s): cpu = 00:00:43 ; elapsed = 00:01:04 . Memory (MB): peak = 3597.855 ; gain = 888.012 ; free physical = 102947 ; free virtual = 227783
Synthesis current peak Physical Memory [PSS] (MB): peak = 2837.005; parent = 2679.345; children = 166.353
Synthesis current peak Virtual Memory [VSS] (MB): peak = 4570.953; parent = 3597.859; children = 973.094
---------------------------------------------------------------------------------
---------------------------------------------------------------------------------
Start Timing Optimization
---------------------------------------------------------------------------------
---------------------------------------------------------------------------------
Finished Timing Optimization : Time (s): cpu = 00:00:45 ; elapsed = 00:01:05 . Memory (MB): peak = 3626.855 ; gain = 917.012 ; free physical = 102908 ; free virtual = 227745
Synthesis current peak Physical Memory [PSS] (MB): peak = 2865.118; parent = 2707.458; children = 166.353
Synthesis current peak Virtual Memory [VSS] (MB): peak = 4599.953; parent = 3626.859; children = 973.094
---------------------------------------------------------------------------------
---------------------------------------------------------------------------------
Start Technology Mapping
---------------------------------------------------------------------------------
---------------------------------------------------------------------------------
Finished Technology Mapping : Time (s): cpu = 00:00:47 ; elapsed = 00:01:08 . Memory (MB): peak = 3697.895 ; gain = 988.051 ; free physical = 102825 ; free virtual = 227662
Synthesis current peak Physical Memory [PSS] (MB): peak = 2872.056; parent = 2714.396; children = 166.353
Synthesis current peak Virtual Memory [VSS] (MB): peak = 4670.992; parent = 3697.898; children = 973.094
---------------------------------------------------------------------------------
---------------------------------------------------------------------------------
Start IO Insertion
---------------------------------------------------------------------------------
---------------------------------------------------------------------------------
Start Flattening Before IO Insertion
---------------------------------------------------------------------------------
---------------------------------------------------------------------------------
Finished Flattening Before IO Insertion
---------------------------------------------------------------------------------
---------------------------------------------------------------------------------
Start Final Netlist Cleanup
---------------------------------------------------------------------------------
---------------------------------------------------------------------------------
Finished Final Netlist Cleanup
---------------------------------------------------------------------------------
---------------------------------------------------------------------------------
Finished IO Insertion : Time (s): cpu = 00:00:50 ; elapsed = 00:01:11 . Memory (MB): peak = 3708.801 ; gain = 998.957 ; free physical = 102796 ; free virtual = 227632
Synthesis current peak Physical Memory [PSS] (MB): peak = 2872.571; parent = 2714.911; children = 166.353
Synthesis current peak Virtual Memory [VSS] (MB): peak = 4681.898; parent = 3708.805; children = 973.094
---------------------------------------------------------------------------------
---------------------------------------------------------------------------------
Start Renaming Generated Instances
---------------------------------------------------------------------------------
---------------------------------------------------------------------------------
Finished Renaming Generated Instances : Time (s): cpu = 00:00:50 ; elapsed = 00:01:11 . Memory (MB): peak = 3708.801 ; gain = 998.957 ; free physical = 102816 ; free virtual = 227652
Synthesis current peak Physical Memory [PSS] (MB): peak = 2872.587; parent = 2714.927; children = 166.353
Synthesis current peak Virtual Memory [VSS] (MB): peak = 4681.898; parent = 3708.805; children = 973.094
---------------------------------------------------------------------------------
---------------------------------------------------------------------------------
Start Rebuilding User Hierarchy
---------------------------------------------------------------------------------
---------------------------------------------------------------------------------
Finished Rebuilding User Hierarchy : Time (s): cpu = 00:00:50 ; elapsed = 00:01:12 . Memory (MB): peak = 3708.801 ; gain = 998.957 ; free physical = 102832 ; free virtual = 227668
Synthesis current peak Physical Memory [PSS] (MB): peak = 2874.462; parent = 2716.802; children = 166.353
Synthesis current peak Virtual Memory [VSS] (MB): peak = 4681.898; parent = 3708.805; children = 973.094
---------------------------------------------------------------------------------
---------------------------------------------------------------------------------
Start Renaming Generated Ports
---------------------------------------------------------------------------------
---------------------------------------------------------------------------------
Finished Renaming Generated Ports : Time (s): cpu = 00:00:51 ; elapsed = 00:01:12 . Memory (MB): peak = 3708.801 ; gain = 998.957 ; free physical = 102821 ; free virtual = 227658
Synthesis current peak Physical Memory [PSS] (MB): peak = 2874.524; parent = 2716.864; children = 166.353
Synthesis current peak Virtual Memory [VSS] (MB): peak = 4681.898; parent = 3708.805; children = 973.094
---------------------------------------------------------------------------------
---------------------------------------------------------------------------------
Start Handling Custom Attributes
---------------------------------------------------------------------------------
---------------------------------------------------------------------------------
Finished Handling Custom Attributes : Time (s): cpu = 00:00:51 ; elapsed = 00:01:12 . Memory (MB): peak = 3708.801 ; gain = 998.957 ; free physical = 102822 ; free virtual = 227659
Synthesis current peak Physical Memory [PSS] (MB): peak = 2874.524; parent = 2716.864; children = 166.353
Synthesis current peak Virtual Memory [VSS] (MB): peak = 4681.898; parent = 3708.805; children = 973.094
---------------------------------------------------------------------------------
---------------------------------------------------------------------------------
Start Renaming Generated Nets
---------------------------------------------------------------------------------
---------------------------------------------------------------------------------
Finished Renaming Generated Nets : Time (s): cpu = 00:00:51 ; elapsed = 00:01:12 . Memory (MB): peak = 3708.801 ; gain = 998.957 ; free physical = 102823 ; free virtual = 227659
Synthesis current peak Physical Memory [PSS] (MB): peak = 2874.524; parent = 2716.864; children = 166.353
Synthesis current peak Virtual Memory [VSS] (MB): peak = 4681.898; parent = 3708.805; children = 973.094
---------------------------------------------------------------------------------
---------------------------------------------------------------------------------
Start ROM, RAM, DSP, Shift Register and Retiming Reporting
---------------------------------------------------------------------------------

Static Shift Register Report:
+----------------------+--------------------------------------------------------+--------+-------+--------------+--------------------+-------------------+--------+---------+
|Module Name           | RTL Name                                               | Length | Width | Reset Signal | Pull out first Reg | Pull out last Reg | SRL16E | SRLC32E | 
+----------------------+--------------------------------------------------------+--------+-------+--------------+--------------------+-------------------+--------+---------+
|nn_classifier_wrapper | u_nn_accelerator/u_sum_signed_i0/reduce_layer73_reg[8] | 4      | 9     | YES          | NO                 | YES               | 9      | 0       | 
|nn_classifier_wrapper | u_nn_accelerator/u_sum_signed_q0/reduce_layer73_reg[8] | 4      | 9     | YES          | NO                 | YES               | 9      | 0       | 
+----------------------+--------------------------------------------------------+--------+-------+--------------+--------------------+-------------------+--------+---------+

---------------------------------------------------------------------------------
Finished ROM, RAM, DSP, Shift Register and Retiming Reporting
---------------------------------------------------------------------------------
---------------------------------------------------------------------------------
Start Writing Synthesis Report
---------------------------------------------------------------------------------

Report BlackBoxes: 
+-+--------------+----------+
| |BlackBox name |Instances |
+-+--------------+----------+
+-+--------------+----------+

Report Cell Usage: 
+------+-------+------+
|      |Cell   |Count |
+------+-------+------+
|1     |BUFG   |     1|
|2     |CARRY8 |   498|
|3     |LUT1   |   400|
|4     |LUT2   |  3201|
|5     |LUT3   |   411|
|6     |LUT4   |   693|
|7     |LUT5   |   813|
|8     |LUT6   |   984|
|9     |SRL16E |    18|
|10    |FDCE   |    36|
|11    |FDRE   |  9634|
|12    |IBUF   |    14|
|13    |OBUF   |    17|
+------+-------+------+
---------------------------------------------------------------------------------
Finished Writing Synthesis Report : Time (s): cpu = 00:00:51 ; elapsed = 00:01:12 . Memory (MB): peak = 3708.801 ; gain = 998.957 ; free physical = 102822 ; free virtual = 227659
Synthesis current peak Physical Memory [PSS] (MB): peak = 2874.524; parent = 2716.864; children = 166.353
Synthesis current peak Virtual Memory [VSS] (MB): peak = 4681.898; parent = 3708.805; children = 973.094
---------------------------------------------------------------------------------
Synthesis finished with 0 errors, 0 critical warnings and 29 warnings.
Synthesis Optimization Runtime : Time (s): cpu = 00:00:46 ; elapsed = 00:01:07 . Memory (MB): peak = 3708.801 ; gain = 825.270 ; free physical = 102828 ; free virtual = 227665
Synthesis Optimization Complete : Time (s): cpu = 00:00:51 ; elapsed = 00:01:13 . Memory (MB): peak = 3708.809 ; gain = 998.957 ; free physical = 102829 ; free virtual = 227665
INFO: [Project 1-571] Translating synthesized netlist
Netlist sorting complete. Time (s): cpu = 00:00:00.08 ; elapsed = 00:00:00.08 . Memory (MB): peak = 3719.770 ; gain = 0.000 ; free physical = 102903 ; free virtual = 227740
INFO: [Netlist 29-17] Analyzing 513 Unisim elements for replacement
INFO: [Netlist 29-28] Unisim Transformation completed in 0 CPU seconds
INFO: [Project 1-570] Preparing netlist for logic optimization
INFO: [Opt 31-138] Pushed 0 inverter(s) to 0 load pin(s).
Netlist sorting complete. Time (s): cpu = 00:00:00 ; elapsed = 00:00:00 . Memory (MB): peak = 3752.688 ; gain = 0.000 ; free physical = 102779 ; free virtual = 227616
INFO: [Project 1-111] Unisim Transformation Summary:
  A total of 15 instances were transformed.
  BUFG => BUFGCE: 1 instance 
  IBUF => IBUF (IBUFCTRL, INBUF): 14 instances

Synth Design complete, checksum: cf014569
INFO: [Common 17-83] Releasing license: Synthesis
115 Infos, 165 Warnings, 0 Critical Warnings and 0 Errors encountered.
synth_design completed successfully
synth_design: Time (s): cpu = 00:00:59 ; elapsed = 00:01:21 . Memory (MB): peak = 3752.688 ; gain = 2049.223 ; free physical = 102914 ; free virtual = 227751
INFO: [Common 17-1381] The checkpoint '/mnt/vault1/mfaroo19/LUNA/quantum-net-final/area-opt/area-opt-classifer/area-opt-classifier.runs/synth_1/nn_classifier_wrapper.dcp' has been generated.
INFO: [runtcl-4] Executing : report_utilization -file nn_classifier_wrapper_utilization_synth.rpt -pb nn_classifier_wrapper_utilization_synth.pb
INFO: [Common 17-206] Exiting Vivado at Tue May 12 13:14:19 2026...
[Tue May 12 13:14:24 2026] synth_1 finished
wait_on_runs: Time (s): cpu = 00:01:08 ; elapsed = 00:01:35 . Memory (MB): peak = 1728.484 ; gain = 0.000 ; free physical = 105064 ; free virtual = 229884
# launch_runs impl_1 -jobs 4
[Tue May 12 13:14:24 2026] Launched impl_1...
Run output will be captured here: /mnt/vault1/mfaroo19/LUNA/quantum-net-final/area-opt/area-opt-classifer/area-opt-classifier.runs/impl_1/runme.log
# wait_on_run impl_1
[Tue May 12 13:14:24 2026] Waiting for impl_1 to finish...

*** Running vivado
    with args -log nn_classifier_wrapper.vdi -applog -m64 -product Vivado -messageDb vivado.pb -mode batch -source nn_classifier_wrapper.tcl -notrace


****** Vivado v2022.2 (64-bit)
  **** SW Build 3671981 on Fri Oct 14 04:59:54 MDT 2022
  **** IP Build 3669848 on Fri Oct 14 08:30:02 MDT 2022
    ** Copyright 1986-2022 Xilinx, Inc. All Rights Reserved.

source nn_classifier_wrapper.tcl -notrace
Command: link_design -top nn_classifier_wrapper -part xczu49dr-ffvf1760-2-e
Design is defaulting to srcset: sources_1
Design is defaulting to constrset: constrs_1
INFO: [Device 21-403] Loading part xczu49dr-ffvf1760-2-e
Netlist sorting complete. Time (s): cpu = 00:00:00.03 ; elapsed = 00:00:00.04 . Memory (MB): peak = 2704.438 ; gain = 0.000 ; free physical = 103373 ; free virtual = 228175
INFO: [Netlist 29-17] Analyzing 512 Unisim elements for replacement
INFO: [Netlist 29-28] Unisim Transformation completed in 0 CPU seconds
INFO: [Project 1-479] Netlist was created with Vivado 2022.2
INFO: [Project 1-570] Preparing netlist for logic optimization
Parsing XDC File [/mnt/vault1/mfaroo19/LUNA/quantum-net-final/area-opt/constraints.xdc]
Finished Parsing XDC File [/mnt/vault1/mfaroo19/LUNA/quantum-net-final/area-opt/constraints.xdc]
INFO: [Opt 31-138] Pushed 0 inverter(s) to 0 load pin(s).
Netlist sorting complete. Time (s): cpu = 00:00:00 ; elapsed = 00:00:00 . Memory (MB): peak = 2902.559 ; gain = 0.000 ; free physical = 105685 ; free virtual = 230488
INFO: [Project 1-111] Unisim Transformation Summary:
  A total of 14 instances were transformed.
  IBUF => IBUF (IBUFCTRL, INBUF): 14 instances

7 Infos, 0 Warnings, 0 Critical Warnings and 0 Errors encountered.
link_design completed successfully
link_design: Time (s): cpu = 00:00:09 ; elapsed = 00:00:11 . Memory (MB): peak = 2902.559 ; gain = 1195.066 ; free physical = 105685 ; free virtual = 230488
Command: opt_design
Attempting to get a license for feature 'Implementation' and/or device 'xczu49dr'
INFO: [Common 17-349] Got license for feature 'Implementation' and/or device 'xczu49dr'
INFO: [Common 17-1540] The version limit for your license is '2024.12' and has expired for new software. A version limit expiration means that, although you may be able to continue to use the current version of tools or IP with this license, you will not be eligible for new releases.
Running DRC as a precondition to command opt_design

Starting DRC Task
INFO: [DRC 23-27] Running DRC with 8 threads
INFO: [Project 1-461] DRC finished with 0 Errors
INFO: [Project 1-462] Please refer to the DRC report (report_drc) for more information.

Time (s): cpu = 00:00:01 ; elapsed = 00:00:00.96 . Memory (MB): peak = 3001.344 ; gain = 90.781 ; free physical = 105067 ; free virtual = 229869

Starting Cache Timing Information Task
INFO: [Timing 38-35] Done setting XDC timing constraints.
Ending Cache Timing Information Task | Checksum: dc3b9f7d

Time (s): cpu = 00:00:02 ; elapsed = 00:00:02 . Memory (MB): peak = 3339.781 ; gain = 338.438 ; free physical = 104776 ; free virtual = 229579

Starting Logic Optimization Task

Phase 1 Retarget
INFO: [Opt 31-138] Pushed 1 inverter(s) to 5652 load pin(s).
INFO: [Opt 31-49] Retargeted 0 cell(s).
Phase 1 Retarget | Checksum: d91ee8fb

Time (s): cpu = 00:00:00.99 ; elapsed = 00:00:00.62 . Memory (MB): peak = 3616.602 ; gain = 0.000 ; free physical = 104525 ; free virtual = 229327
INFO: [Opt 31-389] Phase Retarget created 0 cells and removed 1 cells

Phase 2 Constant propagation
INFO: [Opt 31-138] Pushed 0 inverter(s) to 0 load pin(s).
Phase 2 Constant propagation | Checksum: d91ee8fb

Time (s): cpu = 00:00:01 ; elapsed = 00:00:00.68 . Memory (MB): peak = 3616.602 ; gain = 0.000 ; free physical = 104517 ; free virtual = 229319
INFO: [Opt 31-389] Phase Constant propagation created 0 cells and removed 0 cells

Phase 3 Sweep
Phase 3 Sweep | Checksum: 1a62e385c

Time (s): cpu = 00:00:01 ; elapsed = 00:00:00.78 . Memory (MB): peak = 3616.602 ; gain = 0.000 ; free physical = 104514 ; free virtual = 229316
INFO: [Opt 31-389] Phase Sweep created 0 cells and removed 0 cells

Phase 4 BUFG optimization
INFO: [Opt 31-1077] Phase BUFG optimization inserted 0 global clock buffer(s) for CLOCK_LOW_FANOUT.
Phase 4 BUFG optimization | Checksum: 1a62e385c

Time (s): cpu = 00:00:01 ; elapsed = 00:00:00.88 . Memory (MB): peak = 3648.617 ; gain = 32.016 ; free physical = 104485 ; free virtual = 229288
INFO: [Opt 31-662] Phase BUFG optimization created 0 cells of which 0 are BUFGs and removed 0 cells.

Phase 5 Shift Register Optimization
INFO: [Opt 31-1064] SRL Remap converted 0 SRLs to 0 registers and converted 0 registers of register chains to 0 SRLs
Phase 5 Shift Register Optimization | Checksum: 1a62e385c

Time (s): cpu = 00:00:01 ; elapsed = 00:00:00.89 . Memory (MB): peak = 3648.617 ; gain = 32.016 ; free physical = 104485 ; free virtual = 229288
INFO: [Opt 31-389] Phase Shift Register Optimization created 0 cells and removed 0 cells

Phase 6 Post Processing Netlist
Phase 6 Post Processing Netlist | Checksum: 1a62e385c

Time (s): cpu = 00:00:01 ; elapsed = 00:00:00.91 . Memory (MB): peak = 3648.617 ; gain = 32.016 ; free physical = 104480 ; free virtual = 229282
INFO: [Opt 31-389] Phase Post Processing Netlist created 0 cells and removed 0 cells
Opt_design Change Summary
=========================


-------------------------------------------------------------------------------------------------------------------------
|  Phase                        |  #Cells created  |  #Cells Removed  |  #Constrained objects preventing optimizations  |
-------------------------------------------------------------------------------------------------------------------------
|  Retarget                     |               0  |               1  |                                              0  |
|  Constant propagation         |               0  |               0  |                                              0  |
|  Sweep                        |               0  |               0  |                                              0  |
|  BUFG optimization            |               0  |               0  |                                              0  |
|  Shift Register Optimization  |               0  |               0  |                                              0  |
|  Post Processing Netlist      |               0  |               0  |                                              0  |
-------------------------------------------------------------------------------------------------------------------------



Starting Connectivity Check Task

Time (s): cpu = 00:00:00.01 ; elapsed = 00:00:00.01 . Memory (MB): peak = 3648.617 ; gain = 0.000 ; free physical = 104446 ; free virtual = 229249
Ending Logic Optimization Task | Checksum: 10cc9e2f0

Time (s): cpu = 00:00:02 ; elapsed = 00:00:01 . Memory (MB): peak = 3648.617 ; gain = 32.016 ; free physical = 104446 ; free virtual = 229249

Starting Power Optimization Task
INFO: [Pwropt 34-132] Skipping clock gating for clocks with a period < 2.00 ns.
Ending Power Optimization Task | Checksum: 10cc9e2f0

Time (s): cpu = 00:00:00.01 ; elapsed = 00:00:00.01 . Memory (MB): peak = 3648.617 ; gain = 0.000 ; free physical = 104446 ; free virtual = 229249

Starting Final Cleanup Task
Ending Final Cleanup Task | Checksum: 10cc9e2f0

Time (s): cpu = 00:00:00 ; elapsed = 00:00:00 . Memory (MB): peak = 3648.617 ; gain = 0.000 ; free physical = 104446 ; free virtual = 229249

Starting Netlist Obfuscation Task
Netlist sorting complete. Time (s): cpu = 00:00:00 ; elapsed = 00:00:00 . Memory (MB): peak = 3648.617 ; gain = 0.000 ; free physical = 104446 ; free virtual = 229249
Ending Netlist Obfuscation Task | Checksum: 10cc9e2f0

Time (s): cpu = 00:00:00.01 ; elapsed = 00:00:00.01 . Memory (MB): peak = 3648.617 ; gain = 0.000 ; free physical = 104446 ; free virtual = 229249
INFO: [Common 17-83] Releasing license: Implementation
26 Infos, 0 Warnings, 0 Critical Warnings and 0 Errors encountered.
opt_design completed successfully
opt_design: Time (s): cpu = 00:00:06 ; elapsed = 00:00:06 . Memory (MB): peak = 3648.617 ; gain = 746.059 ; free physical = 104446 ; free virtual = 229249
INFO: [Timing 38-480] Writing timing data to binary archive.
INFO: [Common 17-1381] The checkpoint '/mnt/vault1/mfaroo19/LUNA/quantum-net-final/area-opt/area-opt-classifer/area-opt-classifier.runs/impl_1/nn_classifier_wrapper_opt.dcp' has been generated.
INFO: [runtcl-4] Executing : report_drc -file nn_classifier_wrapper_drc_opted.rpt -pb nn_classifier_wrapper_drc_opted.pb -rpx nn_classifier_wrapper_drc_opted.rpx
Command: report_drc -file nn_classifier_wrapper_drc_opted.rpt -pb nn_classifier_wrapper_drc_opted.pb -rpx nn_classifier_wrapper_drc_opted.rpx
INFO: [IP_Flow 19-234] Refreshing IP repositories
INFO: [IP_Flow 19-1704] No user IP repositories specified
INFO: [IP_Flow 19-2313] Loaded Vivado IP repository '/mnt/vault1/kmhatre/Software/AMD/Vivado/2022.2/data/ip'.
INFO: [DRC 23-27] Running DRC with 8 threads
INFO: [Vivado_Tcl 2-168] The results of DRC are in file /mnt/vault1/mfaroo19/LUNA/quantum-net-final/area-opt/area-opt-classifer/area-opt-classifier.runs/impl_1/nn_classifier_wrapper_drc_opted.rpt.
report_drc completed successfully
Command: place_design
Attempting to get a license for feature 'Implementation' and/or device 'xczu49dr'
INFO: [Common 17-349] Got license for feature 'Implementation' and/or device 'xczu49dr'
INFO: [Common 17-1540] The version limit for your license is '2024.12' and has expired for new software. A version limit expiration means that, although you may be able to continue to use the current version of tools or IP with this license, you will not be eligible for new releases.
INFO: [DRC 23-27] Running DRC with 8 threads
INFO: [Vivado_Tcl 4-198] DRC finished with 0 Errors
INFO: [Vivado_Tcl 4-199] Please refer to the DRC report (report_drc) for more information.
Running DRC as a precondition to command place_design
INFO: [DRC 23-27] Running DRC with 8 threads
INFO: [Vivado_Tcl 4-198] DRC finished with 0 Errors
INFO: [Vivado_Tcl 4-199] Please refer to the DRC report (report_drc) for more information.

Starting Placer Task
INFO: [Place 30-611] Multithreading enabled for place_design using a maximum of 8 CPUs

Phase 1 Placer Initialization

Phase 1.1 Placer Initialization Netlist Sorting
Netlist sorting complete. Time (s): cpu = 00:00:00 ; elapsed = 00:00:00 . Memory (MB): peak = 3740.398 ; gain = 0.000 ; free physical = 103527 ; free virtual = 228331
Phase 1.1 Placer Initialization Netlist Sorting | Checksum: 5e0aad2c

Time (s): cpu = 00:00:00.01 ; elapsed = 00:00:00.02 . Memory (MB): peak = 3740.398 ; gain = 0.000 ; free physical = 103527 ; free virtual = 228331
Netlist sorting complete. Time (s): cpu = 00:00:00 ; elapsed = 00:00:00 . Memory (MB): peak = 3740.398 ; gain = 0.000 ; free physical = 103527 ; free virtual = 228331

Phase 1.2 IO Placement/ Clock Placement/ Build Placer Device
INFO: [Timing 38-35] Done setting XDC timing constraints.
Phase 1.2 IO Placement/ Clock Placement/ Build Placer Device | Checksum: 13d740995

Time (s): cpu = 00:00:17 ; elapsed = 00:00:22 . Memory (MB): peak = 4884.062 ; gain = 1143.664 ; free physical = 101714 ; free virtual = 226521

Phase 1.3 Build Placer Netlist Model
Phase 1.3 Build Placer Netlist Model | Checksum: 16294ceea

Time (s): cpu = 00:00:21 ; elapsed = 00:00:24 . Memory (MB): peak = 4923.105 ; gain = 1182.707 ; free physical = 101480 ; free virtual = 226286

Phase 1.4 Constrain Clocks/Macros
Phase 1.4 Constrain Clocks/Macros | Checksum: 16294ceea

Time (s): cpu = 00:00:21 ; elapsed = 00:00:24 . Memory (MB): peak = 4923.105 ; gain = 1182.707 ; free physical = 101480 ; free virtual = 226286
Phase 1 Placer Initialization | Checksum: 16294ceea

Time (s): cpu = 00:00:21 ; elapsed = 00:00:24 . Memory (MB): peak = 4923.105 ; gain = 1182.707 ; free physical = 101480 ; free virtual = 226286

Phase 2 Global Placement

Phase 2.1 Floorplanning

Phase 2.1.1 Partition Driven Placement

Phase 2.1.1.1 PBP: Partition Driven Placement
Phase 2.1.1.1 PBP: Partition Driven Placement | Checksum: 19f8f1a89

Time (s): cpu = 00:00:24 ; elapsed = 00:00:25 . Memory (MB): peak = 4923.105 ; gain = 1182.707 ; free physical = 101724 ; free virtual = 226530

Phase 2.1.1.2 PBP: Clock Region Placement
Phase 2.1.1.2 PBP: Clock Region Placement | Checksum: 19f8f1a89

Time (s): cpu = 00:00:24 ; elapsed = 00:00:26 . Memory (MB): peak = 4923.105 ; gain = 1182.707 ; free physical = 101403 ; free virtual = 226209

Phase 2.1.1.3 PBP: Compute Congestion
Phase 2.1.1.3 PBP: Compute Congestion | Checksum: 19f8f1a89

Time (s): cpu = 00:00:26 ; elapsed = 00:00:26 . Memory (MB): peak = 4969.469 ; gain = 1229.070 ; free physical = 100972 ; free virtual = 225779

Phase 2.1.1.4 PBP: UpdateTiming
Phase 2.1.1.4 PBP: UpdateTiming | Checksum: 21e2574e5

Time (s): cpu = 00:00:27 ; elapsed = 00:00:27 . Memory (MB): peak = 4999.484 ; gain = 1259.086 ; free physical = 100960 ; free virtual = 225766

Phase 2.1.1.5 PBP: Add part constraints
Phase 2.1.1.5 PBP: Add part constraints | Checksum: 21e2574e5

Time (s): cpu = 00:00:27 ; elapsed = 00:00:27 . Memory (MB): peak = 4999.484 ; gain = 1259.086 ; free physical = 100960 ; free virtual = 225766
Phase 2.1.1 Partition Driven Placement | Checksum: 21e2574e5

Time (s): cpu = 00:00:27 ; elapsed = 00:00:27 . Memory (MB): peak = 4999.484 ; gain = 1259.086 ; free physical = 100960 ; free virtual = 225766
Phase 2.1 Floorplanning | Checksum: 1e7377b9a

Time (s): cpu = 00:00:27 ; elapsed = 00:00:27 . Memory (MB): peak = 4999.484 ; gain = 1259.086 ; free physical = 100960 ; free virtual = 225766

Phase 2.2 Update Timing before SLR Path Opt
Phase 2.2 Update Timing before SLR Path Opt | Checksum: 1e7377b9a

Time (s): cpu = 00:00:27 ; elapsed = 00:00:27 . Memory (MB): peak = 4999.484 ; gain = 1259.086 ; free physical = 100960 ; free virtual = 225766

Phase 2.3 Post-Processing in Floorplanning
Phase 2.3 Post-Processing in Floorplanning | Checksum: 1437ece74

Time (s): cpu = 00:00:27 ; elapsed = 00:00:27 . Memory (MB): peak = 4999.484 ; gain = 1259.086 ; free physical = 100962 ; free virtual = 225768

Phase 2.4 Global Placement Core

Phase 2.4.1 UpdateTiming Before Physical Synthesis
Phase 2.4.1 UpdateTiming Before Physical Synthesis | Checksum: 1c5cf8fe6

Time (s): cpu = 00:00:48 ; elapsed = 00:00:36 . Memory (MB): peak = 5159.672 ; gain = 1419.273 ; free physical = 100012 ; free virtual = 224818

Phase 2.4.2 Physical Synthesis In Placer
INFO: [Physopt 32-1035] Found 0 LUTNM shape to break, 2 LUT instances to create LUTNM shape
INFO: [Physopt 32-1044] Break lutnm for timing: one critical 0, two critical 0, total 0, new lutff created 0
INFO: [Physopt 32-1138] End 1 Pass. Optimized 1 net or LUT. Breaked 0 LUT, combined 1 existing LUT and moved 0 existing LUT
INFO: [Physopt 32-1030] Pass 1. Identified 2 candidate driver sets for equivalent driver rewiring.
INFO: [Physopt 32-661] Optimized 0 net.  Re-placed 0 instance.
INFO: [Physopt 32-775] End 1 Pass. Optimized 0 net or cell. Created 0 new cell, deleted 0 existing cell and moved 0 existing cell
Netlist sorting complete. Time (s): cpu = 00:00:00 ; elapsed = 00:00:00 . Memory (MB): peak = 5159.672 ; gain = 0.000 ; free physical = 99997 ; free virtual = 224803
INFO: [Physopt 32-65] No nets found for high-fanout optimization.
INFO: [Physopt 32-232] Optimized 0 net. Created 0 new instance.
INFO: [Physopt 32-775] End 1 Pass. Optimized 0 net or cell. Created 0 new cell, deleted 0 existing cell and moved 0 existing cell
INFO: [Physopt 32-456] No candidate cells for DSP register optimization found in the design.
INFO: [Physopt 32-775] End 2 Pass. Optimized 0 net or cell. Created 0 new cell, deleted 0 existing cell and moved 0 existing cell
INFO: [Physopt 32-1123] No candidate cells found for Shift Register to Pipeline optimization
INFO: [Physopt 32-775] End 2 Pass. Optimized 0 net or cell. Created 0 new cell, deleted 0 existing cell and moved 0 existing cell
INFO: [Physopt 32-677] No candidate cells for Shift Register optimization found in the design
INFO: [Physopt 32-775] End 1 Pass. Optimized 0 net or cell. Created 0 new cell, deleted 0 existing cell and moved 0 existing cell
INFO: [Physopt 32-526] No candidate cells for BRAM register optimization found in the design
INFO: [Physopt 32-775] End 1 Pass. Optimized 0 net or cell. Created 0 new cell, deleted 0 existing cell and moved 0 existing cell
INFO: [Physopt 32-846] No candidate cells for URAM register optimization found in the design
INFO: [Physopt 32-775] End 2 Pass. Optimized 0 net or cell. Created 0 new cell, deleted 0 existing cell and moved 0 existing cell
INFO: [Physopt 32-949] No candidate nets found for dynamic/static region interface net replication
INFO: [Physopt 32-775] End 1 Pass. Optimized 0 net or cell. Created 0 new cell, deleted 0 existing cell and moved 0 existing cell
Netlist sorting complete. Time (s): cpu = 00:00:00 ; elapsed = 00:00:00 . Memory (MB): peak = 5159.672 ; gain = 0.000 ; free physical = 100016 ; free virtual = 224822

Summary of Physical Synthesis Optimizations
============================================


-----------------------------------------------------------------------------------------------------------------------------------------------------------
|  Optimization                                     |  Added Cells  |  Removed Cells  |  Optimized Cells/Nets  |  Dont Touch  |  Iterations  |  Elapsed   |
-----------------------------------------------------------------------------------------------------------------------------------------------------------
|  LUT Combining                                    |            0  |              1  |                     1  |           0  |           1  |  00:00:00  |
|  Retime                                           |            0  |              0  |                     0  |           0  |           1  |  00:00:00  |
|  Equivalent Driver Rewiring                       |            0  |              0  |                     0  |           0  |           1  |  00:00:00  |
|  Very High Fanout                                 |            0  |              0  |                     0  |           0  |           1  |  00:00:00  |
|  DSP Register                                     |            0  |              0  |                     0  |           0  |           1  |  00:00:00  |
|  Shift Register to Pipeline                       |            0  |              0  |                     0  |           0  |           1  |  00:00:00  |
|  Shift Register                                   |            0  |              0  |                     0  |           0  |           1  |  00:00:00  |
|  BRAM Register                                    |            0  |              0  |                     0  |           0  |           1  |  00:00:00  |
|  URAM Register                                    |            0  |              0  |                     0  |           0  |           1  |  00:00:00  |
|  Dynamic/Static Region Interface Net Replication  |            0  |              0  |                     0  |           0  |           1  |  00:00:00  |
|  Total                                            |            0  |              1  |                     1  |           0  |          10  |  00:00:00  |
-----------------------------------------------------------------------------------------------------------------------------------------------------------


Phase 2.4.2 Physical Synthesis In Placer | Checksum: 1ba7804d8

Time (s): cpu = 00:00:49 ; elapsed = 00:00:36 . Memory (MB): peak = 5159.672 ; gain = 1419.273 ; free physical = 100024 ; free virtual = 224830
Phase 2.4 Global Placement Core | Checksum: 20de40a99

Time (s): cpu = 00:00:55 ; elapsed = 00:00:39 . Memory (MB): peak = 5159.672 ; gain = 1419.273 ; free physical = 99826 ; free virtual = 224632
Phase 2 Global Placement | Checksum: 20de40a99

Time (s): cpu = 00:00:55 ; elapsed = 00:00:39 . Memory (MB): peak = 5159.672 ; gain = 1419.273 ; free physical = 99827 ; free virtual = 224633

Phase 3 Detail Placement

Phase 3.1 Commit Multi Column Macros
Phase 3.1 Commit Multi Column Macros | Checksum: 28b5c58b4

Time (s): cpu = 00:00:57 ; elapsed = 00:00:40 . Memory (MB): peak = 5159.672 ; gain = 1419.273 ; free physical = 99804 ; free virtual = 224610

Phase 3.2 Commit Most Macros & LUTRAMs
Phase 3.2 Commit Most Macros & LUTRAMs | Checksum: 12465b1c8

Time (s): cpu = 00:00:58 ; elapsed = 00:00:40 . Memory (MB): peak = 5159.672 ; gain = 1419.273 ; free physical = 100188 ; free virtual = 224994

Phase 3.3 Small Shape DP

Phase 3.3.1 Small Shape Clustering
Phase 3.3.1 Small Shape Clustering | Checksum: 19e0ec26a

Time (s): cpu = 00:01:01 ; elapsed = 00:00:42 . Memory (MB): peak = 5159.672 ; gain = 1419.273 ; free physical = 99938 ; free virtual = 224744

Phase 3.3.2 Flow Legalize Slice Clusters
Phase 3.3.2 Flow Legalize Slice Clusters | Checksum: 1be6ccdfe

Time (s): cpu = 00:01:01 ; elapsed = 00:00:42 . Memory (MB): peak = 5159.672 ; gain = 1419.273 ; free physical = 99916 ; free virtual = 224722

Phase 3.3.3 Slice Area Swap

Phase 3.3.3.1 Slice Area Swap Initial
Phase 3.3.3.1 Slice Area Swap Initial | Checksum: 1c1c68254

Time (s): cpu = 00:01:03 ; elapsed = 00:00:44 . Memory (MB): peak = 5159.672 ; gain = 1419.273 ; free physical = 100161 ; free virtual = 224967
Phase 3.3.3 Slice Area Swap | Checksum: 1c1c68254

Time (s): cpu = 00:01:03 ; elapsed = 00:00:44 . Memory (MB): peak = 5159.672 ; gain = 1419.273 ; free physical = 100080 ; free virtual = 224886
Phase 3.3 Small Shape DP | Checksum: 2d078b7a4

Time (s): cpu = 00:01:05 ; elapsed = 00:00:45 . Memory (MB): peak = 5159.672 ; gain = 1419.273 ; free physical = 100051 ; free virtual = 224857

Phase 3.4 Re-assign LUT pins
Phase 3.4 Re-assign LUT pins | Checksum: 28c9ee050

Time (s): cpu = 00:01:05 ; elapsed = 00:00:45 . Memory (MB): peak = 5159.672 ; gain = 1419.273 ; free physical = 100094 ; free virtual = 224900

Phase 3.5 Pipeline Register Optimization
Phase 3.5 Pipeline Register Optimization | Checksum: 22c706099

Time (s): cpu = 00:01:05 ; elapsed = 00:00:45 . Memory (MB): peak = 5159.672 ; gain = 1419.273 ; free physical = 100037 ; free virtual = 224844

Phase 3.6 Fast Optimization
Phase 3.6 Fast Optimization | Checksum: 29b1798c2

Time (s): cpu = 00:01:16 ; elapsed = 00:00:54 . Memory (MB): peak = 5159.672 ; gain = 1419.273 ; free physical = 99815 ; free virtual = 224621
Phase 3 Detail Placement | Checksum: 29b1798c2

Time (s): cpu = 00:01:16 ; elapsed = 00:00:54 . Memory (MB): peak = 5159.672 ; gain = 1419.273 ; free physical = 99814 ; free virtual = 224620

Phase 4 Post Placement Optimization and Clean-Up

Phase 4.1 Post Commit Optimization
INFO: [Timing 38-35] Done setting XDC timing constraints.

Phase 4.1.1 Post Placement Optimization
Post Placement Optimization Initialization | Checksum: 1af6ba083

Phase 4.1.1.1 BUFG Insertion

Starting Physical Synthesis Task

Phase 1 Physical Synthesis Initialization
INFO: [Physopt 32-721] Multithreading enabled for phys_opt_design using a maximum of 8 CPUs
INFO: [Physopt 32-619] Estimated Timing Summary | WNS=-0.690 | TNS=-1540.868 |
Phase 1 Physical Synthesis Initialization | Checksum: 19ca282fd

Time (s): cpu = 00:00:00.37 ; elapsed = 00:00:00.11 . Memory (MB): peak = 5210.621 ; gain = 0.000 ; free physical = 99652 ; free virtual = 224458
INFO: [Place 46-56] BUFG insertion identified 0 candidate nets. Inserted BUFG: 0, Replicated BUFG Driver: 0, Skipped due to Placement/Routing Conflicts: 0, Skipped due to Timing Degradation: 0, Skipped due to Illegal Netlist: 0.
Ending Physical Synthesis Task | Checksum: 17e6cba74

Time (s): cpu = 00:00:00.43 ; elapsed = 00:00:00.17 . Memory (MB): peak = 5210.621 ; gain = 0.000 ; free physical = 99652 ; free virtual = 224458
Phase 4.1.1.1 BUFG Insertion | Checksum: 1af6ba083

Time (s): cpu = 00:01:22 ; elapsed = 00:00:57 . Memory (MB): peak = 5210.621 ; gain = 1470.223 ; free physical = 99663 ; free virtual = 224470

Phase 4.1.1.2 Post Placement Timing Optimization
INFO: [Place 30-746] Post Placement Timing Summary WNS=-0.559. For the most accurate timing information please run report_timing.
Phase 4.1.1.2 Post Placement Timing Optimization | Checksum: 12200c06b

Time (s): cpu = 00:01:46 ; elapsed = 00:01:21 . Memory (MB): peak = 5210.621 ; gain = 1470.223 ; free physical = 100157 ; free virtual = 224964

Time (s): cpu = 00:01:46 ; elapsed = 00:01:21 . Memory (MB): peak = 5210.621 ; gain = 1470.223 ; free physical = 100158 ; free virtual = 224964
Phase 4.1 Post Commit Optimization | Checksum: 12200c06b

Time (s): cpu = 00:01:46 ; elapsed = 00:01:21 . Memory (MB): peak = 5210.621 ; gain = 1470.223 ; free physical = 100158 ; free virtual = 224964
Netlist sorting complete. Time (s): cpu = 00:00:00 ; elapsed = 00:00:00 . Memory (MB): peak = 5277.996 ; gain = 0.000 ; free physical = 100148 ; free virtual = 224954

Phase 4.2 Post Placement Cleanup
Phase 4.2 Post Placement Cleanup | Checksum: 218785071

Time (s): cpu = 00:01:56 ; elapsed = 00:01:30 . Memory (MB): peak = 5277.996 ; gain = 1537.598 ; free physical = 100160 ; free virtual = 224966

Phase 4.3 Placer Reporting

Phase 4.3.1 Print Estimated Congestion
INFO: [Place 30-612] Post-Placement Estimated Congestion 
 ________________________________________________________________________
|           | Global Congestion | Long Congestion   | Short Congestion  |
| Direction | Region Size       | Region Size       | Region Size       |
|___________|___________________|___________________|___________________|
|      North|                1x1|                1x1|                1x1|
|___________|___________________|___________________|___________________|
|      South|                1x1|                1x1|                4x4|
|___________|___________________|___________________|___________________|
|       East|                1x1|                1x1|                2x2|
|___________|___________________|___________________|___________________|
|       West|                1x1|                1x1|                4x4|
|___________|___________________|___________________|___________________|

Phase 4.3.1 Print Estimated Congestion | Checksum: 218785071

Time (s): cpu = 00:01:56 ; elapsed = 00:01:30 . Memory (MB): peak = 5277.996 ; gain = 1537.598 ; free physical = 100160 ; free virtual = 224966
Phase 4.3 Placer Reporting | Checksum: 218785071

Time (s): cpu = 00:01:56 ; elapsed = 00:01:30 . Memory (MB): peak = 5277.996 ; gain = 1537.598 ; free physical = 100160 ; free virtual = 224967

Phase 4.4 Final Placement Cleanup
Netlist sorting complete. Time (s): cpu = 00:00:00 ; elapsed = 00:00:00 . Memory (MB): peak = 5277.996 ; gain = 0.000 ; free physical = 100160 ; free virtual = 224967

Time (s): cpu = 00:01:56 ; elapsed = 00:01:30 . Memory (MB): peak = 5277.996 ; gain = 1537.598 ; free physical = 100160 ; free virtual = 224967
Phase 4 Post Placement Optimization and Clean-Up | Checksum: 21b5045e6

Time (s): cpu = 00:01:56 ; elapsed = 00:01:30 . Memory (MB): peak = 5277.996 ; gain = 1537.598 ; free physical = 100160 ; free virtual = 224967
Ending Placer Task | Checksum: 16cb72f24

Time (s): cpu = 00:01:56 ; elapsed = 00:01:30 . Memory (MB): peak = 5277.996 ; gain = 1537.598 ; free physical = 100162 ; free virtual = 224968
INFO: [Common 17-83] Releasing license: Implementation
72 Infos, 0 Warnings, 0 Critical Warnings and 0 Errors encountered.
place_design completed successfully
place_design: Time (s): cpu = 00:01:59 ; elapsed = 00:01:31 . Memory (MB): peak = 5277.996 ; gain = 1541.566 ; free physical = 100383 ; free virtual = 225189
INFO: [Timing 38-480] Writing timing data to binary archive.
Writing XDEF routing.
Writing XDEF routing logical nets.
Writing XDEF routing special nets.
Write XDEF Complete: Time (s): cpu = 00:00:01 ; elapsed = 00:00:00.45 . Memory (MB): peak = 5277.996 ; gain = 0.000 ; free physical = 100349 ; free virtual = 225171
INFO: [Common 17-1381] The checkpoint '/mnt/vault1/mfaroo19/LUNA/quantum-net-final/area-opt/area-opt-classifer/area-opt-classifier.runs/impl_1/nn_classifier_wrapper_placed.dcp' has been generated.
INFO: [runtcl-4] Executing : report_io -file nn_classifier_wrapper_io_placed.rpt
report_io: Time (s): cpu = 00:00:00.23 ; elapsed = 00:00:00.43 . Memory (MB): peak = 5277.996 ; gain = 0.000 ; free physical = 100302 ; free virtual = 225113
INFO: [runtcl-4] Executing : report_utilization -file nn_classifier_wrapper_utilization_placed.rpt -pb nn_classifier_wrapper_utilization_placed.pb
INFO: [runtcl-4] Executing : report_control_sets -verbose -file nn_classifier_wrapper_control_sets_placed.rpt
report_control_sets: Time (s): cpu = 00:00:00.06 ; elapsed = 00:00:00.23 . Memory (MB): peak = 5277.996 ; gain = 0.000 ; free physical = 100274 ; free virtual = 225085
Command: phys_opt_design
Attempting to get a license for feature 'Implementation' and/or device 'xczu49dr'
INFO: [Common 17-349] Got license for feature 'Implementation' and/or device 'xczu49dr'
INFO: [Common 17-1540] The version limit for your license is '2024.12' and has expired for new software. A version limit expiration means that, although you may be able to continue to use the current version of tools or IP with this license, you will not be eligible for new releases.

Starting Initial Update Timing Task

Time (s): cpu = 00:00:02 ; elapsed = 00:00:00.75 . Memory (MB): peak = 5277.996 ; gain = 0.000 ; free physical = 100323 ; free virtual = 225134
INFO: [Vivado_Tcl 4-1435] PhysOpt_Tcl_Interface Runtime Before Starting Physical Synthesis Task | CPU: 2.66s |  WALL: 0.80s
Netlist sorting complete. Time (s): cpu = 00:00:00 ; elapsed = 00:00:00 . Memory (MB): peak = 5277.996 ; gain = 0.000 ; free physical = 100323 ; free virtual = 225134

Starting Physical Synthesis Task

Phase 1 Physical Synthesis Initialization
INFO: [Physopt 32-721] Multithreading enabled for phys_opt_design using a maximum of 8 CPUs
INFO: [Physopt 32-619] Estimated Timing Summary | WNS=-0.559 | TNS=-1499.886 |
Phase 1 Physical Synthesis Initialization | Checksum: 16fadcac8

Time (s): cpu = 00:00:02 ; elapsed = 00:00:02 . Memory (MB): peak = 5277.996 ; gain = 0.000 ; free physical = 100103 ; free virtual = 224914
INFO: [Physopt 32-619] Estimated Timing Summary | WNS=-0.559 | TNS=-1499.886 |

Phase 2 DSP Register Optimization
INFO: [Physopt 32-456] No candidate cells for DSP register optimization found in the design.
INFO: [Physopt 32-775] End 2 Pass. Optimized 0 net or cell. Created 0 new cell, deleted 0 existing cell and moved 0 existing cell
Phase 2 DSP Register Optimization | Checksum: 16fadcac8

Time (s): cpu = 00:00:02 ; elapsed = 00:00:02 . Memory (MB): peak = 5277.996 ; gain = 0.000 ; free physical = 100103 ; free virtual = 224914

Phase 3 Critical Path Optimization
INFO: [Physopt 32-619] Estimated Timing Summary | WNS=-0.559 | TNS=-1499.886 |
INFO: [Physopt 32-702] Processed net q_memory_reg_n_0_[173][1]. Optimizations did not improve timing on the net.
INFO: [Physopt 32-81] Processed net current_state_reg[0]. Replicated 2 times.
INFO: [Physopt 32-735] Processed net current_state_reg[0]. Optimization improves timing on the net.
INFO: [Physopt 32-619] Estimated Timing Summary | WNS=-0.550 | TNS=-1385.945 |
INFO: [Physopt 32-663] Processed net i_memory_reg_n_0_[338][0].  Re-placed instance i_memory_reg[338][0]
INFO: [Physopt 32-735] Processed net i_memory_reg_n_0_[338][0]. Optimization improves timing on the net.
INFO: [Physopt 32-619] Estimated Timing Summary | WNS=-0.550 | TNS=-1385.850 |
INFO: [Physopt 32-663] Processed net i_memory_reg_n_0_[338][2].  Re-placed instance i_memory_reg[338][2]
INFO: [Physopt 32-735] Processed net i_memory_reg_n_0_[338][2]. Optimization improves timing on the net.
INFO: [Physopt 32-619] Estimated Timing Summary | WNS=-0.550 | TNS=-1385.755 |
INFO: [Physopt 32-663] Processed net i_memory_reg_n_0_[338][4].  Re-placed instance i_memory_reg[338][4]
INFO: [Physopt 32-735] Processed net i_memory_reg_n_0_[338][4]. Optimization improves timing on the net.
INFO: [Physopt 32-619] Estimated Timing Summary | WNS=-0.550 | TNS=-1385.660 |
INFO: [Physopt 32-663] Processed net q_memory_reg_n_0_[338][1].  Re-placed instance q_memory_reg[338][1]
INFO: [Physopt 32-735] Processed net q_memory_reg_n_0_[338][1]. Optimization improves timing on the net.
INFO: [Physopt 32-619] Estimated Timing Summary | WNS=-0.541 | TNS=-1385.565 |
INFO: [Physopt 32-702] Processed net i_memory_reg_n_0_[229][1]. Optimizations did not improve timing on the net.
INFO: [Physopt 32-81] Processed net load_count[4]. Replicated 1 times.
INFO: [Physopt 32-735] Processed net load_count[4]. Optimization improves timing on the net.
INFO: [Physopt 32-619] Estimated Timing Summary | WNS=-0.539 | TNS=-1383.370 |
INFO: [Physopt 32-702] Processed net q_memory_reg_n_0_[64][3]. Optimizations did not improve timing on the net.
INFO: [Physopt 32-81] Processed net load_count[3]. Replicated 3 times.
INFO: [Physopt 32-735] Processed net load_count[3]. Optimization improves timing on the net.
INFO: [Physopt 32-619] Estimated Timing Summary | WNS=-0.538 | TNS=-1386.076 |
INFO: [Physopt 32-81] Processed net load_count[4]. Replicated 1 times.
INFO: [Physopt 32-735] Processed net load_count[4]. Optimization improves timing on the net.
INFO: [Physopt 32-619] Estimated Timing Summary | WNS=-0.538 | TNS=-1386.153 |
INFO: [Physopt 32-81] Processed net load_count[4]. Replicated 1 times.
INFO: [Physopt 32-735] Processed net load_count[4]. Optimization improves timing on the net.
INFO: [Physopt 32-619] Estimated Timing Summary | WNS=-0.533 | TNS=-1381.886 |
INFO: [Physopt 32-702] Processed net load_count[4]. Optimizations did not improve timing on the net.
INFO: [Physopt 32-81] Processed net i_memory[96][4]_i_2_n_0. Replicated 1 times.
INFO: [Physopt 32-735] Processed net i_memory[96][4]_i_2_n_0. Optimization improves timing on the net.
INFO: [Physopt 32-619] Estimated Timing Summary | WNS=-0.532 | TNS=-1381.154 |
INFO: [Physopt 32-663] Processed net i_memory_reg_n_0_[210][3].  Re-placed instance i_memory_reg[210][3]
INFO: [Physopt 32-735] Processed net i_memory_reg_n_0_[210][3]. Optimization improves timing on the net.
INFO: [Physopt 32-619] Estimated Timing Summary | WNS=-0.532 | TNS=-1381.112 |
INFO: [Physopt 32-663] Processed net i_memory_reg_n_0_[210][4].  Re-placed instance i_memory_reg[210][4]
INFO: [Physopt 32-735] Processed net i_memory_reg_n_0_[210][4]. Optimization improves timing on the net.
INFO: [Physopt 32-619] Estimated Timing Summary | WNS=-0.532 | TNS=-1381.070 |
INFO: [Physopt 32-663] Processed net q_memory_reg_n_0_[210][0].  Re-placed instance q_memory_reg[210][0]
INFO: [Physopt 32-735] Processed net q_memory_reg_n_0_[210][0]. Optimization improves timing on the net.
INFO: [Physopt 32-619] Estimated Timing Summary | WNS=-0.532 | TNS=-1381.062 |
INFO: [Physopt 32-663] Processed net q_memory_reg_n_0_[210][1].  Re-placed instance q_memory_reg[210][1]
INFO: [Physopt 32-735] Processed net q_memory_reg_n_0_[210][1]. Optimization improves timing on the net.
INFO: [Physopt 32-619] Estimated Timing Summary | WNS=-0.528 | TNS=-1381.054 |
INFO: [Physopt 32-702] Processed net q_memory_reg_n_0_[8][1]. Optimizations did not improve timing on the net.
INFO: [Physopt 32-702] Processed net load_count[8]. Optimizations did not improve timing on the net.
INFO: [Physopt 32-663] Processed net i_memory[8][4]_i_2_n_0.  Re-placed instance i_memory[8][4]_i_2
INFO: [Physopt 32-735] Processed net i_memory[8][4]_i_2_n_0. Optimization improves timing on the net.
INFO: [Physopt 32-619] Estimated Timing Summary | WNS=-0.527 | TNS=-1378.463 |
INFO: [Physopt 32-702] Processed net q_memory_reg_n_0_[173][1]. Optimizations did not improve timing on the net.
INFO: [Physopt 32-702] Processed net load_count[6]. Optimizations did not improve timing on the net.
INFO: [Physopt 32-702] Processed net i_memory[44][4]_i_2_n_0. Optimizations did not improve timing on the net.
INFO: [Physopt 32-702] Processed net i_memory[173][4]_i_1_n_0. Optimizations did not improve timing on the net.
INFO: [Physopt 32-702] Processed net ap_clk_IBUF_inst/OUT. Optimizations did not improve timing on the net.
INFO: [Physopt 32-702] Processed net ap_clk. Optimizations did not improve timing on the net.
INFO: [Physopt 32-619] Estimated Timing Summary | WNS=-0.527 | TNS=-1378.463 |
Phase 3 Critical Path Optimization | Checksum: 1c7222d47

Time (s): cpu = 00:00:21 ; elapsed = 00:00:10 . Memory (MB): peak = 5277.996 ; gain = 0.000 ; free physical = 100309 ; free virtual = 225120

Phase 4 Critical Path Optimization
INFO: [Physopt 32-619] Estimated Timing Summary | WNS=-0.527 | TNS=-1378.463 |
INFO: [Physopt 32-702] Processed net q_memory_reg_n_0_[173][1]. Optimizations did not improve timing on the net.
INFO: [Physopt 32-81] Processed net load_count[6]. Replicated 2 times.
INFO: [Physopt 32-735] Processed net load_count[6]. Optimization improves timing on the net.
INFO: [Physopt 32-619] Estimated Timing Summary | WNS=-0.525 | TNS=-1363.637 |
INFO: [Physopt 32-663] Processed net q_memory_reg_n_0_[93][2].  Re-placed instance q_memory_reg[93][2]
INFO: [Physopt 32-735] Processed net q_memory_reg_n_0_[93][2]. Optimization improves timing on the net.
INFO: [Physopt 32-619] Estimated Timing Summary | WNS=-0.525 | TNS=-1363.618 |
INFO: [Physopt 32-663] Processed net q_memory_reg_n_0_[93][3].  Re-placed instance q_memory_reg[93][3]
INFO: [Physopt 32-735] Processed net q_memory_reg_n_0_[93][3]. Optimization improves timing on the net.
INFO: [Physopt 32-619] Estimated Timing Summary | WNS=-0.525 | TNS=-1363.599 |
INFO: [Physopt 32-663] Processed net q_memory_reg_n_0_[93][4].  Re-placed instance q_memory_reg[93][4]
INFO: [Physopt 32-735] Processed net q_memory_reg_n_0_[93][4]. Optimization improves timing on the net.
INFO: [Physopt 32-619] Estimated Timing Summary | WNS=-0.524 | TNS=-1363.580 |
INFO: [Physopt 32-663] Processed net i_memory_reg_n_0_[49][4].  Re-placed instance i_memory_reg[49][4]
INFO: [Physopt 32-735] Processed net i_memory_reg_n_0_[49][4]. Optimization improves timing on the net.
INFO: [Physopt 32-619] Estimated Timing Summary | WNS=-0.524 | TNS=-1363.577 |
INFO: [Physopt 32-663] Processed net q_memory_reg_n_0_[49][0].  Re-placed instance q_memory_reg[49][0]
INFO: [Physopt 32-735] Processed net q_memory_reg_n_0_[49][0]. Optimization improves timing on the net.
INFO: [Physopt 32-619] Estimated Timing Summary | WNS=-0.524 | TNS=-1363.574 |
INFO: [Physopt 32-663] Processed net q_memory_reg_n_0_[210][0].  Re-placed instance q_memory_reg[210][0]
INFO: [Physopt 32-735] Processed net q_memory_reg_n_0_[210][0]. Optimization improves timing on the net.
INFO: [Physopt 32-619] Estimated Timing Summary | WNS=-0.524 | TNS=-1363.566 |
INFO: [Physopt 32-663] Processed net q_memory_reg_n_0_[210][1].  Re-placed instance q_memory_reg[210][1]
INFO: [Physopt 32-735] Processed net q_memory_reg_n_0_[210][1]. Optimization improves timing on the net.
INFO: [Physopt 32-619] Estimated Timing Summary | WNS=-0.524 | TNS=-1363.558 |
INFO: [Physopt 32-663] Processed net q_memory_reg_n_0_[74][1].  Re-placed instance q_memory_reg[74][1]
INFO: [Physopt 32-735] Processed net q_memory_reg_n_0_[74][1]. Optimization improves timing on the net.
INFO: [Physopt 32-619] Estimated Timing Summary | WNS=-0.524 | TNS=-1363.538 |
INFO: [Physopt 32-663] Processed net q_memory_reg_n_0_[74][2].  Re-placed instance q_memory_reg[74][2]
INFO: [Physopt 32-735] Processed net q_memory_reg_n_0_[74][2]. Optimization improves timing on the net.
INFO: [Physopt 32-619] Estimated Timing Summary | WNS=-0.522 | TNS=-1363.518 |
INFO: [Physopt 32-663] Processed net i_memory_reg_n_0_[203][0].  Re-placed instance i_memory_reg[203][0]
INFO: [Physopt 32-735] Processed net i_memory_reg_n_0_[203][0]. Optimization improves timing on the net.
INFO: [Physopt 32-619] Estimated Timing Summary | WNS=-0.522 | TNS=-1363.419 |
INFO: [Physopt 32-663] Processed net i_memory_reg_n_0_[203][1].  Re-placed instance i_memory_reg[203][1]
INFO: [Physopt 32-735] Processed net i_memory_reg_n_0_[203][1]. Optimization improves timing on the net.
INFO: [Physopt 32-619] Estimated Timing Summary | WNS=-0.522 | TNS=-1363.320 |
INFO: [Physopt 32-663] Processed net i_memory_reg_n_0_[203][2].  Re-placed instance i_memory_reg[203][2]
INFO: [Physopt 32-735] Processed net i_memory_reg_n_0_[203][2]. Optimization improves timing on the net.
INFO: [Physopt 32-619] Estimated Timing Summary | WNS=-0.521 | TNS=-1363.221 |
INFO: [Physopt 32-702] Processed net i_memory_reg_n_0_[49][4]. Optimizations did not improve timing on the net.
INFO: [Physopt 32-702] Processed net load_count[8]. Optimizations did not improve timing on the net.
INFO: [Physopt 32-702] Processed net i_memory[48][4]_i_2_n_0. Optimizations did not improve timing on the net.
INFO: [Physopt 32-663] Processed net i_memory[49][4]_i_1_n_0.  Re-placed instance i_memory[49][4]_i_1
INFO: [Physopt 32-735] Processed net i_memory[49][4]_i_1_n_0. Optimization improves timing on the net.
INFO: [Physopt 32-619] Estimated Timing Summary | WNS=-0.521 | TNS=-1362.359 |
INFO: [Physopt 32-663] Processed net i_memory_reg_n_0_[209][4].  Re-placed instance i_memory_reg[209][4]
INFO: [Physopt 32-735] Processed net i_memory_reg_n_0_[209][4]. Optimization improves timing on the net.
INFO: [Physopt 32-619] Estimated Timing Summary | WNS=-0.521 | TNS=-1362.295 |
INFO: [Physopt 32-663] Processed net q_memory_reg_n_0_[209][0].  Re-placed instance q_memory_reg[209][0]
INFO: [Physopt 32-735] Processed net q_memory_reg_n_0_[209][0]. Optimization improves timing on the net.
INFO: [Physopt 32-619] Estimated Timing Summary | WNS=-0.521 | TNS=-1362.231 |
INFO: [Physopt 32-663] Processed net i_memory_reg_n_0_[83][1].  Re-placed instance i_memory_reg[83][1]
INFO: [Physopt 32-735] Processed net i_memory_reg_n_0_[83][1]. Optimization improves timing on the net.
INFO: [Physopt 32-619] Estimated Timing Summary | WNS=-0.521 | TNS=-1362.203 |
INFO: [Physopt 32-663] Processed net q_memory_reg_n_0_[83][0].  Re-placed instance q_memory_reg[83][0]
INFO: [Physopt 32-735] Processed net q_memory_reg_n_0_[83][0]. Optimization improves timing on the net.
INFO: [Physopt 32-619] Estimated Timing Summary | WNS=-0.521 | TNS=-1362.175 |
INFO: [Physopt 32-663] Processed net q_memory_reg_n_0_[83][2].  Re-placed instance q_memory_reg[83][2]
INFO: [Physopt 32-735] Processed net q_memory_reg_n_0_[83][2]. Optimization improves timing on the net.
INFO: [Physopt 32-619] Estimated Timing Summary | WNS=-0.521 | TNS=-1362.091 |
INFO: [Physopt 32-663] Processed net q_memory_reg_n_0_[83][4].  Re-placed instance q_memory_reg[83][4]
INFO: [Physopt 32-735] Processed net q_memory_reg_n_0_[83][4]. Optimization improves timing on the net.
INFO: [Physopt 32-619] Estimated Timing Summary | WNS=-0.521 | TNS=-1362.007 |
INFO: [Physopt 32-619] Estimated Timing Summary | WNS=-0.521 | TNS=-1362.007 |
Phase 4 Critical Path Optimization | Checksum: 136aace86

Time (s): cpu = 00:00:26 ; elapsed = 00:00:12 . Memory (MB): peak = 5277.996 ; gain = 0.000 ; free physical = 100363 ; free virtual = 225174
Netlist sorting complete. Time (s): cpu = 00:00:00.02 ; elapsed = 00:00:00.02 . Memory (MB): peak = 5277.996 ; gain = 0.000 ; free physical = 100363 ; free virtual = 225174
Netlist sorting complete. Time (s): cpu = 00:00:00 ; elapsed = 00:00:00 . Memory (MB): peak = 5277.996 ; gain = 0.000 ; free physical = 100316 ; free virtual = 225127
INFO: [Physopt 32-603] Post Physical Optimization Timing Summary | WNS=-0.521 | TNS=-1362.007 |

Summary of Physical Synthesis Optimizations
============================================


-------------------------------------------------------------------------------------------------------------------------------------------------------------
|  Optimization   |  WNS Gain (ns)  |  TNS Gain (ns)  |  Added Cells  |  Removed Cells  |  Optimized Cells/Nets  |  Dont Touch  |  Iterations  |  Elapsed   |
-------------------------------------------------------------------------------------------------------------------------------------------------------------
|  DSP Register   |          0.000  |          0.000  |            0  |              0  |                     0  |           0  |           1  |  00:00:00  |
|  Critical Path  |          0.039  |        137.879  |           11  |              0  |                    35  |           0  |           2  |  00:00:10  |
|  Total          |          0.039  |        137.879  |           11  |              0  |                    35  |           0  |           3  |  00:00:10  |
-------------------------------------------------------------------------------------------------------------------------------------------------------------


Netlist sorting complete. Time (s): cpu = 00:00:00 ; elapsed = 00:00:00 . Memory (MB): peak = 5277.996 ; gain = 0.000 ; free physical = 100316 ; free virtual = 225127
Ending Physical Synthesis Task | Checksum: 17a8fc61d

Time (s): cpu = 00:00:26 ; elapsed = 00:00:12 . Memory (MB): peak = 5277.996 ; gain = 0.000 ; free physical = 100316 ; free virtual = 225127
INFO: [Common 17-83] Releasing license: Implementation
212 Infos, 0 Warnings, 0 Critical Warnings and 0 Errors encountered.
phys_opt_design completed successfully
phys_opt_design: Time (s): cpu = 00:00:29 ; elapsed = 00:00:13 . Memory (MB): peak = 5277.996 ; gain = 0.000 ; free physical = 100383 ; free virtual = 225194
INFO: [Timing 38-480] Writing timing data to binary archive.
Writing XDEF routing.
Writing XDEF routing logical nets.
Writing XDEF routing special nets.
Write XDEF Complete: Time (s): cpu = 00:00:01 ; elapsed = 00:00:00.44 . Memory (MB): peak = 5277.996 ; gain = 0.000 ; free physical = 100357 ; free virtual = 225183
INFO: [Common 17-1381] The checkpoint '/mnt/vault1/mfaroo19/LUNA/quantum-net-final/area-opt/area-opt-classifer/area-opt-classifier.runs/impl_1/nn_classifier_wrapper_physopt.dcp' has been generated.
Command: route_design
Attempting to get a license for feature 'Implementation' and/or device 'xczu49dr'
INFO: [Common 17-349] Got license for feature 'Implementation' and/or device 'xczu49dr'
INFO: [Common 17-1540] The version limit for your license is '2024.12' and has expired for new software. A version limit expiration means that, although you may be able to continue to use the current version of tools or IP with this license, you will not be eligible for new releases.
INFO: [DRC 23-27] Running DRC with 8 threads
INFO: [Vivado_Tcl 4-198] DRC finished with 0 Errors
INFO: [Vivado_Tcl 4-199] Please refer to the DRC report (report_drc) for more information.
Running DRC as a precondition to command route_design
INFO: [DRC 23-27] Running DRC with 8 threads
INFO: [Vivado_Tcl 4-198] DRC finished with 0 Errors
INFO: [Vivado_Tcl 4-199] Please refer to the DRC report (report_drc) for more information.


Starting Routing Task
INFO: [Route 35-254] Multithreading enabled for route_design using a maximum of 8 CPUs

Phase 1 Build RT Design
Checksum: PlaceDB: 9baf60f8 ConstDB: 0 ShapeSum: 4d6d0614 RouteDB: 47e6fb99
Nodegraph reading from file.  Time (s): cpu = 00:00:00.81 ; elapsed = 00:00:00.91 . Memory (MB): peak = 5277.996 ; gain = 0.000 ; free physical = 100175 ; free virtual = 224990
Post Restoration Checksum: NetGraph: b8db0a NumContArr: bc2d60fe Constraints: 30a8ddcb Timing: 0
Phase 1 Build RT Design | Checksum: ed8f19d3

Time (s): cpu = 00:00:09 ; elapsed = 00:00:07 . Memory (MB): peak = 5277.996 ; gain = 0.000 ; free physical = 100291 ; free virtual = 225106

Phase 2 Router Initialization

Phase 2.1 Fix Topology Constraints
Phase 2.1 Fix Topology Constraints | Checksum: ed8f19d3

Time (s): cpu = 00:00:09 ; elapsed = 00:00:07 . Memory (MB): peak = 5277.996 ; gain = 0.000 ; free physical = 100213 ; free virtual = 225027

Phase 2.2 Pre Route Cleanup
Phase 2.2 Pre Route Cleanup | Checksum: ed8f19d3

Time (s): cpu = 00:00:09 ; elapsed = 00:00:07 . Memory (MB): peak = 5277.996 ; gain = 0.000 ; free physical = 100213 ; free virtual = 225028

Phase 2.3 Global Clock Net Routing
 Number of Nodes with overlaps = 0
Phase 2.3 Global Clock Net Routing | Checksum: 18006664f

Time (s): cpu = 00:00:11 ; elapsed = 00:00:08 . Memory (MB): peak = 5396.000 ; gain = 118.004 ; free physical = 99973 ; free virtual = 224788

Phase 2.4 Update Timing
Phase 2.4 Update Timing | Checksum: 18fe66699

Time (s): cpu = 00:00:13 ; elapsed = 00:00:09 . Memory (MB): peak = 5396.000 ; gain = 118.004 ; free physical = 100006 ; free virtual = 224821
INFO: [Route 35-416] Intermediate Timing Summary | WNS=-0.483 | TNS=-697.094| WHS=-0.001 | THS=-0.001 |


Router Utilization Summary
  Global Vertical Routing Utilization    = 0 %
  Global Horizontal Routing Utilization  = 0 %
  Routable Net Status*
  *Does not include unroutable nets such as driverless and loadless.
  Run report_route_status for detailed report.
  Number of Failed Nets               = 10685
    (Failed Nets is the sum of unrouted and partially routed nets)
  Number of Unrouted Nets             = 9851
  Number of Partially Routed Nets     = 834
  Number of Node Overlaps             = 0

Phase 2 Router Initialization | Checksum: 1e477ae50

Time (s): cpu = 00:00:18 ; elapsed = 00:00:10 . Memory (MB): peak = 5405.680 ; gain = 127.684 ; free physical = 100043 ; free virtual = 224857

Phase 3 Initial Routing

Phase 3.1 Global Routing
Phase 3.1 Global Routing | Checksum: 1e477ae50

Time (s): cpu = 00:00:18 ; elapsed = 00:00:10 . Memory (MB): peak = 5405.680 ; gain = 127.684 ; free physical = 100049 ; free virtual = 224864
Phase 3 Initial Routing | Checksum: 179e7c361

Time (s): cpu = 00:00:22 ; elapsed = 00:00:12 . Memory (MB): peak = 5405.680 ; gain = 127.684 ; free physical = 100015 ; free virtual = 224830

Phase 4 Rip-up And Reroute

Phase 4.1 Global Iteration 0
 Number of Nodes with overlaps = 1509
 Number of Nodes with overlaps = 252
 Number of Nodes with overlaps = 56
 Number of Nodes with overlaps = 35
 Number of Nodes with overlaps = 22
 Number of Nodes with overlaps = 5
 Number of Nodes with overlaps = 6
 Number of Nodes with overlaps = 2
 Number of Nodes with overlaps = 2
 Number of Nodes with overlaps = 3
 Number of Nodes with overlaps = 1
 Number of Nodes with overlaps = 1
 Number of Nodes with overlaps = 1
 Number of Nodes with overlaps = 0
INFO: [Route 35-416] Intermediate Timing Summary | WNS=-0.680 | TNS=-1631.355| WHS=0.016  | THS=0.000  |

Phase 4.1 Global Iteration 0 | Checksum: 1494d55d9

Time (s): cpu = 00:01:22 ; elapsed = 00:01:07 . Memory (MB): peak = 5421.688 ; gain = 143.691 ; free physical = 100081 ; free virtual = 224901

Phase 4.2 Global Iteration 1
 Number of Nodes with overlaps = 17
 Number of Nodes with overlaps = 14
 Number of Nodes with overlaps = 8
 Number of Nodes with overlaps = 5
 Number of Nodes with overlaps = 2
 Number of Nodes with overlaps = 0
INFO: [Route 35-416] Intermediate Timing Summary | WNS=-0.637 | TNS=-1553.890| WHS=N/A    | THS=N/A    |

Phase 4.2 Global Iteration 1 | Checksum: 1009b74b7

Time (s): cpu = 00:01:27 ; elapsed = 00:01:12 . Memory (MB): peak = 5421.688 ; gain = 143.691 ; free physical = 100233 ; free virtual = 225061

Phase 4.3 Global Iteration 2
 Number of Nodes with overlaps = 88
 Number of Nodes with overlaps = 7
 Number of Nodes with overlaps = 2
 Number of Nodes with overlaps = 1
 Number of Nodes with overlaps = 1
 Number of Nodes with overlaps = 0
INFO: [Route 35-416] Intermediate Timing Summary | WNS=-0.600 | TNS=-1534.975| WHS=N/A    | THS=N/A    |

Phase 4.3 Global Iteration 2 | Checksum: 2b7ee83ed

Time (s): cpu = 00:01:32 ; elapsed = 00:01:15 . Memory (MB): peak = 5421.688 ; gain = 143.691 ; free physical = 100028 ; free virtual = 224851

Phase 4.4 Global Iteration 3
 Number of Nodes with overlaps = 49
 Number of Nodes with overlaps = 21
 Number of Nodes with overlaps = 3
 Number of Nodes with overlaps = 0
INFO: [Route 35-416] Intermediate Timing Summary | WNS=-0.604 | TNS=-1544.623| WHS=N/A    | THS=N/A    |

Phase 4.4 Global Iteration 3 | Checksum: 1b51d7286

Time (s): cpu = 00:01:35 ; elapsed = 00:01:18 . Memory (MB): peak = 5421.688 ; gain = 143.691 ; free physical = 100105 ; free virtual = 224929
Phase 4 Rip-up And Reroute | Checksum: 1b51d7286

Time (s): cpu = 00:01:35 ; elapsed = 00:01:18 . Memory (MB): peak = 5421.688 ; gain = 143.691 ; free physical = 100110 ; free virtual = 224933

Phase 5 Delay and Skew Optimization

Phase 5.1 Delay CleanUp

Phase 5.1.1 Update Timing
Phase 5.1.1 Update Timing | Checksum: 191b3459b

Time (s): cpu = 00:01:37 ; elapsed = 00:01:19 . Memory (MB): peak = 5421.688 ; gain = 143.691 ; free physical = 100124 ; free virtual = 224947
INFO: [Route 35-416] Intermediate Timing Summary | WNS=-0.600 | TNS=-1534.975| WHS=0.016  | THS=0.000  |


Phase 5.1.2 Update Timing
Phase 5.1.2 Update Timing | Checksum: 26ee0b28b

Time (s): cpu = 00:01:38 ; elapsed = 00:01:19 . Memory (MB): peak = 5421.688 ; gain = 143.691 ; free physical = 100106 ; free virtual = 224929
INFO: [Route 35-416] Intermediate Timing Summary | WNS=-0.600 | TNS=-1534.975| WHS=0.016  | THS=0.000  |

 Number of Nodes with overlaps = 0
Phase 5.1 Delay CleanUp | Checksum: 1e981a9ff

Time (s): cpu = 00:01:39 ; elapsed = 00:01:20 . Memory (MB): peak = 5421.688 ; gain = 143.691 ; free physical = 100107 ; free virtual = 224930

Phase 5.2 Clock Skew Optimization
Phase 5.2 Clock Skew Optimization | Checksum: 1e981a9ff

Time (s): cpu = 00:01:39 ; elapsed = 00:01:20 . Memory (MB): peak = 5421.688 ; gain = 143.691 ; free physical = 100107 ; free virtual = 224930
Phase 5 Delay and Skew Optimization | Checksum: 1e981a9ff

Time (s): cpu = 00:01:39 ; elapsed = 00:01:20 . Memory (MB): peak = 5421.688 ; gain = 143.691 ; free physical = 100107 ; free virtual = 224930

Phase 6 Post Hold Fix

Phase 6.1 Hold Fix Iter

Phase 6.1.1 Update Timing
Phase 6.1.1 Update Timing | Checksum: 1d775b784

Time (s): cpu = 00:01:40 ; elapsed = 00:01:20 . Memory (MB): peak = 5421.688 ; gain = 143.691 ; free physical = 100110 ; free virtual = 224933
INFO: [Route 35-416] Intermediate Timing Summary | WNS=-0.600 | TNS=-1532.361| WHS=0.016  | THS=0.000  |

Phase 6.1 Hold Fix Iter | Checksum: 1d775b784

Time (s): cpu = 00:01:40 ; elapsed = 00:01:20 . Memory (MB): peak = 5421.688 ; gain = 143.691 ; free physical = 100110 ; free virtual = 224933
Phase 6 Post Hold Fix | Checksum: 1d775b784

Time (s): cpu = 00:01:40 ; elapsed = 00:01:20 . Memory (MB): peak = 5421.688 ; gain = 143.691 ; free physical = 100110 ; free virtual = 224933

Phase 7 Route finalize

Router Utilization Summary
  Global Vertical Routing Utilization    = 0.382036 %
  Global Horizontal Routing Utilization  = 0.329991 %
  Routable Net Status*
  *Does not include unroutable nets such as driverless and loadless.
  Run report_route_status for detailed report.
  Number of Failed Nets               = 0
    (Failed Nets is the sum of unrouted and partially routed nets)
  Number of Unrouted Nets             = 0
  Number of Partially Routed Nets     = 0
  Number of Node Overlaps             = 0

Congestion Report
North Dir 1x1 Area, Max Cong = 73.2394%, No Congested Regions.
South Dir 1x1 Area, Max Cong = 72.5118%, No Congested Regions.
East Dir 1x1 Area, Max Cong = 76.9231%, No Congested Regions.
West Dir 1x1 Area, Max Cong = 65.3846%, No Congested Regions.

------------------------------
Reporting congestion hotspots
------------------------------
Direction: North
----------------
Congested clusters found at Level 0
Effective congestion level: 0 Aspect Ratio: 1 Sparse Ratio: 0
Direction: South
----------------
Congested clusters found at Level 0
Effective congestion level: 0 Aspect Ratio: 1 Sparse Ratio: 0
Direction: East
----------------
Congested clusters found at Level 0
Effective congestion level: 0 Aspect Ratio: 1 Sparse Ratio: 0
Direction: West
----------------
Congested clusters found at Level 0
Effective congestion level: 0 Aspect Ratio: 1 Sparse Ratio: 0

Phase 7 Route finalize | Checksum: 25e14ca22

Time (s): cpu = 00:01:41 ; elapsed = 00:01:20 . Memory (MB): peak = 5421.688 ; gain = 143.691 ; free physical = 100122 ; free virtual = 224945

Phase 8 Verifying routed nets

 Verification completed successfully
Phase 8 Verifying routed nets | Checksum: 25e14ca22

Time (s): cpu = 00:01:41 ; elapsed = 00:01:20 . Memory (MB): peak = 5421.688 ; gain = 143.691 ; free physical = 100106 ; free virtual = 224930

Phase 9 Depositing Routes
Phase 9 Depositing Routes | Checksum: 25e14ca22

Time (s): cpu = 00:01:41 ; elapsed = 00:01:21 . Memory (MB): peak = 5421.688 ; gain = 143.691 ; free physical = 100038 ; free virtual = 224861

Phase 10 Resolve XTalk
Phase 10 Resolve XTalk | Checksum: 25e14ca22

Time (s): cpu = 00:01:41 ; elapsed = 00:01:21 . Memory (MB): peak = 5421.688 ; gain = 143.691 ; free physical = 100024 ; free virtual = 224848

Phase 11 Post Router Timing
INFO: [Route 35-57] Estimated Timing Summary | WNS=-0.600 | TNS=-1532.361| WHS=0.016  | THS=0.000  |

WARNING: [Route 35-328] Router estimated timing not met.
Resolution: For a complete and accurate timing signoff, report_timing_summary must be run after route_design. Alternatively, route_design can be run with the -timing_summary option to enable a complete timing signoff at the end of route_design.
Phase 11 Post Router Timing | Checksum: 25e14ca22

Time (s): cpu = 00:01:42 ; elapsed = 00:01:21 . Memory (MB): peak = 5421.688 ; gain = 143.691 ; free physical = 99854 ; free virtual = 224677
Time taken to check if laguna hold fix is required (in secs): 0

Phase 12 Physical Synthesis in Router

Phase 12.1 Physical Synthesis Initialization
INFO: [Physopt 32-668] Current Timing Summary | WNS=-0.601 | TNS=-1529.186 | WHS=0.016 | THS=0.000 |
Phase 12.1 Physical Synthesis Initialization | Checksum: 25e14ca22

Time (s): cpu = 00:01:53 ; elapsed = 00:01:29 . Memory (MB): peak = 5421.688 ; gain = 143.691 ; free physical = 99796 ; free virtual = 224620
WARNING: [Physopt 32-745] Physical Optimization has determined that the magnitude of the negative slack is too large and it is highly unlikely that slack will be improved. Post-Route Physical Optimization is most effective when WNS is above -0.5ns

Phase 12.2 Critical Path Optimization
INFO: [Physopt 32-668] Current Timing Summary | WNS=-0.601 | TNS=-1529.186 | WHS=0.016 | THS=0.000 |
INFO: [Physopt 32-952] Improved path group WNS = -0.578. Path group: ap_clk. Processed net: q_memory_reg_n_0_[346][3].
INFO: [Physopt 32-952] Improved path group WNS = -0.575. Path group: ap_clk. Processed net: i_memory_reg_n_0_[74][3].
INFO: [Physopt 32-952] Improved path group WNS = -0.567. Path group: ap_clk. Processed net: q_memory_reg_n_0_[74][1].
INFO: [Physopt 32-953] Path group WNS did not improve. Path group: ap_clk. Processed net: i_memory_reg_n_0_[39][0].
INFO: [Physopt 32-953] Path group WNS did not improve. Path group: ap_clk. Processed net: load_count[3]_repN.
INFO: [Physopt 32-953] Path group WNS did not improve. Path group: ap_clk. Processed net: i_memory[36][4]_i_2_n_0.
INFO: [Physopt 32-668] Current Timing Summary | WNS=-0.567 | TNS=-1528.746 | WHS=0.016 | THS=0.000 |
Phase 12.2 Critical Path Optimization | Checksum: 13a3ffed9

Time (s): cpu = 00:01:55 ; elapsed = 00:01:30 . Memory (MB): peak = 5421.688 ; gain = 143.691 ; free physical = 99743 ; free virtual = 224566
Netlist sorting complete. Time (s): cpu = 00:00:00 ; elapsed = 00:00:00 . Memory (MB): peak = 5421.688 ; gain = 0.000 ; free physical = 99760 ; free virtual = 224584
INFO: [Physopt 32-669] Post Physical Optimization Timing Summary | WNS=-0.567 | TNS=-1528.746 | WHS=0.016 | THS=0.000 |
Phase 12 Physical Synthesis in Router | Checksum: 13a3ffed9

Time (s): cpu = 00:01:55 ; elapsed = 00:01:31 . Memory (MB): peak = 5421.688 ; gain = 143.691 ; free physical = 99776 ; free virtual = 224600
INFO: [Route 35-16] Router Completed Successfully

Time (s): cpu = 00:01:55 ; elapsed = 00:01:31 . Memory (MB): peak = 5421.688 ; gain = 143.691 ; free physical = 99905 ; free virtual = 224729
INFO: [Common 17-83] Releasing license: Implementation
244 Infos, 2 Warnings, 0 Critical Warnings and 0 Errors encountered.
route_design completed successfully
route_design: Time (s): cpu = 00:01:58 ; elapsed = 00:01:32 . Memory (MB): peak = 5421.688 ; gain = 143.691 ; free physical = 99905 ; free virtual = 224729
INFO: [Timing 38-480] Writing timing data to binary archive.
Writing XDEF routing.
Writing XDEF routing logical nets.
Writing XDEF routing special nets.
Write XDEF Complete: Time (s): cpu = 00:00:01 ; elapsed = 00:00:00.49 . Memory (MB): peak = 5421.895 ; gain = 0.207 ; free physical = 99882 ; free virtual = 224721
INFO: [Common 17-1381] The checkpoint '/mnt/vault1/mfaroo19/LUNA/quantum-net-final/area-opt/area-opt-classifer/area-opt-classifier.runs/impl_1/nn_classifier_wrapper_routed.dcp' has been generated.
INFO: [runtcl-4] Executing : report_drc -file nn_classifier_wrapper_drc_routed.rpt -pb nn_classifier_wrapper_drc_routed.pb -rpx nn_classifier_wrapper_drc_routed.rpx
Command: report_drc -file nn_classifier_wrapper_drc_routed.rpt -pb nn_classifier_wrapper_drc_routed.pb -rpx nn_classifier_wrapper_drc_routed.rpx
INFO: [IP_Flow 19-1839] IP Catalog is up to date.
INFO: [DRC 23-27] Running DRC with 8 threads
INFO: [Vivado_Tcl 2-168] The results of DRC are in file /mnt/vault1/mfaroo19/LUNA/quantum-net-final/area-opt/area-opt-classifer/area-opt-classifier.runs/impl_1/nn_classifier_wrapper_drc_routed.rpt.
report_drc completed successfully
INFO: [runtcl-4] Executing : report_methodology -file nn_classifier_wrapper_methodology_drc_routed.rpt -pb nn_classifier_wrapper_methodology_drc_routed.pb -rpx nn_classifier_wrapper_methodology_drc_routed.rpx
Command: report_methodology -file nn_classifier_wrapper_methodology_drc_routed.rpt -pb nn_classifier_wrapper_methodology_drc_routed.pb -rpx nn_classifier_wrapper_methodology_drc_routed.rpx
INFO: [Timing 38-35] Done setting XDC timing constraints.
INFO: [DRC 23-133] Running Methodology with 8 threads
INFO: [Vivado_Tcl 2-1520] The results of Report Methodology are in file /mnt/vault1/mfaroo19/LUNA/quantum-net-final/area-opt/area-opt-classifer/area-opt-classifier.runs/impl_1/nn_classifier_wrapper_methodology_drc_routed.rpt.
report_methodology completed successfully
INFO: [runtcl-4] Executing : report_power -file nn_classifier_wrapper_power_routed.rpt -pb nn_classifier_wrapper_power_summary_routed.pb -rpx nn_classifier_wrapper_power_routed.rpx
Command: report_power -file nn_classifier_wrapper_power_routed.rpt -pb nn_classifier_wrapper_power_summary_routed.pb -rpx nn_classifier_wrapper_power_routed.rpx
INFO: [Timing 38-35] Done setting XDC timing constraints.
Running Vector-less Activity Propagation...

Finished Running Vector-less Activity Propagation
256 Infos, 2 Warnings, 0 Critical Warnings and 0 Errors encountered.
report_power completed successfully
INFO: [runtcl-4] Executing : report_route_status -file nn_classifier_wrapper_route_status.rpt -pb nn_classifier_wrapper_route_status.pb
INFO: [runtcl-4] Executing : report_timing_summary -max_paths 10 -report_unconstrained -file nn_classifier_wrapper_timing_summary_routed.rpt -pb nn_classifier_wrapper_timing_summary_routed.pb -rpx nn_classifier_wrapper_timing_summary_routed.rpx -warn_on_violation 
INFO: [Timing 38-91] UpdateTimingParams: Speed grade: -2, Temperature grade: E, Delay Type: min_max.
INFO: [Timing 38-191] Multithreading enabled for timing update using a maximum of 8 CPUs
CRITICAL WARNING: [Timing 38-282] The design failed to meet the timing requirements. Please see the timing summary report for details on the timing violations.
INFO: [runtcl-4] Executing : report_incremental_reuse -file nn_classifier_wrapper_incremental_reuse_routed.rpt
INFO: [Vivado_Tcl 4-1062] Incremental flow is disabled. No incremental reuse Info to report.
INFO: [runtcl-4] Executing : report_clock_utilization -file nn_classifier_wrapper_clock_utilization_routed.rpt
report_clock_utilization: Time (s): cpu = 00:00:05 ; elapsed = 00:00:06 . Memory (MB): peak = 5484.082 ; gain = 0.000 ; free physical = 99972 ; free virtual = 224804
INFO: [runtcl-4] Executing : report_bus_skew -warn_on_violation -file nn_classifier_wrapper_bus_skew_routed.rpt -pb nn_classifier_wrapper_bus_skew_routed.pb -rpx nn_classifier_wrapper_bus_skew_routed.rpx
INFO: [Timing 38-91] UpdateTimingParams: Speed grade: -2, Temperature grade: E, Delay Type: min_max.
INFO: [Timing 38-191] Multithreading enabled for timing update using a maximum of 8 CPUs
INFO: [Common 17-206] Exiting Vivado at Tue May 12 13:18:23 2026...
[Tue May 12 13:18:29 2026] impl_1 finished
wait_on_runs: Time (s): cpu = 00:00:00.82 ; elapsed = 00:04:05 . Memory (MB): peak = 1728.484 ; gain = 0.000 ; free physical = 103855 ; free virtual = 228687
# open_run impl_1
INFO: [Device 21-403] Loading part xczu49dr-ffvf1760-2-e
Netlist sorting complete. Time (s): cpu = 00:00:00.03 ; elapsed = 00:00:00.03 . Memory (MB): peak = 2703.680 ; gain = 0.000 ; free physical = 102949 ; free virtual = 227781
INFO: [Netlist 29-17] Analyzing 512 Unisim elements for replacement
INFO: [Netlist 29-28] Unisim Transformation completed in 0 CPU seconds
INFO: [Project 1-479] Netlist was created with Vivado 2022.2
INFO: [Project 1-570] Preparing netlist for logic optimization
INFO: [Timing 38-478] Restoring timing data from binary archive.
INFO: [Timing 38-479] Binary timing data restore complete.
INFO: [Project 1-856] Restoring constraints from binary archive.
INFO: [Project 1-853] Binary constraint restore complete.
Reading XDEF placement.
Reading placer database...
Reading XDEF routing.
Read XDEF Files: Time (s): cpu = 00:00:00.49 ; elapsed = 00:00:00.55 . Memory (MB): peak = 3300.023 ; gain = 25.812 ; free physical = 102532 ; free virtual = 227365
Restored from archive | CPU: 0.550000 secs | Memory: 13.710602 MB |
Finished XDEF File Restore: Time (s): cpu = 00:00:00.5 ; elapsed = 00:00:00.55 . Memory (MB): peak = 3300.023 ; gain = 25.812 ; free physical = 102532 ; free virtual = 227365
Netlist sorting complete. Time (s): cpu = 00:00:00 ; elapsed = 00:00:00 . Memory (MB): peak = 3525.594 ; gain = 0.000 ; free physical = 102330 ; free virtual = 227163
INFO: [Project 1-111] Unisim Transformation Summary:
  A total of 14 instances were transformed.
  IBUF => IBUF (IBUFCTRL, INBUF): 14 instances

open_run: Time (s): cpu = 00:00:13 ; elapsed = 00:00:19 . Memory (MB): peak = 3525.594 ; gain = 1797.109 ; free physical = 102330 ; free virtual = 227163
# report_utilization -file ./util_project.rpt
# report_timing_summary -file ./timing_project.rpt
INFO: [Timing 38-91] UpdateTimingParams: Speed grade: -2, Temperature grade: E, Delay Type: min_max.
INFO: [Timing 38-191] Multithreading enabled for timing update using a maximum of 8 CPUs
# save_project
ERROR: [Common 17-163] Missing value for option 'name', please type 'save_project_as -help' for usage info.
INFO: [Common 17-206] Exiting Vivado at Tue May 12 13:18:49 2026...
